# FluidEQ room head v1 small
rate 44100 directions 24 taps 256
0.000195159 -0.000172994 0.000348921 -0.000344683 0.000471673 -0.000620042 0.000735683 -0.00103665 0.00121192 -0.00100234 0.000247560 0.0560585 0.149399 -0.101898 -0.0293080 0.0121447 -0.0951999 0.152913 0.0902969 0.0695426 0.264053 0.104642 -0.182933 0.0289939 -0.00844840 -0.273788 -0.114607 0.00355226 -0.131618 -0.0497740 0.0586719 0.00238455 0.0234694 0.0829399 0.0535633 0.0276476 0.0497241 0.00981209 -0.0198837 0.0154421 0.00922443 -0.0307598 -0.0242404 -0.0211419 -0.0369410 -0.0515534 -0.0465606 -0.0391693 -0.0239327 -0.00308364 0.00231522 0.00520624 0.0171776 0.0272511 0.0226705 0.0146583 0.0121079 0.00623221 -0.00322382 -0.00456709 -0.00753634 -0.0154326 -0.0134176 -0.0141751 -0.0175201 -0.0132330 -0.0103319 -0.0115402 -0.00597367 0.000301514 0.00201443 0.00466040 0.00941122 0.00960710 0.00362768 -0.000434015 -0.000201390 -0.00164696 -0.00577942 -0.00517947 -0.00616637 -0.00746376 -0.00483192 -0.00298294 -0.00347944 -0.00165677 0.000159446 -0.00345969 -0.00409442 0.000293814 0.00135770 0.000332366 0.000671653 -0.000549177 -0.00275361 -0.00225369 -0.00308550 -0.00368797 -0.00345818 -0.00446050 -0.00405911 -0.00102437 0.00127786 0.000884679 -0.000632016 -0.000694628 -0.00131976 -0.00363751 -0.00364269 -0.00300056 -0.00366903 -0.00296378 -0.00142643 -0.000900211 -0.000389563 -0.000586149 -0.00115475 -0.000913102 -0.000793353 -0.00129374 -0.000336789 0.00000 0.00000 0.00000 0.00000 0.00000 0.00000 0.00000 0.00000 0.00000 0.00000 0.00000 0.00000 0.00000 0.00000 0.00000 0.00000 0.00000 0.00000 0.00000 0.00000 0.00000 0.00000 0.00000 0.00000 0.00000 0.00000 0.00000 0.00000 0.00000 0.00000 0.00000 0.00000 0.00000 0.00000 0.00000 0.00000 0.00000 0.00000 0.00000 0.00000 0.00000 0.00000 0.00000 0.00000 0.00000 0.00000 0.00000 0.00000 0.00000 0.00000 0.00000 0.00000 0.00000 0.00000 0.00000 0.00000 0.00000 0.00000 0.00000 0.00000 0.00000 0.00000 0.00000 0.00000 0.00000 0.00000 0.00000 0.00000 0.00000 0.00000 0.00000 0.00000 0.00000 0.00000 0.00000 0.00000 0.00000 0.00000 0.00000 0.00000 0.00000 0.00000 0.00000 0.00000 0.00000 0.00000 0.00000 0.00000 0.00000 0.00000 0.00000 0.00000 0.00000 0.00000 0.00000 0.00000 0.00000 0.00000 0.00000 0.00000 0.00000 0.00000 0.00000 0.00000 0.00000 0.00000 0.00000 0.00000 0.00000 0.00000 0.00000 0.00000 0.00000 0.00000 0.00000 0.00000 0.00000 0.00000 0.00000 0.00000 0.00000 0.00000 0.00000 0.00000 0.00000 0.00000 0.00000 0.00000 0.00000 0.00000 0.00000 0.00000 0.00000 0.00000 0.00000 0.000195159 -0.000172994 0.000348921 -0.000344683 0.000471673 -0.000620042 0.000735683 -0.00103665 0.00121192 -0.00100234 0.000247560 0.0560585 0.149399 -0.101898 -0.0293080 0.0121447 -0.0951999 0.152913 0.0902969 0.0695426 0.264053 0.104642 -0.182933 0.0289939 -0.00844840 -0.273788 -0.114607 0.00355226 -0.131618 -0.0497740 0.0586719 0.00238455 0.0234694 0.0829399 0.0535633 0.0276476 0.0497241 0.00981209 -0.0198837 0.0154421 0.00922443 -0.0307598 -0.0242404 -0.0211419 -0.0369410 -0.0515534 -0.0465606 -0.0391693 -0.0239327 -0.00308364 0.00231522 0.00520624 0.0171776 0.0272511 0.0226705 0.0146583 0.0121079 0.00623221 -0.00322382 -0.00456709 -0.00753634 -0.0154326 -0.0134176 -0.0141751 -0.0175201 -0.0132330 -0.0103319 -0.0115402 -0.00597367 0.000301514 0.00201443 0.00466040 0.00941122 0.00960710 0.00362768 -0.000434015 -0.000201390 -0.00164696 -0.00577942 -0.00517947 -0.00616637 -0.00746376 -0.00483192 -0.00298294 -0.00347944 -0.00165677 0.000159446 -0.00345969 -0.00409442 0.000293814 0.00135770 0.000332366 0.000671653 -0.000549177 -0.00275361 -0.00225369 -0.00308550 -0.00368797 -0.00345818 -0.00446050 -0.00405911 -0.00102437 0.00127786 0.000884679 -0.000632016 -0.000694628 -0.00131976 -0.00363751 -0.00364269 -0.00300056 -0.00366903 -0.00296378 -0.00142643 -0.000900211 -0.000389563 -0.000586149 -0.00115475 -0.000913102 -0.000793353 -0.00129374 -0.000336789 0.00000 0.00000 0.00000 0.00000 0.00000 0.00000 0.00000 0.00000 0.00000 0.00000 0.00000 0.00000 0.00000 0.00000 0.00000 0.00000 0.00000 0.00000 0.00000 0.00000 0.00000 0.00000 0.00000 0.00000 0.00000 0.00000 0.00000 0.00000 0.00000 0.00000 0.00000 0.00000 0.00000 0.00000 0.00000 0.00000 0.00000 0.00000 0.00000 0.00000 0.00000 0.00000 0.00000 0.00000 0.00000 0.00000 0.00000 0.00000 0.00000 0.00000 0.00000 0.00000 0.00000 0.00000 0.00000 0.00000 0.00000 0.00000 0.00000 0.00000 0.00000 0.00000 0.00000 0.00000 0.00000 0.00000 0.00000 0.00000 0.00000 0.00000 0.00000 0.00000 0.00000 0.00000 0.00000 0.00000 0.00000 0.00000 0.00000 0.00000 0.00000 0.00000 0.00000 0.00000 0.00000 0.00000 0.00000 0.00000 0.00000 0.00000 0.00000 0.00000 0.00000 0.00000 0.00000 0.00000 0.00000 0.00000 0.00000 0.00000 0.00000 0.00000 0.00000 0.00000 0.00000 0.00000 0.00000 0.00000 0.00000 0.00000 0.00000 0.00000 0.00000 0.00000 0.00000 0.00000 0.00000 0.00000 0.00000 0.00000 0.00000 0.00000 0.00000 0.00000 0.00000 0.00000 0.00000 0.00000 0.00000 0.00000 0.00000 0.00000 0.00000 0.00000 0.00000
0.000170896 -0.000266763 0.000290278 -0.000284492 0.000382431 -0.000404436 0.000535943 -0.000630600 0.000660566 -0.000828883 0.000911337 -0.00127605 0.00192470 0.00139196 0.0749579 0.0680423 -0.0813626 0.0202366 -0.0304941 -0.0282288 0.113256 0.0555538 0.0909052 0.194315 0.0349662 -0.0993187 0.0309792 -0.0538238 -0.180380 -0.0592472 -0.0238789 -0.0945277 -0.0195610 0.0280224 -0.00401709 0.0175567 0.0527684 0.0291145 0.0272884 0.0436544 0.0114829 -0.00677055 0.0148328 0.00458678 -0.0165364 -0.0170541 -0.0261081 -0.0384904 -0.0376470 -0.0296643 -0.0243299 -0.0123762 0.00153246 0.00718555 0.00638385 0.00448331 0.00527785 0.00439694 0.00266461 0.000843273 -0.00196306 -0.00435097 -0.00431484 -0.00792003 -0.0132230 -0.0104863 -0.00959608 -0.00913861 -0.00418105 -0.00223722 -0.00261212 -0.000386186 0.00213681 0.00201439 0.00182313 0.00270701 0.00170313 -0.00182249 -0.00388034 -0.00340511 -0.00487800 -0.00484810 -0.00261116 -0.00307318 -0.00405106 -0.00220642 -0.00205529 -0.00294116 -0.00200674 -0.00189496 -0.00351993 -0.00228521 0.000607713 0.000155300 -0.000568006 -0.00124335 -0.00258556 -0.00341380 -0.00283345 -0.00320331 -0.00261275 -0.00205436 -0.00244924 -0.00182447 -0.000303744 0.000936235 0.000269279 -0.000897325 -0.00149233 -0.00177803 -0.00267902 -0.00317967 -0.00397386 -0.00451426 -0.00317052 -0.00241172 -0.00202428 -0.00154678 -0.00106041 -0.00130685 -0.000367426 0.00000 0.00000 0.00000 0.00000 0.00000 0.00000 0.00000 0.00000 0.00000 0.00000 0.00000 0.00000 0.00000 0.00000 0.00000 0.00000 0.00000 0.00000 0.00000 0.00000 0.00000 0.00000 0.00000 0.00000 0.00000 0.00000 0.00000 0.00000 0.00000 0.00000 0.00000 0.00000 0.00000 0.00000 0.00000 0.00000 0.00000 0.00000 0.00000 0.00000 0.00000 0.00000 0.00000 0.00000 0.00000 0.00000 0.00000 0.00000 0.00000 0.00000 0.00000 0.00000 0.00000 0.00000 0.00000 0.00000 0.00000 0.00000 0.00000 0.00000 0.00000 0.00000 0.00000 0.00000 0.00000 0.00000 0.00000 0.00000 0.00000 0.00000 0.00000 0.00000 0.00000 0.00000 0.00000 0.00000 0.00000 0.00000 0.00000 0.00000 0.00000 0.00000 0.00000 0.00000 0.00000 0.00000 0.00000 0.00000 0.00000 0.00000 0.00000 0.00000 0.00000 0.00000 0.00000 0.00000 0.00000 0.00000 0.00000 0.00000 0.00000 0.00000 0.00000 0.00000 0.00000 0.00000 0.00000 0.00000 0.00000 0.00000 0.00000 0.00000 0.00000 0.00000 0.00000 0.00000 0.00000 0.00000 0.00000 0.00000 0.00000 0.00000 0.00000 0.00000 0.00000 0.00000 0.00000 0.00000 0.00000 0.00000 0.00000 0.00000 0.00000 0.00000 0.00000 -0.00119955 0.00168997 -0.00217588 0.00249203 -0.00305481 0.00341805 -0.00427553 0.00563968 -0.00304801 0.153386 0.114643 -0.207105 0.0406253 -0.0927495 0.0246765 0.224780 0.0239620 0.228352 0.319745 -0.143380 -0.180720 0.121279 -0.212257 -0.284525 -0.000365069 -0.0712101 -0.155622 0.0457627 0.0387697 -0.0167957 0.0663906 0.105602 0.0436195 0.0574585 0.0591719 -0.0346717 -0.0340497 0.0338617 -0.00339132 -0.0366553 -0.0162636 -0.0346717 -0.0525337 -0.0540069 -0.0662327 -0.0680771 -0.0287312 0.00212815 0.0136402 0.0227760 0.0360592 0.0430317 0.0316803 0.0197699 0.0135336 0.00390234 -0.00272832 -0.00327150 -0.0131806 -0.0171128 -0.0135703 -0.0198346 -0.0187338 -0.0119979 -0.0163039 -0.0154570 -0.00489800 -0.000494523 0.00134413 0.00674702 0.0125240 0.0110942 0.00431985 0.00138750 0.00192473 -0.00246077 -0.00434934 -0.00320447 -0.00837731 -0.00912554 -0.00652512 -0.00788959 -0.00683160 -0.00109769 -0.00104208 -0.00428307 -0.000218102 0.00525721 0.00448140 0.00330565 0.00179130 -0.00116978 -0.00183861 -0.00182144 -0.00478834 -0.00490357 -0.00583239 -0.00757039 -0.00575913 -0.00164208 0.000533855 -0.000616133 -0.00209003 -0.00118185 -0.00142286 -0.00268490 -0.00113430 -0.00211534 -0.00318846 -0.00208528 -0.00120760 -0.000390368 0.000764278 0.000202094 -0.00102290 -0.000924279 -0.00136953 -0.00143346 -0.000989322 -0.00128108 -0.000316013 0.00000 0.00000 0.00000 0.00000 0.00000 0.00000 0.00000 0.00000 0.00000 0.00000 0.00000 0.00000 0.00000 0.00000 0.00000 0.00000 0.00000 0.00000 0.00000 0.00000 0.00000 0.00000 0.00000 0.00000 0.00000 0.00000 0.00000 0.00000 0.00000 0.00000 0.00000 0.00000 0.00000 0.00000 0.00000 0.00000 0.00000 0.00000 0.00000 0.00000 0.00000 0.00000 0.00000 0.00000 0.00000 0.00000 0.00000 0.00000 0.00000 0.00000 0.00000 0.00000 0.00000 0.00000 0.00000 0.00000 0.00000 0.00000 0.00000 0.00000 0.00000 0.00000 0.00000 0.00000 0.00000 0.00000 0.00000 0.00000 0.00000 0.00000 0.00000 0.00000 0.00000 0.00000 0.00000 0.00000 0.00000 0.00000 0.00000 0.00000 0.00000 0.00000 0.00000 0.00000 0.00000 0.00000 0.00000 0.00000 0.00000 0.00000 0.00000 0.00000 0.00000 0.00000 0.00000 0.00000 0.00000 0.00000 0.00000 0.00000 0.00000 0.00000 0.00000 0.00000 0.00000 0.00000 0.00000 0.00000 0.00000 0.00000 0.00000 0.00000 0.00000 0.00000 0.00000 0.00000 0.00000 0.00000 0.00000 0.00000 0.00000 0.00000 0.00000 0.00000 0.00000 0.00000 0.00000 0.00000 0.00000 0.00000 0.00000 0.00000 0.00000 0.00000 0.00000
-0.000120433 0.0000795570 -0.000109690 0.000118766 -0.000199801 0.000206801 -0.000219152 0.000297997 -0.000329777 0.000440650 -0.000520886 0.000643548 -0.000768750 0.000750668 -0.000723744 0.00142475 0.00345019 0.0602526 0.0349780 -0.0476973 0.0198052 -0.0258092 -0.00359040 0.0732339 0.0407936 0.0768839 0.141135 0.0242254 -0.0515953 0.0310583 -0.0396294 -0.115658 -0.0400160 -0.0315679 -0.0714978 -0.0230550 0.00480637 -0.00525739 0.0124139 0.0370891 0.0275493 0.0288344 0.0344298 0.0119211 0.00383452 0.0143132 0.00100583 -0.0131405 -0.0123377 -0.0153973 -0.0260241 -0.0312928 -0.0288730 -0.0243737 -0.0169053 -0.00970145 -0.00476586 -0.00103680 0.000925584 0.00183631 0.00112065 0.00132836 0.00352085 0.00160073 -0.00111999 -0.00107724 -0.00437192 -0.00818475 -0.00777713 -0.00869350 -0.00828967 -0.00377860 -0.00161996 -0.00213448 -0.00119895 -0.000135356 -0.000543425 0.0000380505 0.00131990 0.0000859863 -0.00244510 -0.00347603 -0.00288683 -0.00389703 -0.00423031 -0.00322177 -0.00385098 -0.00420649 -0.00292694 -0.00210471 -0.00174630 -0.000248444 -0.000129195 -0.00173735 -0.00170476 -0.000876573 -0.00140147 -0.00169435 -0.00151197 -0.00239085 -0.00286213 -0.00297297 -0.00299893 -0.00255888 -0.00246910 -0.00289604 -0.00214056 -0.00103608 -0.000747810 -0.00102588 -0.00108793 -0.000716655 -0.000802699 -0.00129470 -0.00146755 -0.00214313 -0.00289128 -0.00331355 -0.00295120 -0.00290359 -0.000729219 0.00000 0.00000 0.00000 0.00000 0.00000 0.00000 0.00000 0.00000 0.00000 0.00000 0.00000 0.00000 0.00000 0.00000 0.00000 0.00000 0.00000 0.00000 0.00000 0.00000 0.00000 0.00000 0.00000 0.00000 0.00000 0.00000 0.00000 0.00000 0.00000 0.00000 0.00000 0.00000 0.00000 0.00000 0.00000 0.00000 0.00000 0.00000 0.00000 0.00000 0.00000 0.00000 0.00000 0.00000 0.00000 0.00000 0.00000 0.00000 0.00000 0.00000 0.00000 0.00000 0.00000 0.00000 0.00000 0.00000 0.00000 0.00000 0.00000 0.00000 0.00000 0.00000 0.00000 0.00000 0.00000 0.00000 0.00000 0.00000 0.00000 0.00000 0.00000 0.00000 0.00000 0.00000 0.00000 0.00000 0.00000 0.00000 0.00000 0.00000 0.00000 0.00000 0.00000 0.00000 0.00000 0.00000 0.00000 0.00000 0.00000 0.00000 0.00000 0.00000 0.00000 0.00000 0.00000 0.00000 0.00000 0.00000 0.00000 0.00000 0.00000 0.00000 0.00000 0.00000 0.00000 0.00000 0.00000 0.00000 0.00000 0.00000 0.00000 0.00000 0.00000 0.00000 0.00000 0.00000 0.00000 0.00000 0.00000 0.00000 0.00000 0.00000 0.00000 0.00000 0.00000 0.00000 0.00000 0.00000 0.00000 0.00000 0.00000 0.00000 0.00000 0.00000 0.00000 -0.00251490 0.00307650 -0.00417471 0.00472284 -0.00588348 0.00720436 0.000377549 0.197938 0.114213 -0.229923 -0.0421056 -0.0608573 0.121531 0.146741 0.0960693 0.375496 0.201910 -0.213279 -0.0750220 -0.00639301 -0.279903 -0.202091 -0.0621168 -0.0982269 -0.0837718 0.0552463 0.0173999 0.0145428 0.0890050 0.0879416 0.0369590 0.0424772 0.0214490 -0.0231897 0.00269659 0.0326836 -0.00188018 -0.0247122 -0.0215336 -0.0409770 -0.0823675 -0.110554 -0.0799544 -0.0342270 -0.00909151 0.00699067 0.0238848 0.0376073 0.0463862 0.0432895 0.0282204 0.0179345 0.0106288 0.000877547 -0.00548327 -0.00773580 -0.0167981 -0.0187237 -0.0180860 -0.0235838 -0.0181221 -0.0114610 -0.0119490 -0.00828231 -0.00160677 0.000767057 0.00453188 0.0114367 0.0140823 0.00753260 0.00101889 -0.000462846 -0.00104353 -0.00250865 -0.00321805 -0.00605535 -0.0117784 -0.0102034 -0.00710192 -0.00652547 -0.00344768 -0.000139197 -0.00178195 -0.00325843 0.00247775 0.00699338 0.00605249 0.00424877 0.000831867 -0.00251739 -0.00249782 -0.00326169 -0.00552156 -0.00605909 -0.00920944 -0.0100994 -0.00556462 -0.000318378 0.00193012 0.000549325 -0.00146225 -0.00208373 -0.00257150 -0.00227111 -0.00112137 -0.00266822 -0.00311415 -0.00187917 -0.000962122 -0.000350957 -0.000118577 -0.00151699 -0.00303349 -0.00282399 -0.000849184 0.00146674 0.00222482 0.00110034 0.000332056 -0.000728138 -0.000326266 0.00000 0.00000 0.00000 0.00000 0.00000 0.00000 0.00000 0.00000 0.00000 0.00000 0.00000 0.00000 0.00000 0.00000 0.00000 0.00000 0.00000 0.00000 0.00000 0.00000 0.00000 0.00000 0.00000 0.00000 0.00000 0.00000 0.00000 0.00000 0.00000 0.00000 0.00000 0.00000 0.00000 0.00000 0.00000 0.00000 0.00000 0.00000 0.00000 0.00000 0.00000 0.00000 0.00000 0.00000 0.00000 0.00000 0.00000 0.00000 0.00000 0.00000 0.00000 0.00000 0.00000 0.00000 0.00000 0.00000 0.00000 0.00000 0.00000 0.00000 0.00000 0.00000 0.00000 0.00000 0.00000 0.00000 0.00000 0.00000 0.00000 0.00000 0.00000 0.00000 0.00000 0.00000 0.00000 0.00000 0.00000 0.00000 0.00000 0.00000 0.00000 0.00000 0.00000 0.00000 0.00000 0.00000 0.00000 0.00000 0.00000 0.00000 0.00000 0.00000 0.00000 0.00000 0.00000 0.00000 0.00000 0.00000 0.00000 0.00000 0.00000 0.00000 0.00000 0.00000 0.00000 0.00000 0.00000 0.00000 0.00000 0.00000 0.00000 0.00000 0.00000 0.00000 0.00000 0.00000 0.00000 0.00000 0.00000 0.00000 0.00000 0.00000 0.00000 0.00000 0.00000 0.00000 0.00000 0.00000 0.00000 0.00000 0.00000 0.00000 0.00000 0.00000 0.00000
0.0000884037 -0.0000392674 0.0000443759 -0.0000518511 0.0000382348 -0.0000292671 0.0000625094 -0.000107300 0.000153814 -0.000125510 0.000169762 -0.0000836805 0.000198087 -0.000217846 0.000364348 -0.000298250 0.000426215 -0.000181214 0.000745574 0.00156210 0.0347991 0.0344315 -0.0253880 0.0116239 -0.00273960 -0.0120632 0.0402988 0.0340844 0.0477040 0.103281 0.0525363 -0.0205345 0.0207488 -0.00475201 -0.0708566 -0.0391451 -0.0262010 -0.0620125 -0.0307873 0.000606580 -0.00475139 0.00855789 0.0333012 0.0281363 0.0227351 0.0299213 0.0182508 0.00583937 0.00522755 -0.00183016 -0.0143162 -0.0186356 -0.0203364 -0.0277358 -0.0353848 -0.0337225 -0.0270693 -0.0182182 -0.00757387 -0.000836003 0.00546752 0.0114568 0.0133133 0.0101943 0.00604594 0.00349991 -0.000975934 -0.00607165 -0.00827789 -0.00944862 -0.0113989 -0.0105917 -0.00981206 -0.00793135 -0.00461358 -0.00155381 -0.000856207 0.000298097 0.00145820 0.00128012 0.00117533 0.00101793 0.000314054 -0.00163758 -0.00319147 -0.00388767 -0.00459736 -0.00480749 -0.00379357 -0.00368716 -0.00375100 -0.00256032 -0.00193538 -0.00195200 -0.00105066 -0.000586543 -0.00146214 -0.00166666 -0.000791672 -0.00118397 -0.00161966 -0.00140178 -0.00153080 -0.00256997 -0.00290214 -0.00301380 -0.00301798 -0.00332599 -0.00310882 -0.00239328 -0.00147711 -0.000468007 -0.0000506632 -0.0000863770 -0.000126367 -0.000429473 -0.00125605 -0.00167213 -0.00171209 -0.00250766 -0.000732170 0.00000 0.00000 0.00000 0.00000 0.00000 0.00000 0.00000 0.00000 0.00000 0.00000 0.00000 0.00000 0.00000 0.00000 0.00000 0.00000 0.00000 0.00000 0.00000 0.00000 0.00000 0.00000 0.00000 0.00000 0.00000 0.00000 0.00000 0.00000 0.00000 0.00000 0.00000 0.00000 0.00000 0.00000 0.00000 0.00000 0.00000 0.00000 0.00000 0.00000 0.00000 0.00000 0.00000 0.00000 0.00000 0.00000 0.00000 0.00000 0.00000 0.00000 0.00000 0.00000 0.00000 0.00000 0.00000 0.00000 0.00000 0.00000 0.00000 0.00000 0.00000 0.00000 0.00000 0.00000 0.00000 0.00000 0.00000 0.00000 0.00000 0.00000 0.00000 0.00000 0.00000 0.00000 0.00000 0.00000 0.00000 0.00000 0.00000 0.00000 0.00000 0.00000 0.00000 0.00000 0.00000 0.00000 0.00000 0.00000 0.00000 0.00000 0.00000 0.00000 0.00000 0.00000 0.00000 0.00000 0.00000 0.00000 0.00000 0.00000 0.00000 0.00000 0.00000 0.00000 0.00000 0.00000 0.00000 0.00000 0.00000 0.00000 0.00000 0.00000 0.00000 0.00000 0.00000 0.00000 0.00000 0.00000 0.00000 0.00000 0.00000 0.00000 0.00000 0.00000 0.00000 0.00000 0.00000 0.00000 0.00000 0.00000 0.00000 0.00000 0.00000 0.00000 0.00000 -0.00272877 0.00351016 -0.00455547 0.00609785 -0.00724162 0.151982 0.218862 -0.190648 -0.183923 -0.0130927 0.136669 0.0747085 0.175703 0.438777 0.0954616 -0.148237 0.000369862 -0.0976251 -0.214387 -0.158868 -0.189945 -0.108757 -0.0549726 0.00272388 0.00975853 0.0787081 0.100380 0.0205078 0.0349375 0.0761121 0.0236023 -0.00845772 0.00209169 0.0113107 0.00565585 -0.0101741 -0.0451756 -0.0991033 -0.0933946 -0.0693462 -0.0501402 -0.0299873 0.00130181 0.0163679 0.0229520 0.0328152 0.0381098 0.0359977 0.0318685 0.0190006 0.000806043 -0.00484125 -0.00651836 -0.0114955 -0.0181300 -0.0184320 -0.0258006 -0.0277851 -0.0143678 -0.00662276 -0.00821351 -0.00405196 0.00410071 0.00784938 0.0121715 0.0147671 0.0112156 0.00201520 -0.00293575 -0.00533600 -0.00625975 -0.00398624 -0.00450915 -0.00798537 -0.00950105 -0.00591279 -0.00531253 -0.00396814 0.000760347 0.00183460 -0.000492779 -0.00168225 0.000918948 0.00499530 0.00709893 0.00403258 -0.00234874 -0.00613397 -0.00583761 -0.00593524 -0.00545241 -0.00455245 -0.00776146 -0.00939131 -0.00543429 0.00127764 0.00426431 0.00192298 -0.00106717 -0.00289992 -0.00276963 -0.00154536 -0.00168065 -0.00393599 -0.00492039 -0.00430657 -0.00210941 0.0000879962 -0.000117687 -0.00162388 -0.00292222 -0.00160970 0.000585760 0.00182467 0.00170299 0.000774526 -0.000469014 -0.000882593 0.000128207 0.00184561 0.000585595 0.00000 0.00000 0.00000 0.00000 0.00000 0.00000 0.00000 0.00000 0.00000 0.00000 0.00000 0.00000 0.00000 0.00000 0.00000 0.00000 0.00000 0.00000 0.00000 0.00000 0.00000 0.00000 0.00000 0.00000 0.00000 0.00000 0.00000 0.00000 0.00000 0.00000 0.00000 0.00000 0.00000 0.00000 0.00000 0.00000 0.00000 0.00000 0.00000 0.00000 0.00000 0.00000 0.00000 0.00000 0.00000 0.00000 0.00000 0.00000 0.00000 0.00000 0.00000 0.00000 0.00000 0.00000 0.00000 0.00000 0.00000 0.00000 0.00000 0.00000 0.00000 0.00000 0.00000 0.00000 0.00000 0.00000 0.00000 0.00000 0.00000 0.00000 0.00000 0.00000 0.00000 0.00000 0.00000 0.00000 0.00000 0.00000 0.00000 0.00000 0.00000 0.00000 0.00000 0.00000 0.00000 0.00000 0.00000 0.00000 0.00000 0.00000 0.00000 0.00000 0.00000 0.00000 0.00000 0.00000 0.00000 0.00000 0.00000 0.00000 0.00000 0.00000 0.00000 0.00000 0.00000 0.00000 0.00000 0.00000 0.00000 0.00000 0.00000 0.00000 0.00000 0.00000 0.00000 0.00000 0.00000 0.00000 0.00000 0.00000 0.00000 0.00000 0.00000 0.00000 0.00000 0.00000 0.00000 0.00000 0.00000 0.00000 0.00000 0.00000 0.00000 0.00000 0.00000
-0.0000204392 0.00000113514 0.00000143131 0.0000198214 0.0000219163 0.00000951091 2.92042e-7 -0.0000382019 -0.0000281795 -0.0000439962 0.00000568100 -0.0000465482 0.0000121236 -0.0000530924 0.00000152309 -0.0000931143 0.000121874 0.00000396161 -0.00000155596 -0.0000635675 0.000450832 -0.0000346780 -0.0000527548 0.0129205 0.0333624 -0.00236143 0.00459857 0.0106702 -0.0201350 0.0158720 0.0287045 0.0285884 0.0734016 0.0756467 0.00847505 0.0135381 0.0241550 -0.0336666 -0.0434726 -0.0211928 -0.0385487 -0.0315196 -0.00239739 0.00348278 0.0107309 0.0237504 0.0199708 0.00695279 0.00720456 0.000100192 -0.0142999 -0.0127205 -0.0109745 -0.0183379 -0.0165118 -0.0107351 -0.0136258 -0.0192847 -0.0157526 -0.00898312 -0.00546737 -0.00244735 0.00159645 0.00482022 0.00584240 0.00481398 0.00139134 -0.00243422 -0.00484734 -0.00652803 -0.00895481 -0.00880916 -0.00768245 -0.00774562 -0.00653860 -0.00462133 -0.00408363 -0.00282576 -0.00116369 -0.000703957 -0.000596235 0.000230497 0.000591492 -0.000533209 -0.000753496 -0.00116119 -0.00206045 -0.00328437 -0.00407722 -0.00455106 -0.00502054 -0.00392950 -0.00344278 -0.00334693 -0.00265113 -0.00209986 -0.00195625 -0.00122375 -0.000568448 -0.000871273 -0.000568534 -0.000316928 -0.000776900 -0.00137576 -0.00138494 -0.00178713 -0.00273284 -0.00302808 -0.00332713 -0.00301998 -0.00280053 -0.00292239 -0.00279230 -0.00233422 -0.00141818 -0.000847484 -0.000387501 -0.000391657 -0.000326371 -0.00109885 -0.000381662 0.00000 0.00000 0.00000 0.00000 0.00000 0.00000 0.00000 0.00000 0.00000 0.00000 0.00000 0.00000 0.00000 0.00000 0.00000 0.00000 0.00000 0.00000 0.00000 0.00000 0.00000 0.00000 0.00000 0.00000 0.00000 0.00000 0.00000 0.00000 0.00000 0.00000 0.00000 0.00000 0.00000 0.00000 0.00000 0.00000 0.00000 0.00000 0.00000 0.00000 0.00000 0.00000 0.00000 0.00000 0.00000 0.00000 0.00000 0.00000 0.00000 0.00000 0.00000 0.00000 0.00000 0.00000 0.00000 0.00000 0.00000 0.00000 0.00000 0.00000 0.00000 0.00000 0.00000 0.00000 0.00000 0.00000 0.00000 0.00000 0.00000 0.00000 0.00000 0.00000 0.00000 0.00000 0.00000 0.00000 0.00000 0.00000 0.00000 0.00000 0.00000 0.00000 0.00000 0.00000 0.00000 0.00000 0.00000 0.00000 0.00000 0.00000 0.00000 0.00000 0.00000 0.00000 0.00000 0.00000 0.00000 0.00000 0.00000 0.00000 0.00000 0.00000 0.00000 0.00000 0.00000 0.00000 0.00000 0.00000 0.00000 0.00000 0.00000 0.00000 0.00000 0.00000 0.00000 0.00000 0.00000 0.00000 0.00000 0.00000 0.00000 0.00000 0.00000 0.00000 0.00000 0.00000 0.00000 0.00000 0.00000 0.00000 0.00000 0.00000 0.00000 0.00000 0.00000 0.00439114 -0.00598283 0.00709729 0.00874168 0.256932 0.113129 -0.346514 -0.0972339 0.130968 0.0748865 0.0706320 0.452857 0.248239 -0.159446 0.00572672 -0.0108459 -0.166377 -0.134065 -0.193312 -0.164043 -0.0624295 -0.0453346 -0.00656301 -0.00929317 0.0432505 0.0371610 0.0441043 0.0932925 0.0864490 0.0246198 0.0200480 0.0193766 0.00173433 -0.0509138 -0.0833068 -0.0923827 -0.0790224 -0.0749816 -0.0568087 -0.00736084 0.0188715 0.0203490 0.0206875 0.0234499 0.0276362 0.0290112 0.0246551 0.0210022 0.00709999 -0.00375229 -0.00525727 -0.0110198 -0.0195163 -0.0234048 -0.0328372 -0.0323539 -0.0177729 -0.00473423 -0.00197674 0.00221182 0.00705486 0.0109403 0.0109445 0.0116283 0.0128495 0.00498964 -0.00310583 -0.00548681 -0.00815200 -0.00761133 -0.00285582 -0.00545770 -0.00910265 -0.00760238 -0.00514877 -0.00401147 0.00145457 0.00493170 0.00226682 -0.000695879 -0.000963459 0.00317726 0.00697683 0.00553719 -0.00134014 -0.00806537 -0.00920836 -0.00715194 -0.00500771 -0.00336786 -0.00516499 -0.00886829 -0.00810016 -0.00117149 0.00459885 0.00362001 0.0000396866 -0.00239042 -0.00289070 -0.000890812 0.000452233 -0.00197556 -0.00497532 -0.00699126 -0.00647324 -0.00319332 -0.000444322 -0.0000673034 -0.00146397 -0.00196169 0.000937153 0.00352859 0.00319401 0.00176717 -0.00111682 -0.00292829 -0.00202012 0.000794724 0.00167801 0.000507262 0.0000383731 0.00000 0.00000 0.00000 0.00000 0.00000 0.00000 0.00000 0.00000 0.00000 0.00000 0.00000 0.00000 0.00000 0.00000 0.00000 0.00000 0.00000 0.00000 0.00000 0.00000 0.00000 0.00000 0.00000 0.00000 0.00000 0.00000 0.00000 0.00000 0.00000 0.00000 0.00000 0.00000 0.00000 0.00000 0.00000 0.00000 0.00000 0.00000 0.00000 0.00000 0.00000 0.00000 0.00000 0.00000 0.00000 0.00000 0.00000 0.00000 0.00000 0.00000 0.00000 0.00000 0.00000 0.00000 0.00000 0.00000 0.00000 0.00000 0.00000 0.00000 0.00000 0.00000 0.00000 0.00000 0.00000 0.00000 0.00000 0.00000 0.00000 0.00000 0.00000 0.00000 0.00000 0.00000 0.00000 0.00000 0.00000 0.00000 0.00000 0.00000 0.00000 0.00000 0.00000 0.00000 0.00000 0.00000 0.00000 0.00000 0.00000 0.00000 0.00000 0.00000 0.00000 0.00000 0.00000 0.00000 0.00000 0.00000 0.00000 0.00000 0.00000 0.00000 0.00000 0.00000 0.00000 0.00000 0.00000 0.00000 0.00000 0.00000 0.00000 0.00000 0.00000 0.00000 0.00000 0.00000 0.00000 0.00000 0.00000 0.00000 0.00000 0.00000 0.00000 0.00000 0.00000 0.00000 0.00000 0.00000 0.00000 0.00000 0.00000 0.00000 0.00000 0.00000 0.00000
-0.00000265536 0.00000325930 -0.0000267083 -0.00000794739 -0.00000815970 0.0000146471 0.00000849811 0.0000395118 0.0000198041 0.0000195642 -0.0000177770 0.0000204187 -0.0000227641 0.0000257816 -0.0000273028 0.0000126223 -0.0000297079 0.0000796102 -0.000133406 0.000387548 -0.000161414 0.000146121 0.000275534 0.000233448 -0.000370590 0.000434961 0.00159594 0.0203369 0.0225851 0.000132678 0.0107896 0.00281165 -0.00282892 0.0172768 0.0268907 0.0424536 0.0733932 0.0557038 0.0188098 0.0241931 0.00855100 -0.0195582 -0.0138999 -0.0170306 -0.0362155 -0.0295809 -0.0183208 -0.0203511 -0.0186704 -0.0138030 -0.0146248 -0.00833100 0.00164668 0.00250553 0.00274587 0.00704559 0.00970184 0.00741800 0.00201149 -0.00462853 -0.00955292 -0.0129858 -0.0139134 -0.0143693 -0.0131635 -0.00975004 -0.00665814 -0.00436554 -0.00291437 -0.00147390 -0.000767534 -0.000199891 -0.000174535 -0.00113266 -0.00241335 -0.00240189 -0.00287811 -0.00417083 -0.00474816 -0.00527606 -0.00527415 -0.00426324 -0.00328143 -0.00293945 -0.00232670 -0.00147279 -0.00144522 -0.00165671 -0.00166038 -0.00171302 -0.00192039 -0.00240759 -0.00231164 -0.00245233 -0.00257818 -0.00229862 -0.00245586 -0.00268975 -0.00282113 -0.00240623 -0.00158688 -0.000715762 -0.000431359 -0.000475417 -0.000497252 -0.000581491 -0.00117085 -0.00191621 -0.00246489 -0.00328630 -0.00369411 -0.00387296 -0.00341037 -0.00310080 -0.00234149 -0.00224067 -0.00194230 -0.00135474 -0.000626726 -0.000714239 -0.000308079 0.00000 0.00000 0.00000 0.00000 0.00000 0.00000 0.00000 0.00000 0.00000 0.00000 0.00000 0.00000 0.00000 0.00000 0.00000 0.00000 0.00000 0.00000 0.00000 0.00000 0.00000 0.00000 0.00000 0.00000 0.00000 0.00000 0.00000 0.00000 0.00000 0.00000 0.00000 0.00000 0.00000 0.00000 0.00000 0.00000 0.00000 0.00000 0.00000 0.00000 0.00000 0.00000 0.00000 0.00000 0.00000 0.00000 0.00000 0.00000 0.00000 0.00000 0.00000 0.00000 0.00000 0.00000 0.00000 0.00000 0.00000 0.00000 0.00000 0.00000 0.00000 0.00000 0.00000 0.00000 0.00000 0.00000 0.00000 0.00000 0.00000 0.00000 0.00000 0.00000 0.00000 0.00000 0.00000 0.00000 0.00000 0.00000 0.00000 0.00000 0.00000 0.00000 0.00000 0.00000 0.00000 0.00000 0.00000 0.00000 0.00000 0.00000 0.00000 0.00000 0.00000 0.00000 0.00000 0.00000 0.00000 0.00000 0.00000 0.00000 0.00000 0.00000 0.00000 0.00000 0.00000 0.00000 0.00000 0.00000 0.00000 0.00000 0.00000 0.00000 0.00000 0.00000 0.00000 0.00000 0.00000 0.00000 0.00000 0.00000 0.00000 0.00000 0.00000 0.00000 0.00000 0.00000 0.00000 0.00000 0.00000 0.00000 0.00000 0.00000 0.00000 0.00000 0.00000 -0.00595250 0.00862881 -0.0106418 0.208793 0.240201 -0.393764 -0.177476 0.214776 0.0478974 0.0619946 0.479418 0.199360 -0.215598 0.0510421 0.0678761 -0.130541 -0.140178 -0.173697 -0.163607 -0.0408133 -0.0378565 -0.0727405 -0.0758749 0.0458918 0.0347751 0.0204790 0.0897859 0.0894059 0.0328603 0.0471547 0.0407099 -0.00882720 -0.0568395 -0.0657005 -0.0744869 -0.0955641 -0.0835568 -0.0507911 -0.00801584 0.0187115 0.0213897 0.0106682 0.0186887 0.0304759 0.0272344 0.0233728 0.0238920 0.00523228 -0.00446573 -0.000239003 -0.00982701 -0.0251121 -0.0254482 -0.0294904 -0.0326229 -0.0201251 -0.00489732 -0.00268076 -0.00258443 0.00628029 0.0107104 0.00864774 0.0144661 0.0174747 0.00670839 -0.00190875 -0.00199638 -0.00870272 -0.00809376 -0.00144483 -0.00548920 -0.0120467 -0.00942551 -0.00549995 -0.00441950 0.00234601 0.00590282 0.00194387 -0.000895683 0.000316601 0.00243687 0.00568178 0.00536018 -0.00182363 -0.00842776 -0.00832563 -0.00520161 -0.00348669 -0.00287415 -0.00516000 -0.00975567 -0.00941767 -0.00185919 0.00431307 0.00237601 -0.00113895 -0.00326310 -0.00313027 -0.000310222 0.00113040 -0.00100101 -0.00490388 -0.00731450 -0.00649831 -0.00303890 -0.000257354 0.000255409 -0.00259210 -0.00367018 0.000271838 0.00344604 0.00282752 0.00184499 -0.000250021 -0.00226280 -0.000705051 0.00202733 0.000675579 -0.00106508 -0.00260069 -0.000851000 0.00000 0.00000 0.00000 0.00000 0.00000 0.00000 0.00000 0.00000 0.00000 0.00000 0.00000 0.00000 0.00000 0.00000 0.00000 0.00000 0.00000 0.00000 0.00000 0.00000 0.00000 0.00000 0.00000 0.00000 0.00000 0.00000 0.00000 0.00000 0.00000 0.00000 0.00000 0.00000 0.00000 0.00000 0.00000 0.00000 0.00000 0.00000 0.00000 0.00000 0.00000 0.00000 0.00000 0.00000 0.00000 0.00000 0.00000 0.00000 0.00000 0.00000 0.00000 0.00000 0.00000 0.00000 0.00000 0.00000 0.00000 0.00000 0.00000 0.00000 0.00000 0.00000 0.00000 0.00000 0.00000 0.00000 0.00000 0.00000 0.00000 0.00000 0.00000 0.00000 0.00000 0.00000 0.00000 0.00000 0.00000 0.00000 0.00000 0.00000 0.00000 0.00000 0.00000 0.00000 0.00000 0.00000 0.00000 0.00000 0.00000 0.00000 0.00000 0.00000 0.00000 0.00000 0.00000 0.00000 0.00000 0.00000 0.00000 0.00000 0.00000 0.00000 0.00000 0.00000 0.00000 0.00000 0.00000 0.00000 0.00000 0.00000 0.00000 0.00000 0.00000 0.00000 0.00000 0.00000 0.00000 0.00000 0.00000 0.00000 0.00000 0.00000 0.00000 0.00000 0.00000 0.00000 0.00000 0.00000 0.00000 0.00000 0.00000 0.00000 0.00000 0.00000 0.00000
0.00000122710 -0.0000218265 -0.0000155051 -0.0000237865 -0.0000129673 -0.0000275431 -0.00000325724 -0.0000152599 0.00000103407 0.0000125965 -0.0000174426 0.00000347010 0.0000165963 -0.0000283436 0.00000906800 -0.0000617769 -0.0000310009 -0.0000422278 0.0000770252 -0.0000212718 -0.0000227291 0.000165586 0.000343964 -0.0000259820 0.000246313 -0.0000835482 -0.000410013 0.00110116 0.0104994 0.0119999 0.00619878 0.0203332 0.0147394 0.0104692 0.0179100 0.0101490 0.00767216 0.0145800 0.0415765 0.0901108 0.0922960 0.0325937 -0.000692073 -0.00476415 -0.0307526 -0.0517971 -0.0527228 -0.0585418 -0.0507193 -0.0325438 -0.0222393 -0.0140693 -0.000333045 0.0106617 0.0160622 0.0216998 0.0217035 0.0151987 0.0105150 0.00835134 -0.00150567 -0.0108424 -0.0146613 -0.0170680 -0.0209215 -0.0222038 -0.0188850 -0.0141498 -0.00735944 -0.00273888 0.00104784 0.00324599 0.00419995 0.00359099 0.00251689 0.000994597 -0.000779926 -0.00229491 -0.00416701 -0.00483553 -0.00627848 -0.00657182 -0.00651427 -0.00660375 -0.00658879 -0.00468079 -0.00250636 -0.00129310 -0.000441476 0.0000830887 0.000697768 0.000782850 -0.000132905 -0.00135300 -0.00169244 -0.00199644 -0.00255385 -0.00335542 -0.00362053 -0.00292023 -0.00291805 -0.00309427 -0.00257025 -0.00173748 -0.00110437 -0.000968050 -0.00123646 -0.00184509 -0.00177415 -0.00197626 -0.00217001 -0.00243473 -0.00252462 -0.00271121 -0.00300657 -0.00343429 -0.00367844 -0.00278387 -0.00150647 -0.000699460 -0.000142390 0.00000 0.00000 0.00000 0.00000 0.00000 0.00000 0.00000 0.00000 0.00000 0.00000 0.00000 0.00000 0.00000 0.00000 0.00000 0.00000 0.00000 0.00000 0.00000 0.00000 0.00000 0.00000 0.00000 0.00000 0.00000 0.00000 0.00000 0.00000 0.00000 0.00000 0.00000 0.00000 0.00000 0.00000 0.00000 0.00000 0.00000 0.00000 0.00000 0.00000 0.00000 0.00000 0.00000 0.00000 0.00000 0.00000 0.00000 0.00000 0.00000 0.00000 0.00000 0.00000 0.00000 0.00000 0.00000 0.00000 0.00000 0.00000 0.00000 0.00000 0.00000 0.00000 0.00000 0.00000 0.00000 0.00000 0.00000 0.00000 0.00000 0.00000 0.00000 0.00000 0.00000 0.00000 0.00000 0.00000 0.00000 0.00000 0.00000 0.00000 0.00000 0.00000 0.00000 0.00000 0.00000 0.00000 0.00000 0.00000 0.00000 0.00000 0.00000 0.00000 0.00000 0.00000 0.00000 0.00000 0.00000 0.00000 0.00000 0.00000 0.00000 0.00000 0.00000 0.00000 0.00000 0.00000 0.00000 0.00000 0.00000 0.00000 0.00000 0.00000 0.00000 0.00000 0.00000 0.00000 0.00000 0.00000 0.00000 0.00000 0.00000 0.00000 0.00000 0.00000 0.00000 0.00000 0.00000 0.00000 0.00000 0.00000 0.00000 0.00000 0.00000 0.00000 0.00000 -0.0101310 0.0139041 -0.0109074 0.280830 0.126126 -0.483161 -0.0311751 0.250392 -0.00514566 0.169655 0.493848 -0.0755583 -0.211856 0.218182 0.0681527 -0.181061 -0.0979450 -0.166476 -0.145444 0.0168979 -0.0819208 -0.170485 -0.0314336 0.0735654 -0.00935578 0.0491379 0.109640 0.0602990 0.0275237 0.0445528 -0.0107504 -0.0382480 -0.0253126 -0.0347644 -0.0683642 -0.0700202 -0.0566689 -0.0392189 -0.00268117 0.00895603 0.000744467 -0.00185719 0.0178783 0.0218619 0.0199885 0.0258066 0.0191748 -0.00112208 -0.00101337 0.00582911 -0.00847563 -0.0207545 -0.0223869 -0.0299686 -0.0310131 -0.0131167 -0.00271921 -0.00713989 -0.00581947 0.00306514 0.00806988 0.00847464 0.0159103 0.0157091 0.00437174 -0.000830600 -0.00208177 -0.00816656 -0.00475429 0.000811588 -0.00728550 -0.0126991 -0.00675184 -0.00393743 -0.00335362 0.00374312 0.00346322 -0.00273787 -0.00190032 0.000772846 0.00282974 0.00568179 0.00358659 -0.00437728 -0.00862508 -0.00571755 -0.00232236 -0.000433959 -0.00191153 -0.00673952 -0.0117198 -0.00782334 0.00112121 0.00405671 -0.000668502 -0.00421106 -0.00556828 -0.00365610 0.000566701 0.00108781 -0.00199669 -0.00573026 -0.00672030 -0.00481597 -0.000989311 0.000966729 -0.000647432 -0.00363759 -0.00319110 0.00136629 0.00373823 0.00225181 0.0000691415 -0.00251628 -0.00309397 -0.000285698 0.00198772 0.0000631644 -0.00168614 -0.00322539 -0.00100906 0.00000 0.00000 0.00000 0.00000 0.00000 0.00000 0.00000 0.00000 0.00000 0.00000 0.00000 0.00000 0.00000 0.00000 0.00000 0.00000 0.00000 0.00000 0.00000 0.00000 0.00000 0.00000 0.00000 0.00000 0.00000 0.00000 0.00000 0.00000 0.00000 0.00000 0.00000 0.00000 0.00000 0.00000 0.00000 0.00000 0.00000 0.00000 0.00000 0.00000 0.00000 0.00000 0.00000 0.00000 0.00000 0.00000 0.00000 0.00000 0.00000 0.00000 0.00000 0.00000 0.00000 0.00000 0.00000 0.00000 0.00000 0.00000 0.00000 0.00000 0.00000 0.00000 0.00000 0.00000 0.00000 0.00000 0.00000 0.00000 0.00000 0.00000 0.00000 0.00000 0.00000 0.00000 0.00000 0.00000 0.00000 0.00000 0.00000 0.00000 0.00000 0.00000 0.00000 0.00000 0.00000 0.00000 0.00000 0.00000 0.00000 0.00000 0.00000 0.00000 0.00000 0.00000 0.00000 0.00000 0.00000 0.00000 0.00000 0.00000 0.00000 0.00000 0.00000 0.00000 0.00000 0.00000 0.00000 0.00000 0.00000 0.00000 0.00000 0.00000 0.00000 0.00000 0.00000 0.00000 0.00000 0.00000 0.00000 0.00000 0.00000 0.00000 0.00000 0.00000 0.00000 0.00000 0.00000 0.00000 0.00000 0.00000 0.00000 0.00000 0.00000 0.00000 0.00000
0.0000192249 -4.01122e-7 0.0000437222 0.00000547961 0.0000150833 0.0000277472 -0.00000401497 0.00000634959 0.0000198816 -0.0000151910 0.0000165858 -0.0000214085 0.0000494447 0.00000389654 0.0000399436 -0.00000515199 0.0000453057 -0.0000267227 0.0000392069 -0.0000329887 0.000290940 -0.000131511 0.000403589 0.0000766770 0.000322135 0.00146203 0.0165873 0.0155446 -0.00791599 -0.000743818 0.0107374 0.00620253 0.00640842 0.0220069 0.0553189 0.0567061 0.0181358 0.000822772 -0.00348885 0.00567817 0.0217316 0.0222883 0.0220590 0.0225475 0.00617513 -0.0150323 -0.0204972 -0.0300616 -0.0445531 -0.0375719 -0.0246830 -0.0219049 -0.0152181 -0.00569323 0.00374332 0.00926339 0.0131102 0.0137322 0.0116753 0.00691940 0.000147067 -0.00558538 -0.00800330 -0.00895178 -0.0110100 -0.0120485 -0.0120348 -0.0118538 -0.0112848 -0.00841949 -0.00560084 -0.00451457 -0.00287189 -0.000558485 0.000836473 0.00143938 0.00171981 0.0000249945 -0.00161137 -0.00255357 -0.00354776 -0.00513365 -0.00519384 -0.00473266 -0.00458421 -0.00382333 -0.00286931 -0.00216622 -0.00210896 -0.00174045 -0.00155520 -0.000987319 -0.000200480 -0.000725008 -0.00128321 -0.00110938 -0.00158801 -0.00290633 -0.00334203 -0.00328440 -0.00306101 -0.00313435 -0.00348913 -0.00339857 -0.00262376 -0.00170924 -0.00158387 -0.00177832 -0.00163477 -0.00172099 -0.00237406 -0.00266708 -0.00228432 -0.00155020 -0.000910131 -0.000898366 -0.000973884 -0.00125336 -0.00103703 -0.00120409 -0.000337252 0.00000 0.00000 0.00000 0.00000 0.00000 0.00000 0.00000 0.00000 0.00000 0.00000 0.00000 0.00000 0.00000 0.00000 0.00000 0.00000 0.00000 0.00000 0.00000 0.00000 0.00000 0.00000 0.00000 0.00000 0.00000 0.00000 0.00000 0.00000 0.00000 0.00000 0.00000 0.00000 0.00000 0.00000 0.00000 0.00000 0.00000 0.00000 0.00000 0.00000 0.00000 0.00000 0.00000 0.00000 0.00000 0.00000 0.00000 0.00000 0.00000 0.00000 0.00000 0.00000 0.00000 0.00000 0.00000 0.00000 0.00000 0.00000 0.00000 0.00000 0.00000 0.00000 0.00000 0.00000 0.00000 0.00000 0.00000 0.00000 0.00000 0.00000 0.00000 0.00000 0.00000 0.00000 0.00000 0.00000 0.00000 0.00000 0.00000 0.00000 0.00000 0.00000 0.00000 0.00000 0.00000 0.00000 0.00000 0.00000 0.00000 0.00000 0.00000 0.00000 0.00000 0.00000 0.00000 0.00000 0.00000 0.00000 0.00000 0.00000 0.00000 0.00000 0.00000 0.00000 0.00000 0.00000 0.00000 0.00000 0.00000 0.00000 0.00000 0.00000 0.00000 0.00000 0.00000 0.00000 0.00000 0.00000 0.00000 0.00000 0.00000 0.00000 0.00000 0.00000 0.00000 0.00000 0.00000 0.00000 0.00000 0.00000 0.00000 0.00000 0.00000 0.00000 0.00000 -0.00113142 0.00178593 -0.00668390 0.104365 0.311257 -0.295219 -0.288637 0.246440 0.0883720 0.0309901 0.402340 0.124316 -0.288250 0.158327 0.257300 -0.138866 -0.145407 -0.0834707 -0.180554 -0.0116183 -0.0571472 -0.202949 -0.0924392 0.0509931 0.0327032 0.0174168 0.0866647 0.0746491 0.0346274 0.0460079 -0.00483738 -0.0547170 -0.0172697 -0.0225156 -0.0490260 -0.0631731 -0.0449548 -0.0265044 -0.00400416 0.00651188 -0.00408086 -0.00753906 0.00735151 0.0146220 0.0128097 0.0154812 0.0165182 0.00516650 -0.00470656 0.00288798 -0.000524685 -0.0141853 -0.0163035 -0.0227208 -0.0269625 -0.0158221 -0.00163788 -0.00403717 -0.00730533 -0.00105871 0.00485971 0.00480640 0.0105578 0.0135276 0.00488011 -0.00196341 -0.000243963 -0.00428572 -0.00674844 0.000900088 -0.000780288 -0.00977401 -0.00724397 -0.00279567 -0.00307824 0.000629639 0.00369735 -0.00247899 -0.00460905 -0.00178844 0.000195376 0.00373721 0.00545021 -0.000534360 -0.00639205 -0.00523998 -0.00143493 0.000712593 -0.000593636 -0.00574065 -0.0102116 -0.00904930 -0.00122013 0.00323150 0.000178920 -0.00476354 -0.00538297 -0.00397369 -0.000936246 0.00120089 -0.00121959 -0.00521228 -0.00701770 -0.00524577 -0.00200256 0.00150200 0.00143159 -0.00213187 -0.00347898 -0.000398765 0.00302539 0.00225679 -0.000256390 -0.00288130 -0.00377294 -0.00187406 0.000971649 0.000585002 -0.000859251 -0.00182021 -0.000493996 0.00000 0.00000 0.00000 0.00000 0.00000 0.00000 0.00000 0.00000 0.00000 0.00000 0.00000 0.00000 0.00000 0.00000 0.00000 0.00000 0.00000 0.00000 0.00000 0.00000 0.00000 0.00000 0.00000 0.00000 0.00000 0.00000 0.00000 0.00000 0.00000 0.00000 0.00000 0.00000 0.00000 0.00000 0.00000 0.00000 0.00000 0.00000 0.00000 0.00000 0.00000 0.00000 0.00000 0.00000 0.00000 0.00000 0.00000 0.00000 0.00000 0.00000 0.00000 0.00000 0.00000 0.00000 0.00000 0.00000 0.00000 0.00000 0.00000 0.00000 0.00000 0.00000 0.00000 0.00000 0.00000 0.00000 0.00000 0.00000 0.00000 0.00000 0.00000 0.00000 0.00000 0.00000 0.00000 0.00000 0.00000 0.00000 0.00000 0.00000 0.00000 0.00000 0.00000 0.00000 0.00000 0.00000 0.00000 0.00000 0.00000 0.00000 0.00000 0.00000 0.00000 0.00000 0.00000 0.00000 0.00000 0.00000 0.00000 0.00000 0.00000 0.00000 0.00000 0.00000 0.00000 0.00000 0.00000 0.00000 0.00000 0.00000 0.00000 0.00000 0.00000 0.00000 0.00000 0.00000 0.00000 0.00000 0.00000 0.00000 0.00000 0.00000 0.00000 0.00000 0.00000 0.00000 0.00000 0.00000 0.00000 0.00000 0.00000 0.00000 0.00000 0.00000 0.00000
0.0000214799 0.0000142612 0.0000284379 0.0000526856 0.0000373163 0.00000716868 -9.47065e-7 -0.0000250567 0.0000186923 -0.0000124697 0.0000512650 -0.0000403067 0.0000515524 -0.00000259857 0.0000629185 -0.00000658216 0.000169472 -0.0000712204 0.000181891 -0.0000910237 0.000309734 0.0000336374 0.000590748 0.00443757 0.0305509 0.0163716 -0.0205644 0.00190022 0.0145640 -0.000913306 0.00370699 0.0464334 0.0695890 0.0360292 0.0162394 0.0144982 0.00412468 -0.00141044 -0.0161648 -0.0269034 -0.0225084 -0.0208271 -0.0154430 0.00149458 0.0161618 0.0203860 0.0214245 0.0201579 0.00723046 -0.00374957 -0.0117125 -0.0216029 -0.0215262 -0.0177978 -0.0179856 -0.0155426 -0.0104210 -0.00802567 -0.00698378 -0.00267285 0.00252853 0.00393754 0.00434195 0.00280533 0.000767640 -0.000688036 -0.00317544 -0.00664475 -0.00747419 -0.00765537 -0.00816701 -0.00895243 -0.00827531 -0.00674456 -0.00555128 -0.00525780 -0.00495596 -0.00190030 0.000941243 0.00134863 0.00109678 0.000669072 -0.000151500 -0.00105929 -0.00139029 -0.00150789 -0.00225121 -0.00314160 -0.00344908 -0.00356850 -0.00356605 -0.00395521 -0.00461564 -0.00420119 -0.00287618 -0.00178595 -0.00155184 -0.000781716 -0.000921580 -0.00197274 -0.00283108 -0.00317891 -0.00296470 -0.00272935 -0.00245909 -0.00236549 -0.00277211 -0.00322533 -0.00275070 -0.00211524 -0.00127251 -0.000918383 -0.000728607 -0.000299606 0.000254993 0.0000548385 -0.000157202 -0.00101447 -0.00157207 -0.00276816 -0.000867250 0.00000 0.00000 0.00000 0.00000 0.00000 0.00000 0.00000 0.00000 0.00000 0.00000 0.00000 0.00000 0.00000 0.00000 0.00000 0.00000 0.00000 0.00000 0.00000 0.00000 0.00000 0.00000 0.00000 0.00000 0.00000 0.00000 0.00000 0.00000 0.00000 0.00000 0.00000 0.00000 0.00000 0.00000 0.00000 0.00000 0.00000 0.00000 0.00000 0.00000 0.00000 0.00000 0.00000 0.00000 0.00000 0.00000 0.00000 0.00000 0.00000 0.00000 0.00000 0.00000 0.00000 0.00000 0.00000 0.00000 0.00000 0.00000 0.00000 0.00000 0.00000 0.00000 0.00000 0.00000 0.00000 0.00000 0.00000 0.00000 0.00000 0.00000 0.00000 0.00000 0.00000 0.00000 0.00000 0.00000 0.00000 0.00000 0.00000 0.00000 0.00000 0.00000 0.00000 0.00000 0.00000 0.00000 0.00000 0.00000 0.00000 0.00000 0.00000 0.00000 0.00000 0.00000 0.00000 0.00000 0.00000 0.00000 0.00000 0.00000 0.00000 0.00000 0.00000 0.00000 0.00000 0.00000 0.00000 0.00000 0.00000 0.00000 0.00000 0.00000 0.00000 0.00000 0.00000 0.00000 0.00000 0.00000 0.00000 0.00000 0.00000 0.00000 0.00000 0.00000 0.00000 0.00000 0.00000 0.00000 0.00000 0.00000 0.00000 0.00000 0.00000 0.00000 0.00000 0.000170750 -0.000134035 0.000285395 -0.00385054 0.0749283 0.266705 -0.205495 -0.265418 0.204459 0.108969 -0.0159924 0.313658 0.110910 -0.201921 0.195152 0.257275 -0.120277 -0.164663 -0.0656695 -0.131343 -0.0566582 -0.0865975 -0.174958 -0.0964091 0.0440502 0.0306690 0.0149997 0.0772093 0.0723619 0.0354830 0.0409776 0.000495844 -0.0592692 -0.0276029 -0.00898776 -0.0432041 -0.0632651 -0.0360411 -0.0168007 -0.00441086 -0.000524040 -0.00180328 -0.00183280 0.0101994 0.0163465 0.0122870 0.0152441 0.0151730 -0.000136736 -0.00866554 -0.00298843 -0.00811019 -0.0188917 -0.0159140 -0.0159985 -0.0191596 -0.0105656 0.00142160 -0.00110641 -0.00480357 -0.000976160 0.00484170 0.00349182 0.00782681 0.0116614 0.00317690 -0.00347438 0.0000203856 -0.00292106 -0.00652028 -0.00155630 -0.00361077 -0.0106533 -0.00729981 -0.00246838 -0.00294729 0.000288846 0.00286156 -0.00161376 -0.00295110 0.000475002 0.00207421 0.00305014 0.00370009 -0.000195467 -0.00499392 -0.00470812 -0.00184455 -0.000839408 -0.00232571 -0.00572721 -0.00894684 -0.00762413 -0.00166769 0.00100362 -0.00128657 -0.00391646 -0.00364752 -0.00288948 -0.000219046 0.00116227 -0.000894319 -0.00489090 -0.00697642 -0.00559402 -0.00249971 0.0000267752 -0.000573392 -0.00293934 -0.00331985 -0.0000435925 0.00209923 0.00113262 -0.0000334957 -0.00117778 -0.00198002 -0.000294543 0.00205501 0.00118616 -0.000731726 -0.000349971 0.00000 0.00000 0.00000 0.00000 0.00000 0.00000 0.00000 0.00000 0.00000 0.00000 0.00000 0.00000 0.00000 0.00000 0.00000 0.00000 0.00000 0.00000 0.00000 0.00000 0.00000 0.00000 0.00000 0.00000 0.00000 0.00000 0.00000 0.00000 0.00000 0.00000 0.00000 0.00000 0.00000 0.00000 0.00000 0.00000 0.00000 0.00000 0.00000 0.00000 0.00000 0.00000 0.00000 0.00000 0.00000 0.00000 0.00000 0.00000 0.00000 0.00000 0.00000 0.00000 0.00000 0.00000 0.00000 0.00000 0.00000 0.00000 0.00000 0.00000 0.00000 0.00000 0.00000 0.00000 0.00000 0.00000 0.00000 0.00000 0.00000 0.00000 0.00000 0.00000 0.00000 0.00000 0.00000 0.00000 0.00000 0.00000 0.00000 0.00000 0.00000 0.00000 0.00000 0.00000 0.00000 0.00000 0.00000 0.00000 0.00000 0.00000 0.00000 0.00000 0.00000 0.00000 0.00000 0.00000 0.00000 0.00000 0.00000 0.00000 0.00000 0.00000 0.00000 0.00000 0.00000 0.00000 0.00000 0.00000 0.00000 0.00000 0.00000 0.00000 0.00000 0.00000 0.00000 0.00000 0.00000 0.00000 0.00000 0.00000 0.00000 0.00000 0.00000 0.00000 0.00000 0.00000 0.00000 0.00000 0.00000 0.00000 0.00000 0.00000 0.00000 0.00000 0.00000
0.0000461806 0.00000798082 -0.00000967011 -0.0000129118 -0.0000263956 -0.0000103463 -0.0000289815 -0.00000468763 -0.0000532048 -0.00000987538 0.00000115129 -0.00000964732 -0.0000294715 0.0000227928 0.0000340594 -0.0000215418 -0.0000368924 0.0000552806 0.0000802205 0.000333092 0.000404407 0.0168098 0.0517329 -0.00217310 -0.0355684 0.0124558 0.0106785 -0.0103884 0.0377436 0.104928 0.0621246 0.0118676 0.0239375 0.00510812 -0.0162658 -0.0271756 -0.0504251 -0.0417392 -0.0240032 -0.0244117 -0.0192493 0.000259563 0.0110425 0.00630228 0.0131063 0.0204542 0.0175959 0.0151841 0.0137304 0.0128454 0.00765383 -0.00204008 -0.00794488 -0.0151711 -0.0258933 -0.0308825 -0.0278645 -0.0202709 -0.0132967 -0.00693751 -0.000729710 0.00267101 0.00580366 0.00679437 0.00613795 0.00431297 0.000493842 -0.00219828 -0.00437031 -0.00660599 -0.00791173 -0.00827645 -0.00778994 -0.00723212 -0.00590312 -0.00428143 -0.00435583 -0.00352754 -0.00243833 -0.00178523 -0.000268581 0.00197284 0.00275452 0.00132985 -0.000113454 -0.00148579 -0.00275804 -0.00248785 -0.00251004 -0.00427104 -0.00544537 -0.00499117 -0.00390770 -0.00383684 -0.00335226 -0.00266114 -0.00291085 -0.00324399 -0.00320518 -0.00258787 -0.00141372 -0.000599867 -0.00121968 -0.00248902 -0.00291192 -0.00242511 -0.00199017 -0.00138011 -0.000872373 -0.00129391 -0.00162018 -0.00137469 -0.00105920 -0.00172914 -0.00220205 -0.00257173 -0.00233350 -0.00216779 -0.00169582 -0.00206029 -0.000635657 0.00000 0.00000 0.00000 0.00000 0.00000 0.00000 0.00000 0.00000 0.00000 0.00000 0.00000 0.00000 0.00000 0.00000 0.00000 0.00000 0.00000 0.00000 0.00000 0.00000 0.00000 0.00000 0.00000 0.00000 0.00000 0.00000 0.00000 0.00000 0.00000 0.00000 0.00000 0.00000 0.00000 0.00000 0.00000 0.00000 0.00000 0.00000 0.00000 0.00000 0.00000 0.00000 0.00000 0.00000 0.00000 0.00000 0.00000 0.00000 0.00000 0.00000 0.00000 0.00000 0.00000 0.00000 0.00000 0.00000 0.00000 0.00000 0.00000 0.00000 0.00000 0.00000 0.00000 0.00000 0.00000 0.00000 0.00000 0.00000 0.00000 0.00000 0.00000 0.00000 0.00000 0.00000 0.00000 0.00000 0.00000 0.00000 0.00000 0.00000 0.00000 0.00000 0.00000 0.00000 0.00000 0.00000 0.00000 0.00000 0.00000 0.00000 0.00000 0.00000 0.00000 0.00000 0.00000 0.00000 0.00000 0.00000 0.00000 0.00000 0.00000 0.00000 0.00000 0.00000 0.00000 0.00000 0.00000 0.00000 0.00000 0.00000 0.00000 0.00000 0.00000 0.00000 0.00000 0.00000 0.00000 0.00000 0.00000 0.00000 0.00000 0.00000 0.00000 0.00000 0.00000 0.00000 0.00000 0.00000 0.00000 0.00000 0.00000 0.00000 0.00000 0.00000 0.00000 0.00245411 -0.00322161 0.00414083 -0.00544853 0.00693537 -0.00705018 0.142122 0.130959 -0.250968 -0.0566834 0.205797 -0.0287572 0.0140194 0.296861 0.00911545 -0.0263113 0.284393 0.0737334 -0.199523 -0.0685890 -0.0524455 -0.149298 -0.0844863 -0.103827 -0.129297 -0.0253596 0.0378515 -0.00188541 0.0336237 0.0907116 0.0504039 0.0210834 0.0299671 -0.00996685 -0.0397135 -0.0232544 -0.0292880 -0.0437148 -0.0391474 -0.0264558 -0.0228689 -0.00968450 -0.00188265 -0.000519879 0.00699685 0.0176459 0.0166206 0.0136745 0.0160473 0.00887594 -0.00489435 -0.00669720 -0.00390820 -0.0141399 -0.0189053 -0.0158519 -0.0165586 -0.0147492 -0.00529457 0.000693039 -0.0000593277 0.000322489 0.00465811 0.00546028 0.00293128 0.00706762 0.00824044 0.000962532 -0.00142634 -0.00132959 -0.00859476 -0.00915153 -0.00468571 -0.00880077 -0.0119754 -0.00573492 -0.00256962 -0.00183532 0.00345731 0.00417079 0.000670412 0.00150985 0.00332094 0.00235840 0.00245219 0.00113450 -0.00295976 -0.00451954 -0.00325877 -0.00316980 -0.00435822 -0.00526732 -0.00667377 -0.00768679 -0.00591280 -0.00208875 -0.000385396 -0.00109685 -0.00115998 -0.00102910 -0.000676553 0.000140595 -0.000659056 -0.00375278 -0.00637997 -0.00634191 -0.00463009 -0.00312213 -0.00210666 -0.00199135 -0.00229951 -0.000384145 0.00211009 0.00220583 0.00117512 0.000963863 0.000338617 -0.000537576 0.000501181 0.000746784 0.0000123435 0.00000 0.00000 0.00000 0.00000 0.00000 0.00000 0.00000 0.00000 0.00000 0.00000 0.00000 0.00000 0.00000 0.00000 0.00000 0.00000 0.00000 0.00000 0.00000 0.00000 0.00000 0.00000 0.00000 0.00000 0.00000 0.00000 0.00000 0.00000 0.00000 0.00000 0.00000 0.00000 0.00000 0.00000 0.00000 0.00000 0.00000 0.00000 0.00000 0.00000 0.00000 0.00000 0.00000 0.00000 0.00000 0.00000 0.00000 0.00000 0.00000 0.00000 0.00000 0.00000 0.00000 0.00000 0.00000 0.00000 0.00000 0.00000 0.00000 0.00000 0.00000 0.00000 0.00000 0.00000 0.00000 0.00000 0.00000 0.00000 0.00000 0.00000 0.00000 0.00000 0.00000 0.00000 0.00000 0.00000 0.00000 0.00000 0.00000 0.00000 0.00000 0.00000 0.00000 0.00000 0.00000 0.00000 0.00000 0.00000 0.00000 0.00000 0.00000 0.00000 0.00000 0.00000 0.00000 0.00000 0.00000 0.00000 0.00000 0.00000 0.00000 0.00000 0.00000 0.00000 0.00000 0.00000 0.00000 0.00000 0.00000 0.00000 0.00000 0.00000 0.00000 0.00000 0.00000 0.00000 0.00000 0.00000 0.00000 0.00000 0.00000 0.00000 0.00000 0.00000 0.00000 0.00000 0.00000 0.00000 0.00000 0.00000 0.00000 0.00000 0.00000 0.00000 0.00000
-0.0000687820 0.00000166263 -0.0000838136 0.0000316665 -0.000139493 0.0000853574 -0.000197934 0.000124982 -0.000197476 0.000232444 -0.000268965 0.000324905 -0.000419468 0.000420446 -0.000601074 0.000778290 -0.000849133 0.00141211 0.00365989 0.0554814 0.0503706 -0.0527606 -0.0258457 0.0257192 -0.0109706 0.0161744 0.138132 0.106711 0.00574980 0.0307964 0.0212700 -0.0318346 -0.0310831 -0.0556541 -0.0766695 -0.0403331 -0.0291238 -0.0368840 -0.0172289 0.0119080 0.0111100 0.0156176 0.0338552 0.0247440 0.00878801 0.00858626 0.00470830 -0.00523237 -0.00460416 -0.000647340 -0.00309680 -0.00753463 -0.00902289 -0.0137251 -0.0111230 -0.00713706 -0.00892432 -0.0106712 -0.00915590 -0.00584801 -0.00538833 -0.00325554 -0.00128433 -0.00232040 -0.00475964 -0.00317180 -0.000561724 0.000196530 -0.000566077 -0.00157990 -0.00351658 -0.00267424 -0.000983471 -0.00202708 -0.00330734 -0.00337186 -0.00376492 -0.00496246 -0.00323167 -0.00128666 -0.00238664 -0.00306686 -0.00211412 -0.00290334 -0.00276122 -0.00130740 -0.00167985 -0.00271570 -0.00204143 -0.00151293 -0.00228972 -0.00169702 -0.00125721 -0.00241915 -0.00306549 -0.00352526 -0.00371470 -0.00325720 -0.00289511 -0.00354394 -0.00426734 -0.00359960 -0.00204170 -0.000364762 0.000912647 0.000548030 -0.00136270 -0.00279106 -0.00260764 -0.00180850 -0.00170942 -0.00243057 -0.00307509 -0.00322987 -0.00282656 -0.00216707 -0.00178024 -0.00209091 -0.00207841 -0.00222058 -0.000572663 0.00000 0.00000 0.00000 0.00000 0.00000 0.00000 0.00000 0.00000 0.00000 0.00000 0.00000 0.00000 0.00000 0.00000 0.00000 0.00000 0.00000 0.00000 0.00000 0.00000 0.00000 0.00000 0.00000 0.00000 0.00000 0.00000 0.00000 0.00000 0.00000 0.00000 0.00000 0.00000 0.00000 0.00000 0.00000 0.00000 0.00000 0.00000 0.00000 0.00000 0.00000 0.00000 0.00000 0.00000 0.00000 0.00000 0.00000 0.00000 0.00000 0.00000 0.00000 0.00000 0.00000 0.00000 0.00000 0.00000 0.00000 0.00000 0.00000 0.00000 0.00000 0.00000 0.00000 0.00000 0.00000 0.00000 0.00000 0.00000 0.00000 0.00000 0.00000 0.00000 0.00000 0.00000 0.00000 0.00000 0.00000 0.00000 0.00000 0.00000 0.00000 0.00000 0.00000 0.00000 0.00000 0.00000 0.00000 0.00000 0.00000 0.00000 0.00000 0.00000 0.00000 0.00000 0.00000 0.00000 0.00000 0.00000 0.00000 0.00000 0.00000 0.00000 0.00000 0.00000 0.00000 0.00000 0.00000 0.00000 0.00000 0.00000 0.00000 0.00000 0.00000 0.00000 0.00000 0.00000 0.00000 0.00000 0.00000 0.00000 0.00000 0.00000 0.00000 0.00000 0.00000 0.00000 0.00000 0.00000 0.00000 0.00000 0.00000 0.00000 0.00000 0.00000 0.00000 0.000723756 -0.000854366 0.000864972 -0.00110469 0.00122461 -0.00186179 0.00250892 -0.00337552 0.0839265 0.134546 -0.140155 -0.0547061 0.118436 -0.0560231 -0.00962388 0.253119 0.118469 0.0157169 0.193735 0.0389862 -0.128579 -0.0334167 -0.0776592 -0.160746 -0.0796467 -0.0935998 -0.0983091 -0.0261743 0.0142726 0.00293119 0.0386893 0.0787439 0.0360296 0.0175838 0.0258392 -0.000962284 -0.0278705 -0.0194896 -0.0201972 -0.0248212 -0.0340716 -0.0313295 -0.0312408 -0.0171664 -0.0101683 -0.00751152 0.00506167 0.0162035 0.0166671 0.0138108 0.0174372 0.0148378 0.00209110 -0.00507432 -0.00429823 -0.0114592 -0.0145079 -0.0113571 -0.0112239 -0.0122253 -0.00751121 -0.00264956 -0.00196626 0.000938710 0.00283553 0.00269912 0.00127156 0.00374329 0.00341966 -0.00176994 -0.00409467 -0.00281629 -0.00714429 -0.00811339 -0.00397326 -0.00633031 -0.00825441 -0.00371479 -0.00181270 -0.00279181 0.00110600 0.00358022 0.00202960 0.00218632 0.000905880 -0.00127870 0.000801474 0.00268621 0.000429889 -0.00223625 -0.00354300 -0.00462678 -0.00575640 -0.00648451 -0.00748435 -0.00727720 -0.00507968 -0.00200010 -0.00104450 -0.00117944 -0.00101869 -0.00131988 -0.00227957 -0.00235762 -0.00195149 -0.00255323 -0.00346936 -0.00400729 -0.00364328 -0.00291063 -0.00161342 -0.000570822 -0.000454948 -0.000202710 0.000676183 0.000721493 0.000174626 0.0000996335 -0.000614096 -0.00134135 -0.000350347 0.00000 0.00000 0.00000 0.00000 0.00000 0.00000 0.00000 0.00000 0.00000 0.00000 0.00000 0.00000 0.00000 0.00000 0.00000 0.00000 0.00000 0.00000 0.00000 0.00000 0.00000 0.00000 0.00000 0.00000 0.00000 0.00000 0.00000 0.00000 0.00000 0.00000 0.00000 0.00000 0.00000 0.00000 0.00000 0.00000 0.00000 0.00000 0.00000 0.00000 0.00000 0.00000 0.00000 0.00000 0.00000 0.00000 0.00000 0.00000 0.00000 0.00000 0.00000 0.00000 0.00000 0.00000 0.00000 0.00000 0.00000 0.00000 0.00000 0.00000 0.00000 0.00000 0.00000 0.00000 0.00000 0.00000 0.00000 0.00000 0.00000 0.00000 0.00000 0.00000 0.00000 0.00000 0.00000 0.00000 0.00000 0.00000 0.00000 0.00000 0.00000 0.00000 0.00000 0.00000 0.00000 0.00000 0.00000 0.00000 0.00000 0.00000 0.00000 0.00000 0.00000 0.00000 0.00000 0.00000 0.00000 0.00000 0.00000 0.00000 0.00000 0.00000 0.00000 0.00000 0.00000 0.00000 0.00000 0.00000 0.00000 0.00000 0.00000 0.00000 0.00000 0.00000 0.00000 0.00000 0.00000 0.00000 0.00000 0.00000 0.00000 0.00000 0.00000 0.00000 0.00000 0.00000 0.00000 0.00000 0.00000 0.00000 0.00000 0.00000 0.00000 0.00000 0.00000
0.00000506554 -0.0000490029 0.0000335884 -0.000129584 0.0000662513 -0.000102809 0.000135144 -0.000141172 0.000190116 -0.000230924 0.000107356 -0.000288483 0.000307237 -0.000392217 0.000970305 0.0000766119 0.0405955 0.0915194 -0.0272021 -0.0726319 0.0150071 0.00746873 -0.0100769 0.148869 0.175255 0.00386388 0.0238827 0.0532960 -0.0369390 -0.0575128 -0.0512748 -0.0936816 -0.0746644 -0.0306768 -0.0432997 -0.0378981 0.0123409 0.0186496 0.00904981 0.0373912 0.0374782 0.0138564 0.00705122 0.00716965 -0.00484747 -0.00843292 -0.00462134 -0.0101244 -0.0182371 -0.0234104 -0.0232764 -0.0153302 -0.00511697 0.00244622 0.00659865 0.00856840 0.00877365 0.00551713 0.00193980 0.000805730 -0.00288487 -0.0114973 -0.0136903 -0.0105249 -0.00793285 -0.00629841 -0.00631523 -0.00618128 -0.00329164 0.000800712 0.00202707 0.00131191 0.00108735 0.00140763 -0.00130527 -0.000978393 0.00142626 -0.000204555 -0.00382980 -0.00496484 -0.00690952 -0.00785737 -0.00466013 -0.00362156 -0.00544875 -0.00402510 -0.00157183 -0.00129817 0.0000611851 0.00159308 0.000885159 -0.000636114 -0.00184306 -0.00246233 -0.00182632 -0.000372720 -0.000531708 -0.00287036 -0.00442548 -0.00445163 -0.00343166 -0.00268101 -0.00265618 -0.00424977 -0.00588873 -0.00454448 -0.00148644 0.000216666 -0.000170201 -0.00108221 -0.00199005 -0.00172407 -0.00126838 -0.00149865 -0.00227204 -0.00291987 -0.00310573 -0.00224823 -0.000676093 0.000383550 0.000130517 0.00000 0.00000 0.00000 0.00000 0.00000 0.00000 0.00000 0.00000 0.00000 0.00000 0.00000 0.00000 0.00000 0.00000 0.00000 0.00000 0.00000 0.00000 0.00000 0.00000 0.00000 0.00000 0.00000 0.00000 0.00000 0.00000 0.00000 0.00000 0.00000 0.00000 0.00000 0.00000 0.00000 0.00000 0.00000 0.00000 0.00000 0.00000 0.00000 0.00000 0.00000 0.00000 0.00000 0.00000 0.00000 0.00000 0.00000 0.00000 0.00000 0.00000 0.00000 0.00000 0.00000 0.00000 0.00000 0.00000 0.00000 0.00000 0.00000 0.00000 0.00000 0.00000 0.00000 0.00000 0.00000 0.00000 0.00000 0.00000 0.00000 0.00000 0.00000 0.00000 0.00000 0.00000 0.00000 0.00000 0.00000 0.00000 0.00000 0.00000 0.00000 0.00000 0.00000 0.00000 0.00000 0.00000 0.00000 0.00000 0.00000 0.00000 0.00000 0.00000 0.00000 0.00000 0.00000 0.00000 0.00000 0.00000 0.00000 0.00000 0.00000 0.00000 0.00000 0.00000 0.00000 0.00000 0.00000 0.00000 0.00000 0.00000 0.00000 0.00000 0.00000 0.00000 0.00000 0.00000 0.00000 0.00000 0.00000 0.00000 0.00000 0.00000 0.00000 0.00000 0.00000 0.00000 0.00000 0.00000 0.00000 0.00000 0.00000 0.00000 0.00000 0.00000 0.00000 -0.000278166 0.000432541 -0.000530265 0.000717029 -0.000955272 0.000947210 -0.00135374 0.00158963 -0.00198716 0.00194442 0.0134112 0.115848 0.0284570 -0.0858399 0.000444691 -0.00507878 -0.0255537 0.103678 0.222460 0.0968986 0.0534289 0.0724394 -0.0127491 -0.0590039 -0.0804245 -0.111536 -0.103175 -0.0886609 -0.0699143 -0.0458058 -0.0198477 0.0196492 0.0277029 0.0442920 0.0461018 0.0310370 0.0154530 0.00366923 -0.00709826 -0.0171556 -0.0133590 -0.0109981 -0.0193349 -0.0267146 -0.0312229 -0.0327157 -0.0239217 -0.0116896 0.00161819 0.00405379 0.00871975 0.0156181 0.0195240 0.0181230 0.00995575 0.00284584 -0.000677070 -0.00475853 -0.00780529 -0.00681634 -0.00583294 -0.00844627 -0.0111401 -0.00779837 -0.00536403 -0.00548820 -0.00619114 -0.00443046 -0.00419245 -0.00318181 0.00179962 0.00463657 0.00236300 0.00113969 -0.00201609 -0.00546949 -0.00335169 -0.00202876 -0.00445568 -0.00559577 -0.00432503 -0.00454868 -0.00418900 -0.000599290 0.00147967 0.00172872 0.000516642 -0.000962511 -0.000855596 0.000847122 0.00161336 0.000273753 -0.00156917 -0.00282343 -0.00371315 -0.00443550 -0.00516107 -0.00631427 -0.00760691 -0.00721054 -0.00483089 -0.00199161 -0.000789586 -0.000673970 -0.00158397 -0.00206249 -0.00142865 -0.000500744 -0.000580552 -0.00179748 -0.00254638 -0.00238756 -0.00121105 -0.0000735501 -0.00000741526 -0.00104703 -0.00181801 -0.00165801 -0.00121790 -0.000796268 -0.000184434 0.00000 0.00000 0.00000 0.00000 0.00000 0.00000 0.00000 0.00000 0.00000 0.00000 0.00000 0.00000 0.00000 0.00000 0.00000 0.00000 0.00000 0.00000 0.00000 0.00000 0.00000 0.00000 0.00000 0.00000 0.00000 0.00000 0.00000 0.00000 0.00000 0.00000 0.00000 0.00000 0.00000 0.00000 0.00000 0.00000 0.00000 0.00000 0.00000 0.00000 0.00000 0.00000 0.00000 0.00000 0.00000 0.00000 0.00000 0.00000 0.00000 0.00000 0.00000 0.00000 0.00000 0.00000 0.00000 0.00000 0.00000 0.00000 0.00000 0.00000 0.00000 0.00000 0.00000 0.00000 0.00000 0.00000 0.00000 0.00000 0.00000 0.00000 0.00000 0.00000 0.00000 0.00000 0.00000 0.00000 0.00000 0.00000 0.00000 0.00000 0.00000 0.00000 0.00000 0.00000 0.00000 0.00000 0.00000 0.00000 0.00000 0.00000 0.00000 0.00000 0.00000 0.00000 0.00000 0.00000 0.00000 0.00000 0.00000 0.00000 0.00000 0.00000 0.00000 0.00000 0.00000 0.00000 0.00000 0.00000 0.00000 0.00000 0.00000 0.00000 0.00000 0.00000 0.00000 0.00000 0.00000 0.00000 0.00000 0.00000 0.00000 0.00000 0.00000 0.00000 0.00000 0.00000 0.00000 0.00000 0.00000 0.00000 0.00000 0.00000 0.00000 0.00000 0.00000
-0.0000833559 -0.0000325989 6.72288e-7 0.00000809053 -0.0000143426 0.0000309323 0.00000980602 -0.000187543 0.0000256266 -0.000116579 0.0000255919 0.0000818044 -0.0000920844 0.0286009 0.104917 0.0103275 -0.0858689 -0.0150292 0.0159249 -0.0144600 0.121670 0.230933 0.0490430 0.00544303 0.0722312 -0.0173394 -0.0810048 -0.0656416 -0.0920849 -0.104791 -0.0572467 -0.0391244 -0.0497750 -0.00222600 0.0297684 0.0141899 0.0323907 0.0453920 0.0265603 0.00756496 0.00612228 -0.00159752 -0.0157367 -0.0119805 -0.00975377 -0.0228015 -0.0260081 -0.0272777 -0.0242899 -0.0110029 -0.00232503 -0.00216755 -0.00223995 0.00889206 0.0140682 0.0123308 0.0154632 0.0138032 0.00530422 -0.00196303 -0.00527746 -0.00796918 -0.00990323 -0.0119123 -0.0158912 -0.0161600 -0.00924019 -0.00541808 -0.00449680 -0.00149870 0.000775560 0.000683810 0.00288912 0.00672169 0.00562983 -0.0000412295 -0.00252927 -0.00451366 -0.00636024 -0.00458874 -0.00254552 -0.00449663 -0.00661012 -0.00532314 -0.00521817 -0.00426208 -0.000487772 0.00146274 -0.000387673 -0.00136211 -0.000872932 0.000762027 0.00278574 0.00324700 0.000706840 -0.00250926 -0.00413055 -0.00492423 -0.00510876 -0.00537014 -0.00640449 -0.00789427 -0.00687587 -0.00361296 -0.000947996 -0.000600841 -0.000878630 -0.00125865 -0.000854884 0.0000110113 0.000510062 -0.000402064 -0.00181153 -0.00268746 -0.00258658 -0.00173796 -0.000547525 -0.000867022 -0.00196615 -0.00252030 -0.000646415 0.00000 0.00000 0.00000 0.00000 0.00000 0.00000 0.00000 0.00000 0.00000 0.00000 0.00000 0.00000 0.00000 0.00000 0.00000 0.00000 0.00000 0.00000 0.00000 0.00000 0.00000 0.00000 0.00000 0.00000 0.00000 0.00000 0.00000 0.00000 0.00000 0.00000 0.00000 0.00000 0.00000 0.00000 0.00000 0.00000 0.00000 0.00000 0.00000 0.00000 0.00000 0.00000 0.00000 0.00000 0.00000 0.00000 0.00000 0.00000 0.00000 0.00000 0.00000 0.00000 0.00000 0.00000 0.00000 0.00000 0.00000 0.00000 0.00000 0.00000 0.00000 0.00000 0.00000 0.00000 0.00000 0.00000 0.00000 0.00000 0.00000 0.00000 0.00000 0.00000 0.00000 0.00000 0.00000 0.00000 0.00000 0.00000 0.00000 0.00000 0.00000 0.00000 0.00000 0.00000 0.00000 0.00000 0.00000 0.00000 0.00000 0.00000 0.00000 0.00000 0.00000 0.00000 0.00000 0.00000 0.00000 0.00000 0.00000 0.00000 0.00000 0.00000 0.00000 0.00000 0.00000 0.00000 0.00000 0.00000 0.00000 0.00000 0.00000 0.00000 0.00000 0.00000 0.00000 0.00000 0.00000 0.00000 0.00000 0.00000 0.00000 0.00000 0.00000 0.00000 0.00000 0.00000 0.00000 0.00000 0.00000 0.00000 0.00000 0.00000 0.00000 0.00000 0.00000 -0.0000833559 -0.0000325989 6.72288e-7 0.00000809053 -0.0000143426 0.0000309323 0.00000980602 -0.000187543 0.0000256266 -0.000116579 0.0000255919 0.0000818044 -0.0000920844 0.0286009 0.104917 0.0103275 -0.0858689 -0.0150292 0.0159249 -0.0144600 0.121670 0.230933 0.0490430 0.00544303 0.0722312 -0.0173394 -0.0810048 -0.0656416 -0.0920849 -0.104791 -0.0572467 -0.0391244 -0.0497750 -0.00222600 0.0297684 0.0141899 0.0323907 0.0453920 0.0265603 0.00756496 0.00612228 -0.00159752 -0.0157367 -0.0119805 -0.00975377 -0.0228015 -0.0260081 -0.0272777 -0.0242899 -0.0110029 -0.00232503 -0.00216755 -0.00223995 0.00889206 0.0140682 0.0123308 0.0154632 0.0138032 0.00530422 -0.00196303 -0.00527746 -0.00796918 -0.00990323 -0.0119123 -0.0158912 -0.0161600 -0.00924019 -0.00541808 -0.00449680 -0.00149870 0.000775560 0.000683810 0.00288912 0.00672169 0.00562983 -0.0000412295 -0.00252927 -0.00451366 -0.00636024 -0.00458874 -0.00254552 -0.00449663 -0.00661012 -0.00532314 -0.00521817 -0.00426208 -0.000487772 0.00146274 -0.000387673 -0.00136211 -0.000872932 0.000762027 0.00278574 0.00324700 0.000706840 -0.00250926 -0.00413055 -0.00492423 -0.00510876 -0.00537014 -0.00640449 -0.00789427 -0.00687587 -0.00361296 -0.000947996 -0.000600841 -0.000878630 -0.00125865 -0.000854884 0.0000110113 0.000510062 -0.000402064 -0.00181153 -0.00268746 -0.00258658 -0.00173796 -0.000547525 -0.000867022 -0.00196615 -0.00252030 -0.000646415 0.00000 0.00000 0.00000 0.00000 0.00000 0.00000 0.00000 0.00000 0.00000 0.00000 0.00000 0.00000 0.00000 0.00000 0.00000 0.00000 0.00000 0.00000 0.00000 0.00000 0.00000 0.00000 0.00000 0.00000 0.00000 0.00000 0.00000 0.00000 0.00000 0.00000 0.00000 0.00000 0.00000 0.00000 0.00000 0.00000 0.00000 0.00000 0.00000 0.00000 0.00000 0.00000 0.00000 0.00000 0.00000 0.00000 0.00000 0.00000 0.00000 0.00000 0.00000 0.00000 0.00000 0.00000 0.00000 0.00000 0.00000 0.00000 0.00000 0.00000 0.00000 0.00000 0.00000 0.00000 0.00000 0.00000 0.00000 0.00000 0.00000 0.00000 0.00000 0.00000 0.00000 0.00000 0.00000 0.00000 0.00000 0.00000 0.00000 0.00000 0.00000 0.00000 0.00000 0.00000 0.00000 0.00000 0.00000 0.00000 0.00000 0.00000 0.00000 0.00000 0.00000 0.00000 0.00000 0.00000 0.00000 0.00000 0.00000 0.00000 0.00000 0.00000 0.00000 0.00000 0.00000 0.00000 0.00000 0.00000 0.00000 0.00000 0.00000 0.00000 0.00000 0.00000 0.00000 0.00000 0.00000 0.00000 0.00000 0.00000 0.00000 0.00000 0.00000 0.00000 0.00000 0.00000 0.00000 0.00000 0.00000 0.00000 0.00000 0.00000 0.00000 0.00000 0.00000
-0.000278166 0.000432541 -0.000530265 0.000717029 -0.000955272 0.000947210 -0.00135374 0.00158963 -0.00198716 0.00194442 0.0134112 0.115848 0.0284570 -0.0858399 0.000444691 -0.00507878 -0.0255537 0.103678 0.222460 0.0968986 0.0534289 0.0724394 -0.0127491 -0.0590039 -0.0804245 -0.111536 -0.103175 -0.0886609 -0.0699143 -0.0458058 -0.0198477 0.0196492 0.0277029 0.0442920 0.0461018 0.0310370 0.0154530 0.00366923 -0.00709826 -0.0171556 -0.0133590 -0.0109981 -0.0193349 -0.0267146 -0.0312229 -0.0327157 -0.0239217 -0.0116896 0.00161819 0.00405379 0.00871975 0.0156181 0.0195240 0.0181230 0.00995575 0.00284584 -0.000677070 -0.00475853 -0.00780529 -0.00681634 -0.00583294 -0.00844627 -0.0111401 -0.00779837 -0.00536403 -0.00548820 -0.00619114 -0.00443046 -0.00419245 -0.00318181 0.00179962 0.00463657 0.00236300 0.00113969 -0.00201609 -0.00546949 -0.00335169 -0.00202876 -0.00445568 -0.00559577 -0.00432503 -0.00454868 -0.00418900 -0.000599290 0.00147967 0.00172872 0.000516642 -0.000962511 -0.000855596 0.000847122 0.00161336 0.000273753 -0.00156917 -0.00282343 -0.00371315 -0.00443550 -0.00516107 -0.00631427 -0.00760691 -0.00721054 -0.00483089 -0.00199161 -0.000789586 -0.000673970 -0.00158397 -0.00206249 -0.00142865 -0.000500744 -0.000580552 -0.00179748 -0.00254638 -0.00238756 -0.00121105 -0.0000735501 -0.00000741526 -0.00104703 -0.00181801 -0.00165801 -0.00121790 -0.000796268 -0.000184434 0.00000 0.00000 0.00000 0.00000 0.00000 0.00000 0.00000 0.00000 0.00000 0.00000 0.00000 0.00000 0.00000 0.00000 0.00000 0.00000 0.00000 0.00000 0.00000 0.00000 0.00000 0.00000 0.00000 0.00000 0.00000 0.00000 0.00000 0.00000 0.00000 0.00000 0.00000 0.00000 0.00000 0.00000 0.00000 0.00000 0.00000 0.00000 0.00000 0.00000 0.00000 0.00000 0.00000 0.00000 0.00000 0.00000 0.00000 0.00000 0.00000 0.00000 0.00000 0.00000 0.00000 0.00000 0.00000 0.00000 0.00000 0.00000 0.00000 0.00000 0.00000 0.00000 0.00000 0.00000 0.00000 0.00000 0.00000 0.00000 0.00000 0.00000 0.00000 0.00000 0.00000 0.00000 0.00000 0.00000 0.00000 0.00000 0.00000 0.00000 0.00000 0.00000 0.00000 0.00000 0.00000 0.00000 0.00000 0.00000 0.00000 0.00000 0.00000 0.00000 0.00000 0.00000 0.00000 0.00000 0.00000 0.00000 0.00000 0.00000 0.00000 0.00000 0.00000 0.00000 0.00000 0.00000 0.00000 0.00000 0.00000 0.00000 0.00000 0.00000 0.00000 0.00000 0.00000 0.00000 0.00000 0.00000 0.00000 0.00000 0.00000 0.00000 0.00000 0.00000 0.00000 0.00000 0.00000 0.00000 0.00000 0.00000 0.00000 0.00000 0.00000 0.00000 0.00000 0.00000506554 -0.0000490029 0.0000335884 -0.000129584 0.0000662513 -0.000102809 0.000135144 -0.000141172 0.000190116 -0.000230924 0.000107356 -0.000288483 0.000307237 -0.000392217 0.000970305 0.0000766119 0.0405955 0.0915194 -0.0272021 -0.0726319 0.0150071 0.00746873 -0.0100769 0.148869 0.175255 0.00386388 0.0238827 0.0532960 -0.0369390 -0.0575128 -0.0512748 -0.0936816 -0.0746644 -0.0306768 -0.0432997 -0.0378981 0.0123409 0.0186496 0.00904981 0.0373912 0.0374782 0.0138564 0.00705122 0.00716965 -0.00484747 -0.00843292 -0.00462134 -0.0101244 -0.0182371 -0.0234104 -0.0232764 -0.0153302 -0.00511697 0.00244622 0.00659865 0.00856840 0.00877365 0.00551713 0.00193980 0.000805730 -0.00288487 -0.0114973 -0.0136903 -0.0105249 -0.00793285 -0.00629841 -0.00631523 -0.00618128 -0.00329164 0.000800712 0.00202707 0.00131191 0.00108735 0.00140763 -0.00130527 -0.000978393 0.00142626 -0.000204555 -0.00382980 -0.00496484 -0.00690952 -0.00785737 -0.00466013 -0.00362156 -0.00544875 -0.00402510 -0.00157183 -0.00129817 0.0000611851 0.00159308 0.000885159 -0.000636114 -0.00184306 -0.00246233 -0.00182632 -0.000372720 -0.000531708 -0.00287036 -0.00442548 -0.00445163 -0.00343166 -0.00268101 -0.00265618 -0.00424977 -0.00588873 -0.00454448 -0.00148644 0.000216666 -0.000170201 -0.00108221 -0.00199005 -0.00172407 -0.00126838 -0.00149865 -0.00227204 -0.00291987 -0.00310573 -0.00224823 -0.000676093 0.000383550 0.000130517 0.00000 0.00000 0.00000 0.00000 0.00000 0.00000 0.00000 0.00000 0.00000 0.00000 0.00000 0.00000 0.00000 0.00000 0.00000 0.00000 0.00000 0.00000 0.00000 0.00000 0.00000 0.00000 0.00000 0.00000 0.00000 0.00000 0.00000 0.00000 0.00000 0.00000 0.00000 0.00000 0.00000 0.00000 0.00000 0.00000 0.00000 0.00000 0.00000 0.00000 0.00000 0.00000 0.00000 0.00000 0.00000 0.00000 0.00000 0.00000 0.00000 0.00000 0.00000 0.00000 0.00000 0.00000 0.00000 0.00000 0.00000 0.00000 0.00000 0.00000 0.00000 0.00000 0.00000 0.00000 0.00000 0.00000 0.00000 0.00000 0.00000 0.00000 0.00000 0.00000 0.00000 0.00000 0.00000 0.00000 0.00000 0.00000 0.00000 0.00000 0.00000 0.00000 0.00000 0.00000 0.00000 0.00000 0.00000 0.00000 0.00000 0.00000 0.00000 0.00000 0.00000 0.00000 0.00000 0.00000 0.00000 0.00000 0.00000 0.00000 0.00000 0.00000 0.00000 0.00000 0.00000 0.00000 0.00000 0.00000 0.00000 0.00000 0.00000 0.00000 0.00000 0.00000 0.00000 0.00000 0.00000 0.00000 0.00000 0.00000 0.00000 0.00000 0.00000 0.00000 0.00000 0.00000 0.00000 0.00000 0.00000 0.00000 0.00000 0.00000 0.00000 0.00000 0.00000
0.000723756 -0.000854366 0.000864972 -0.00110469 0.00122461 -0.00186179 0.00250892 -0.00337552 0.0839265 0.134546 -0.140155 -0.0547061 0.118436 -0.0560231 -0.00962388 0.253119 0.118469 0.0157169 0.193735 0.0389862 -0.128579 -0.0334167 -0.0776592 -0.160746 -0.0796467 -0.0935998 -0.0983091 -0.0261743 0.0142726 0.00293119 0.0386893 0.0787439 0.0360296 0.0175838 0.0258392 -0.000962284 -0.0278705 -0.0194896 -0.0201972 -0.0248212 -0.0340716 -0.0313295 -0.0312408 -0.0171664 -0.0101683 -0.00751152 0.00506167 0.0162035 0.0166671 0.0138108 0.0174372 0.0148378 0.00209110 -0.00507432 -0.00429823 -0.0114592 -0.0145079 -0.0113571 -0.0112239 -0.0122253 -0.00751121 -0.00264956 -0.00196626 0.000938710 0.00283553 0.00269912 0.00127156 0.00374329 0.00341966 -0.00176994 -0.00409467 -0.00281629 -0.00714429 -0.00811339 -0.00397326 -0.00633031 -0.00825441 -0.00371479 -0.00181270 -0.00279181 0.00110600 0.00358022 0.00202960 0.00218632 0.000905880 -0.00127870 0.000801474 0.00268621 0.000429889 -0.00223625 -0.00354300 -0.00462678 -0.00575640 -0.00648451 -0.00748435 -0.00727720 -0.00507968 -0.00200010 -0.00104450 -0.00117944 -0.00101869 -0.00131988 -0.00227957 -0.00235762 -0.00195149 -0.00255323 -0.00346936 -0.00400729 -0.00364328 -0.00291063 -0.00161342 -0.000570822 -0.000454948 -0.000202710 0.000676183 0.000721493 0.000174626 0.0000996335 -0.000614096 -0.00134135 -0.000350347 0.00000 0.00000 0.00000 0.00000 0.00000 0.00000 0.00000 0.00000 0.00000 0.00000 0.00000 0.00000 0.00000 0.00000 0.00000 0.00000 0.00000 0.00000 0.00000 0.00000 0.00000 0.00000 0.00000 0.00000 0.00000 0.00000 0.00000 0.00000 0.00000 0.00000 0.00000 0.00000 0.00000 0.00000 0.00000 0.00000 0.00000 0.00000 0.00000 0.00000 0.00000 0.00000 0.00000 0.00000 0.00000 0.00000 0.00000 0.00000 0.00000 0.00000 0.00000 0.00000 0.00000 0.00000 0.00000 0.00000 0.00000 0.00000 0.00000 0.00000 0.00000 0.00000 0.00000 0.00000 0.00000 0.00000 0.00000 0.00000 0.00000 0.00000 0.00000 0.00000 0.00000 0.00000 0.00000 0.00000 0.00000 0.00000 0.00000 0.00000 0.00000 0.00000 0.00000 0.00000 0.00000 0.00000 0.00000 0.00000 0.00000 0.00000 0.00000 0.00000 0.00000 0.00000 0.00000 0.00000 0.00000 0.00000 0.00000 0.00000 0.00000 0.00000 0.00000 0.00000 0.00000 0.00000 0.00000 0.00000 0.00000 0.00000 0.00000 0.00000 0.00000 0.00000 0.00000 0.00000 0.00000 0.00000 0.00000 0.00000 0.00000 0.00000 0.00000 0.00000 0.00000 0.00000 0.00000 0.00000 0.00000 0.00000 0.00000 0.00000 0.00000 0.00000 0.00000 -0.0000687820 0.00000166263 -0.0000838136 0.0000316665 -0.000139493 0.0000853574 -0.000197934 0.000124982 -0.000197476 0.000232444 -0.000268965 0.000324905 -0.000419468 0.000420446 -0.000601074 0.000778290 -0.000849133 0.00141211 0.00365989 0.0554814 0.0503706 -0.0527606 -0.0258457 0.0257192 -0.0109706 0.0161744 0.138132 0.106711 0.00574980 0.0307964 0.0212700 -0.0318346 -0.0310831 -0.0556541 -0.0766695 -0.0403331 -0.0291238 -0.0368840 -0.0172289 0.0119080 0.0111100 0.0156176 0.0338552 0.0247440 0.00878801 0.00858626 0.00470830 -0.00523237 -0.00460416 -0.000647340 -0.00309680 -0.00753463 -0.00902289 -0.0137251 -0.0111230 -0.00713706 -0.00892432 -0.0106712 -0.00915590 -0.00584801 -0.00538833 -0.00325554 -0.00128433 -0.00232040 -0.00475964 -0.00317180 -0.000561724 0.000196530 -0.000566077 -0.00157990 -0.00351658 -0.00267424 -0.000983471 -0.00202708 -0.00330734 -0.00337186 -0.00376492 -0.00496246 -0.00323167 -0.00128666 -0.00238664 -0.00306686 -0.00211412 -0.00290334 -0.00276122 -0.00130740 -0.00167985 -0.00271570 -0.00204143 -0.00151293 -0.00228972 -0.00169702 -0.00125721 -0.00241915 -0.00306549 -0.00352526 -0.00371470 -0.00325720 -0.00289511 -0.00354394 -0.00426734 -0.00359960 -0.00204170 -0.000364762 0.000912647 0.000548030 -0.00136270 -0.00279106 -0.00260764 -0.00180850 -0.00170942 -0.00243057 -0.00307509 -0.00322987 -0.00282656 -0.00216707 -0.00178024 -0.00209091 -0.00207841 -0.00222058 -0.000572663 0.00000 0.00000 0.00000 0.00000 0.00000 0.00000 0.00000 0.00000 0.00000 0.00000 0.00000 0.00000 0.00000 0.00000 0.00000 0.00000 0.00000 0.00000 0.00000 0.00000 0.00000 0.00000 0.00000 0.00000 0.00000 0.00000 0.00000 0.00000 0.00000 0.00000 0.00000 0.00000 0.00000 0.00000 0.00000 0.00000 0.00000 0.00000 0.00000 0.00000 0.00000 0.00000 0.00000 0.00000 0.00000 0.00000 0.00000 0.00000 0.00000 0.00000 0.00000 0.00000 0.00000 0.00000 0.00000 0.00000 0.00000 0.00000 0.00000 0.00000 0.00000 0.00000 0.00000 0.00000 0.00000 0.00000 0.00000 0.00000 0.00000 0.00000 0.00000 0.00000 0.00000 0.00000 0.00000 0.00000 0.00000 0.00000 0.00000 0.00000 0.00000 0.00000 0.00000 0.00000 0.00000 0.00000 0.00000 0.00000 0.00000 0.00000 0.00000 0.00000 0.00000 0.00000 0.00000 0.00000 0.00000 0.00000 0.00000 0.00000 0.00000 0.00000 0.00000 0.00000 0.00000 0.00000 0.00000 0.00000 0.00000 0.00000 0.00000 0.00000 0.00000 0.00000 0.00000 0.00000 0.00000 0.00000 0.00000 0.00000 0.00000 0.00000 0.00000 0.00000 0.00000 0.00000 0.00000 0.00000 0.00000 0.00000 0.00000 0.00000 0.00000 0.00000 0.00000
0.00245411 -0.00322161 0.00414083 -0.00544853 0.00693537 -0.00705018 0.142122 0.130959 -0.250968 -0.0566834 0.205797 -0.0287572 0.0140194 0.296861 0.00911545 -0.0263113 0.284393 0.0737334 -0.199523 -0.0685890 -0.0524455 -0.149298 -0.0844863 -0.103827 -0.129297 -0.0253596 0.0378515 -0.00188541 0.0336237 0.0907116 0.0504039 0.0210834 0.0299671 -0.00996685 -0.0397135 -0.0232544 -0.0292880 -0.0437148 -0.0391474 -0.0264558 -0.0228689 -0.00968450 -0.00188265 -0.000519879 0.00699685 0.0176459 0.0166206 0.0136745 0.0160473 0.00887594 -0.00489435 -0.00669720 -0.00390820 -0.0141399 -0.0189053 -0.0158519 -0.0165586 -0.0147492 -0.00529457 0.000693039 -0.0000593277 0.000322489 0.00465811 0.00546028 0.00293128 0.00706762 0.00824044 0.000962532 -0.00142634 -0.00132959 -0.00859476 -0.00915153 -0.00468571 -0.00880077 -0.0119754 -0.00573492 -0.00256962 -0.00183532 0.00345731 0.00417079 0.000670412 0.00150985 0.00332094 0.00235840 0.00245219 0.00113450 -0.00295976 -0.00451954 -0.00325877 -0.00316980 -0.00435822 -0.00526732 -0.00667377 -0.00768679 -0.00591280 -0.00208875 -0.000385396 -0.00109685 -0.00115998 -0.00102910 -0.000676553 0.000140595 -0.000659056 -0.00375278 -0.00637997 -0.00634191 -0.00463009 -0.00312213 -0.00210666 -0.00199135 -0.00229951 -0.000384145 0.00211009 0.00220583 0.00117512 0.000963863 0.000338617 -0.000537576 0.000501181 0.000746784 0.0000123435 0.00000 0.00000 0.00000 0.00000 0.00000 0.00000 0.00000 0.00000 0.00000 0.00000 0.00000 0.00000 0.00000 0.00000 0.00000 0.00000 0.00000 0.00000 0.00000 0.00000 0.00000 0.00000 0.00000 0.00000 0.00000 0.00000 0.00000 0.00000 0.00000 0.00000 0.00000 0.00000 0.00000 0.00000 0.00000 0.00000 0.00000 0.00000 0.00000 0.00000 0.00000 0.00000 0.00000 0.00000 0.00000 0.00000 0.00000 0.00000 0.00000 0.00000 0.00000 0.00000 0.00000 0.00000 0.00000 0.00000 0.00000 0.00000 0.00000 0.00000 0.00000 0.00000 0.00000 0.00000 0.00000 0.00000 0.00000 0.00000 0.00000 0.00000 0.00000 0.00000 0.00000 0.00000 0.00000 0.00000 0.00000 0.00000 0.00000 0.00000 0.00000 0.00000 0.00000 0.00000 0.00000 0.00000 0.00000 0.00000 0.00000 0.00000 0.00000 0.00000 0.00000 0.00000 0.00000 0.00000 0.00000 0.00000 0.00000 0.00000 0.00000 0.00000 0.00000 0.00000 0.00000 0.00000 0.00000 0.00000 0.00000 0.00000 0.00000 0.00000 0.00000 0.00000 0.00000 0.00000 0.00000 0.00000 0.00000 0.00000 0.00000 0.00000 0.00000 0.00000 0.00000 0.00000 0.00000 0.00000 0.00000 0.00000 0.00000 0.00000 0.00000 0.00000 0.00000 0.0000461806 0.00000798082 -0.00000967011 -0.0000129118 -0.0000263956 -0.0000103463 -0.0000289815 -0.00000468763 -0.0000532048 -0.00000987538 0.00000115129 -0.00000964732 -0.0000294715 0.0000227928 0.0000340594 -0.0000215418 -0.0000368924 0.0000552806 0.0000802205 0.000333092 0.000404407 0.0168098 0.0517329 -0.00217310 -0.0355684 0.0124558 0.0106785 -0.0103884 0.0377436 0.104928 0.0621246 0.0118676 0.0239375 0.00510812 -0.0162658 -0.0271756 -0.0504251 -0.0417392 -0.0240032 -0.0244117 -0.0192493 0.000259563 0.0110425 0.00630228 0.0131063 0.0204542 0.0175959 0.0151841 0.0137304 0.0128454 0.00765383 -0.00204008 -0.00794488 -0.0151711 -0.0258933 -0.0308825 -0.0278645 -0.0202709 -0.0132967 -0.00693751 -0.000729710 0.00267101 0.00580366 0.00679437 0.00613795 0.00431297 0.000493842 -0.00219828 -0.00437031 -0.00660599 -0.00791173 -0.00827645 -0.00778994 -0.00723212 -0.00590312 -0.00428143 -0.00435583 -0.00352754 -0.00243833 -0.00178523 -0.000268581 0.00197284 0.00275452 0.00132985 -0.000113454 -0.00148579 -0.00275804 -0.00248785 -0.00251004 -0.00427104 -0.00544537 -0.00499117 -0.00390770 -0.00383684 -0.00335226 -0.00266114 -0.00291085 -0.00324399 -0.00320518 -0.00258787 -0.00141372 -0.000599867 -0.00121968 -0.00248902 -0.00291192 -0.00242511 -0.00199017 -0.00138011 -0.000872373 -0.00129391 -0.00162018 -0.00137469 -0.00105920 -0.00172914 -0.00220205 -0.00257173 -0.00233350 -0.00216779 -0.00169582 -0.00206029 -0.000635657 0.00000 0.00000 0.00000 0.00000 0.00000 0.00000 0.00000 0.00000 0.00000 0.00000 0.00000 0.00000 0.00000 0.00000 0.00000 0.00000 0.00000 0.00000 0.00000 0.00000 0.00000 0.00000 0.00000 0.00000 0.00000 0.00000 0.00000 0.00000 0.00000 0.00000 0.00000 0.00000 0.00000 0.00000 0.00000 0.00000 0.00000 0.00000 0.00000 0.00000 0.00000 0.00000 0.00000 0.00000 0.00000 0.00000 0.00000 0.00000 0.00000 0.00000 0.00000 0.00000 0.00000 0.00000 0.00000 0.00000 0.00000 0.00000 0.00000 0.00000 0.00000 0.00000 0.00000 0.00000 0.00000 0.00000 0.00000 0.00000 0.00000 0.00000 0.00000 0.00000 0.00000 0.00000 0.00000 0.00000 0.00000 0.00000 0.00000 0.00000 0.00000 0.00000 0.00000 0.00000 0.00000 0.00000 0.00000 0.00000 0.00000 0.00000 0.00000 0.00000 0.00000 0.00000 0.00000 0.00000 0.00000 0.00000 0.00000 0.00000 0.00000 0.00000 0.00000 0.00000 0.00000 0.00000 0.00000 0.00000 0.00000 0.00000 0.00000 0.00000 0.00000 0.00000 0.00000 0.00000 0.00000 0.00000 0.00000 0.00000 0.00000 0.00000 0.00000 0.00000 0.00000 0.00000 0.00000 0.00000 0.00000 0.00000 0.00000 0.00000 0.00000 0.00000 0.00000
0.000170750 -0.000134035 0.000285395 -0.00385054 0.0749283 0.266705 -0.205495 -0.265418 0.204459 0.108969 -0.0159924 0.313658 0.110910 -0.201921 0.195152 0.257275 -0.120277 -0.164663 -0.0656695 -0.131343 -0.0566582 -0.0865975 -0.174958 -0.0964091 0.0440502 0.0306690 0.0149997 0.0772093 0.0723619 0.0354830 0.0409776 0.000495844 -0.0592692 -0.0276029 -0.00898776 -0.0432041 -0.0632651 -0.0360411 -0.0168007 -0.00441086 -0.000524040 -0.00180328 -0.00183280 0.0101994 0.0163465 0.0122870 0.0152441 0.0151730 -0.000136736 -0.00866554 -0.00298843 -0.00811019 -0.0188917 -0.0159140 -0.0159985 -0.0191596 -0.0105656 0.00142160 -0.00110641 -0.00480357 -0.000976160 0.00484170 0.00349182 0.00782681 0.0116614 0.00317690 -0.00347438 0.0000203856 -0.00292106 -0.00652028 -0.00155630 -0.00361077 -0.0106533 -0.00729981 -0.00246838 -0.00294729 0.000288846 0.00286156 -0.00161376 -0.00295110 0.000475002 0.00207421 0.00305014 0.00370009 -0.000195467 -0.00499392 -0.00470812 -0.00184455 -0.000839408 -0.00232571 -0.00572721 -0.00894684 -0.00762413 -0.00166769 0.00100362 -0.00128657 -0.00391646 -0.00364752 -0.00288948 -0.000219046 0.00116227 -0.000894319 -0.00489090 -0.00697642 -0.00559402 -0.00249971 0.0000267752 -0.000573392 -0.00293934 -0.00331985 -0.0000435925 0.00209923 0.00113262 -0.0000334957 -0.00117778 -0.00198002 -0.000294543 0.00205501 0.00118616 -0.000731726 -0.000349971 0.00000 0.00000 0.00000 0.00000 0.00000 0.00000 0.00000 0.00000 0.00000 0.00000 0.00000 0.00000 0.00000 0.00000 0.00000 0.00000 0.00000 0.00000 0.00000 0.00000 0.00000 0.00000 0.00000 0.00000 0.00000 0.00000 0.00000 0.00000 0.00000 0.00000 0.00000 0.00000 0.00000 0.00000 0.00000 0.00000 0.00000 0.00000 0.00000 0.00000 0.00000 0.00000 0.00000 0.00000 0.00000 0.00000 0.00000 0.00000 0.00000 0.00000 0.00000 0.00000 0.00000 0.00000 0.00000 0.00000 0.00000 0.00000 0.00000 0.00000 0.00000 0.00000 0.00000 0.00000 0.00000 0.00000 0.00000 0.00000 0.00000 0.00000 0.00000 0.00000 0.00000 0.00000 0.00000 0.00000 0.00000 0.00000 0.00000 0.00000 0.00000 0.00000 0.00000 0.00000 0.00000 0.00000 0.00000 0.00000 0.00000 0.00000 0.00000 0.00000 0.00000 0.00000 0.00000 0.00000 0.00000 0.00000 0.00000 0.00000 0.00000 0.00000 0.00000 0.00000 0.00000 0.00000 0.00000 0.00000 0.00000 0.00000 0.00000 0.00000 0.00000 0.00000 0.00000 0.00000 0.00000 0.00000 0.00000 0.00000 0.00000 0.00000 0.00000 0.00000 0.00000 0.00000 0.00000 0.00000 0.00000 0.00000 0.00000 0.00000 0.00000 0.00000 0.00000 0.0000214799 0.0000142612 0.0000284379 0.0000526856 0.0000373163 0.00000716868 -9.47065e-7 -0.0000250567 0.0000186923 -0.0000124697 0.0000512650 -0.0000403067 0.0000515524 -0.00000259857 0.0000629185 -0.00000658216 0.000169472 -0.0000712204 0.000181891 -0.0000910237 0.000309734 0.0000336374 0.000590748 0.00443757 0.0305509 0.0163716 -0.0205644 0.00190022 0.0145640 -0.000913306 0.00370699 0.0464334 0.0695890 0.0360292 0.0162394 0.0144982 0.00412468 -0.00141044 -0.0161648 -0.0269034 -0.0225084 -0.0208271 -0.0154430 0.00149458 0.0161618 0.0203860 0.0214245 0.0201579 0.00723046 -0.00374957 -0.0117125 -0.0216029 -0.0215262 -0.0177978 -0.0179856 -0.0155426 -0.0104210 -0.00802567 -0.00698378 -0.00267285 0.00252853 0.00393754 0.00434195 0.00280533 0.000767640 -0.000688036 -0.00317544 -0.00664475 -0.00747419 -0.00765537 -0.00816701 -0.00895243 -0.00827531 -0.00674456 -0.00555128 -0.00525780 -0.00495596 -0.00190030 0.000941243 0.00134863 0.00109678 0.000669072 -0.000151500 -0.00105929 -0.00139029 -0.00150789 -0.00225121 -0.00314160 -0.00344908 -0.00356850 -0.00356605 -0.00395521 -0.00461564 -0.00420119 -0.00287618 -0.00178595 -0.00155184 -0.000781716 -0.000921580 -0.00197274 -0.00283108 -0.00317891 -0.00296470 -0.00272935 -0.00245909 -0.00236549 -0.00277211 -0.00322533 -0.00275070 -0.00211524 -0.00127251 -0.000918383 -0.000728607 -0.000299606 0.000254993 0.0000548385 -0.000157202 -0.00101447 -0.00157207 -0.00276816 -0.000867250 0.00000 0.00000 0.00000 0.00000 0.00000 0.00000 0.00000 0.00000 0.00000 0.00000 0.00000 0.00000 0.00000 0.00000 0.00000 0.00000 0.00000 0.00000 0.00000 0.00000 0.00000 0.00000 0.00000 0.00000 0.00000 0.00000 0.00000 0.00000 0.00000 0.00000 0.00000 0.00000 0.00000 0.00000 0.00000 0.00000 0.00000 0.00000 0.00000 0.00000 0.00000 0.00000 0.00000 0.00000 0.00000 0.00000 0.00000 0.00000 0.00000 0.00000 0.00000 0.00000 0.00000 0.00000 0.00000 0.00000 0.00000 0.00000 0.00000 0.00000 0.00000 0.00000 0.00000 0.00000 0.00000 0.00000 0.00000 0.00000 0.00000 0.00000 0.00000 0.00000 0.00000 0.00000 0.00000 0.00000 0.00000 0.00000 0.00000 0.00000 0.00000 0.00000 0.00000 0.00000 0.00000 0.00000 0.00000 0.00000 0.00000 0.00000 0.00000 0.00000 0.00000 0.00000 0.00000 0.00000 0.00000 0.00000 0.00000 0.00000 0.00000 0.00000 0.00000 0.00000 0.00000 0.00000 0.00000 0.00000 0.00000 0.00000 0.00000 0.00000 0.00000 0.00000 0.00000 0.00000 0.00000 0.00000 0.00000 0.00000 0.00000 0.00000 0.00000 0.00000 0.00000 0.00000 0.00000 0.00000 0.00000 0.00000 0.00000 0.00000 0.00000 0.00000 0.00000
-0.00113142 0.00178593 -0.00668390 0.104365 0.311257 -0.295219 -0.288637 0.246440 0.0883720 0.0309901 0.402340 0.124316 -0.288250 0.158327 0.257300 -0.138866 -0.145407 -0.0834707 -0.180554 -0.0116183 -0.0571472 -0.202949 -0.0924392 0.0509931 0.0327032 0.0174168 0.0866647 0.0746491 0.0346274 0.0460079 -0.00483738 -0.0547170 -0.0172697 -0.0225156 -0.0490260 -0.0631731 -0.0449548 -0.0265044 -0.00400416 0.00651188 -0.00408086 -0.00753906 0.00735151 0.0146220 0.0128097 0.0154812 0.0165182 0.00516650 -0.00470656 0.00288798 -0.000524685 -0.0141853 -0.0163035 -0.0227208 -0.0269625 -0.0158221 -0.00163788 -0.00403717 -0.00730533 -0.00105871 0.00485971 0.00480640 0.0105578 0.0135276 0.00488011 -0.00196341 -0.000243963 -0.00428572 -0.00674844 0.000900088 -0.000780288 -0.00977401 -0.00724397 -0.00279567 -0.00307824 0.000629639 0.00369735 -0.00247899 -0.00460905 -0.00178844 0.000195376 0.00373721 0.00545021 -0.000534360 -0.00639205 -0.00523998 -0.00143493 0.000712593 -0.000593636 -0.00574065 -0.0102116 -0.00904930 -0.00122013 0.00323150 0.000178920 -0.00476354 -0.00538297 -0.00397369 -0.000936246 0.00120089 -0.00121959 -0.00521228 -0.00701770 -0.00524577 -0.00200256 0.00150200 0.00143159 -0.00213187 -0.00347898 -0.000398765 0.00302539 0.00225679 -0.000256390 -0.00288130 -0.00377294 -0.00187406 0.000971649 0.000585002 -0.000859251 -0.00182021 -0.000493996 0.00000 0.00000 0.00000 0.00000 0.00000 0.00000 0.00000 0.00000 0.00000 0.00000 0.00000 0.00000 0.00000 0.00000 0.00000 0.00000 0.00000 0.00000 0.00000 0.00000 0.00000 0.00000 0.00000 0.00000 0.00000 0.00000 0.00000 0.00000 0.00000 0.00000 0.00000 0.00000 0.00000 0.00000 0.00000 0.00000 0.00000 0.00000 0.00000 0.00000 0.00000 0.00000 0.00000 0.00000 0.00000 0.00000 0.00000 0.00000 0.00000 0.00000 0.00000 0.00000 0.00000 0.00000 0.00000 0.00000 0.00000 0.00000 0.00000 0.00000 0.00000 0.00000 0.00000 0.00000 0.00000 0.00000 0.00000 0.00000 0.00000 0.00000 0.00000 0.00000 0.00000 0.00000 0.00000 0.00000 0.00000 0.00000 0.00000 0.00000 0.00000 0.00000 0.00000 0.00000 0.00000 0.00000 0.00000 0.00000 0.00000 0.00000 0.00000 0.00000 0.00000 0.00000 0.00000 0.00000 0.00000 0.00000 0.00000 0.00000 0.00000 0.00000 0.00000 0.00000 0.00000 0.00000 0.00000 0.00000 0.00000 0.00000 0.00000 0.00000 0.00000 0.00000 0.00000 0.00000 0.00000 0.00000 0.00000 0.00000 0.00000 0.00000 0.00000 0.00000 0.00000 0.00000 0.00000 0.00000 0.00000 0.00000 0.00000 0.00000 0.00000 0.00000 0.00000 0.0000192249 -4.01122e-7 0.0000437222 0.00000547961 0.0000150833 0.0000277472 -0.00000401497 0.00000634959 0.0000198816 -0.0000151910 0.0000165858 -0.0000214085 0.0000494447 0.00000389654 0.0000399436 -0.00000515199 0.0000453057 -0.0000267227 0.0000392069 -0.0000329887 0.000290940 -0.000131511 0.000403589 0.0000766770 0.000322135 0.00146203 0.0165873 0.0155446 -0.00791599 -0.000743818 0.0107374 0.00620253 0.00640842 0.0220069 0.0553189 0.0567061 0.0181358 0.000822772 -0.00348885 0.00567817 0.0217316 0.0222883 0.0220590 0.0225475 0.00617513 -0.0150323 -0.0204972 -0.0300616 -0.0445531 -0.0375719 -0.0246830 -0.0219049 -0.0152181 -0.00569323 0.00374332 0.00926339 0.0131102 0.0137322 0.0116753 0.00691940 0.000147067 -0.00558538 -0.00800330 -0.00895178 -0.0110100 -0.0120485 -0.0120348 -0.0118538 -0.0112848 -0.00841949 -0.00560084 -0.00451457 -0.00287189 -0.000558485 0.000836473 0.00143938 0.00171981 0.0000249945 -0.00161137 -0.00255357 -0.00354776 -0.00513365 -0.00519384 -0.00473266 -0.00458421 -0.00382333 -0.00286931 -0.00216622 -0.00210896 -0.00174045 -0.00155520 -0.000987319 -0.000200480 -0.000725008 -0.00128321 -0.00110938 -0.00158801 -0.00290633 -0.00334203 -0.00328440 -0.00306101 -0.00313435 -0.00348913 -0.00339857 -0.00262376 -0.00170924 -0.00158387 -0.00177832 -0.00163477 -0.00172099 -0.00237406 -0.00266708 -0.00228432 -0.00155020 -0.000910131 -0.000898366 -0.000973884 -0.00125336 -0.00103703 -0.00120409 -0.000337252 0.00000 0.00000 0.00000 0.00000 0.00000 0.00000 0.00000 0.00000 0.00000 0.00000 0.00000 0.00000 0.00000 0.00000 0.00000 0.00000 0.00000 0.00000 0.00000 0.00000 0.00000 0.00000 0.00000 0.00000 0.00000 0.00000 0.00000 0.00000 0.00000 0.00000 0.00000 0.00000 0.00000 0.00000 0.00000 0.00000 0.00000 0.00000 0.00000 0.00000 0.00000 0.00000 0.00000 0.00000 0.00000 0.00000 0.00000 0.00000 0.00000 0.00000 0.00000 0.00000 0.00000 0.00000 0.00000 0.00000 0.00000 0.00000 0.00000 0.00000 0.00000 0.00000 0.00000 0.00000 0.00000 0.00000 0.00000 0.00000 0.00000 0.00000 0.00000 0.00000 0.00000 0.00000 0.00000 0.00000 0.00000 0.00000 0.00000 0.00000 0.00000 0.00000 0.00000 0.00000 0.00000 0.00000 0.00000 0.00000 0.00000 0.00000 0.00000 0.00000 0.00000 0.00000 0.00000 0.00000 0.00000 0.00000 0.00000 0.00000 0.00000 0.00000 0.00000 0.00000 0.00000 0.00000 0.00000 0.00000 0.00000 0.00000 0.00000 0.00000 0.00000 0.00000 0.00000 0.00000 0.00000 0.00000 0.00000 0.00000 0.00000 0.00000 0.00000 0.00000 0.00000 0.00000 0.00000 0.00000 0.00000 0.00000 0.00000 0.00000 0.00000 0.00000 0.00000
-0.0101310 0.0139041 -0.0109074 0.280830 0.126126 -0.483161 -0.0311751 0.250392 -0.00514566 0.169655 0.493848 -0.0755583 -0.211856 0.218182 0.0681527 -0.181061 -0.0979450 -0.166476 -0.145444 0.0168979 -0.0819208 -0.170485 -0.0314336 0.0735654 -0.00935578 0.0491379 0.109640 0.0602990 0.0275237 0.0445528 -0.0107504 -0.0382480 -0.0253126 -0.0347644 -0.0683642 -0.0700202 -0.0566689 -0.0392189 -0.00268117 0.00895603 0.000744467 -0.00185719 0.0178783 0.0218619 0.0199885 0.0258066 0.0191748 -0.00112208 -0.00101337 0.00582911 -0.00847563 -0.0207545 -0.0223869 -0.0299686 -0.0310131 -0.0131167 -0.00271921 -0.00713989 -0.00581947 0.00306514 0.00806988 0.00847464 0.0159103 0.0157091 0.00437174 -0.000830600 -0.00208177 -0.00816656 -0.00475429 0.000811588 -0.00728550 -0.0126991 -0.00675184 -0.00393743 -0.00335362 0.00374312 0.00346322 -0.00273787 -0.00190032 0.000772846 0.00282974 0.00568179 0.00358659 -0.00437728 -0.00862508 -0.00571755 -0.00232236 -0.000433959 -0.00191153 -0.00673952 -0.0117198 -0.00782334 0.00112121 0.00405671 -0.000668502 -0.00421106 -0.00556828 -0.00365610 0.000566701 0.00108781 -0.00199669 -0.00573026 -0.00672030 -0.00481597 -0.000989311 0.000966729 -0.000647432 -0.00363759 -0.00319110 0.00136629 0.00373823 0.00225181 0.0000691415 -0.00251628 -0.00309397 -0.000285698 0.00198772 0.0000631644 -0.00168614 -0.00322539 -0.00100906 0.00000 0.00000 0.00000 0.00000 0.00000 0.00000 0.00000 0.00000 0.00000 0.00000 0.00000 0.00000 0.00000 0.00000 0.00000 0.00000 0.00000 0.00000 0.00000 0.00000 0.00000 0.00000 0.00000 0.00000 0.00000 0.00000 0.00000 0.00000 0.00000 0.00000 0.00000 0.00000 0.00000 0.00000 0.00000 0.00000 0.00000 0.00000 0.00000 0.00000 0.00000 0.00000 0.00000 0.00000 0.00000 0.00000 0.00000 0.00000 0.00000 0.00000 0.00000 0.00000 0.00000 0.00000 0.00000 0.00000 0.00000 0.00000 0.00000 0.00000 0.00000 0.00000 0.00000 0.00000 0.00000 0.00000 0.00000 0.00000 0.00000 0.00000 0.00000 0.00000 0.00000 0.00000 0.00000 0.00000 0.00000 0.00000 0.00000 0.00000 0.00000 0.00000 0.00000 0.00000 0.00000 0.00000 0.00000 0.00000 0.00000 0.00000 0.00000 0.00000 0.00000 0.00000 0.00000 0.00000 0.00000 0.00000 0.00000 0.00000 0.00000 0.00000 0.00000 0.00000 0.00000 0.00000 0.00000 0.00000 0.00000 0.00000 0.00000 0.00000 0.00000 0.00000 0.00000 0.00000 0.00000 0.00000 0.00000 0.00000 0.00000 0.00000 0.00000 0.00000 0.00000 0.00000 0.00000 0.00000 0.00000 0.00000 0.00000 0.00000 0.00000 0.00000 0.00000 0.00000122710 -0.0000218265 -0.0000155051 -0.0000237865 -0.0000129673 -0.0000275431 -0.00000325724 -0.0000152599 0.00000103407 0.0000125965 -0.0000174426 0.00000347010 0.0000165963 -0.0000283436 0.00000906800 -0.0000617769 -0.0000310009 -0.0000422278 0.0000770252 -0.0000212718 -0.0000227291 0.000165586 0.000343964 -0.0000259820 0.000246313 -0.0000835482 -0.000410013 0.00110116 0.0104994 0.0119999 0.00619878 0.0203332 0.0147394 0.0104692 0.0179100 0.0101490 0.00767216 0.0145800 0.0415765 0.0901108 0.0922960 0.0325937 -0.000692073 -0.00476415 -0.0307526 -0.0517971 -0.0527228 -0.0585418 -0.0507193 -0.0325438 -0.0222393 -0.0140693 -0.000333045 0.0106617 0.0160622 0.0216998 0.0217035 0.0151987 0.0105150 0.00835134 -0.00150567 -0.0108424 -0.0146613 -0.0170680 -0.0209215 -0.0222038 -0.0188850 -0.0141498 -0.00735944 -0.00273888 0.00104784 0.00324599 0.00419995 0.00359099 0.00251689 0.000994597 -0.000779926 -0.00229491 -0.00416701 -0.00483553 -0.00627848 -0.00657182 -0.00651427 -0.00660375 -0.00658879 -0.00468079 -0.00250636 -0.00129310 -0.000441476 0.0000830887 0.000697768 0.000782850 -0.000132905 -0.00135300 -0.00169244 -0.00199644 -0.00255385 -0.00335542 -0.00362053 -0.00292023 -0.00291805 -0.00309427 -0.00257025 -0.00173748 -0.00110437 -0.000968050 -0.00123646 -0.00184509 -0.00177415 -0.00197626 -0.00217001 -0.00243473 -0.00252462 -0.00271121 -0.00300657 -0.00343429 -0.00367844 -0.00278387 -0.00150647 -0.000699460 -0.000142390 0.00000 0.00000 0.00000 0.00000 0.00000 0.00000 0.00000 0.00000 0.00000 0.00000 0.00000 0.00000 0.00000 0.00000 0.00000 0.00000 0.00000 0.00000 0.00000 0.00000 0.00000 0.00000 0.00000 0.00000 0.00000 0.00000 0.00000 0.00000 0.00000 0.00000 0.00000 0.00000 0.00000 0.00000 0.00000 0.00000 0.00000 0.00000 0.00000 0.00000 0.00000 0.00000 0.00000 0.00000 0.00000 0.00000 0.00000 0.00000 0.00000 0.00000 0.00000 0.00000 0.00000 0.00000 0.00000 0.00000 0.00000 0.00000 0.00000 0.00000 0.00000 0.00000 0.00000 0.00000 0.00000 0.00000 0.00000 0.00000 0.00000 0.00000 0.00000 0.00000 0.00000 0.00000 0.00000 0.00000 0.00000 0.00000 0.00000 0.00000 0.00000 0.00000 0.00000 0.00000 0.00000 0.00000 0.00000 0.00000 0.00000 0.00000 0.00000 0.00000 0.00000 0.00000 0.00000 0.00000 0.00000 0.00000 0.00000 0.00000 0.00000 0.00000 0.00000 0.00000 0.00000 0.00000 0.00000 0.00000 0.00000 0.00000 0.00000 0.00000 0.00000 0.00000 0.00000 0.00000 0.00000 0.00000 0.00000 0.00000 0.00000 0.00000 0.00000 0.00000 0.00000 0.00000 0.00000 0.00000 0.00000 0.00000 0.00000 0.00000 0.00000 0.00000 0.00000
-0.00595250 0.00862881 -0.0106418 0.208793 0.240201 -0.393764 -0.177476 0.214776 0.0478974 0.0619946 0.479418 0.199360 -0.215598 0.0510421 0.0678761 -0.130541 -0.140178 -0.173697 -0.163607 -0.0408133 -0.0378565 -0.0727405 -0.0758749 0.0458918 0.0347751 0.0204790 0.0897859 0.0894059 0.0328603 0.0471547 0.0407099 -0.00882720 -0.0568395 -0.0657005 -0.0744869 -0.0955641 -0.0835568 -0.0507911 -0.00801584 0.0187115 0.0213897 0.0106682 0.0186887 0.0304759 0.0272344 0.0233728 0.0238920 0.00523228 -0.00446573 -0.000239003 -0.00982701 -0.0251121 -0.0254482 -0.0294904 -0.0326229 -0.0201251 -0.00489732 -0.00268076 -0.00258443 0.00628029 0.0107104 0.00864774 0.0144661 0.0174747 0.00670839 -0.00190875 -0.00199638 -0.00870272 -0.00809376 -0.00144483 -0.00548920 -0.0120467 -0.00942551 -0.00549995 -0.00441950 0.00234601 0.00590282 0.00194387 -0.000895683 0.000316601 0.00243687 0.00568178 0.00536018 -0.00182363 -0.00842776 -0.00832563 -0.00520161 -0.00348669 -0.00287415 -0.00516000 -0.00975567 -0.00941767 -0.00185919 0.00431307 0.00237601 -0.00113895 -0.00326310 -0.00313027 -0.000310222 0.00113040 -0.00100101 -0.00490388 -0.00731450 -0.00649831 -0.00303890 -0.000257354 0.000255409 -0.00259210 -0.00367018 0.000271838 0.00344604 0.00282752 0.00184499 -0.000250021 -0.00226280 -0.000705051 0.00202733 0.000675579 -0.00106508 -0.00260069 -0.000851000 0.00000 0.00000 0.00000 0.00000 0.00000 0.00000 0.00000 0.00000 0.00000 0.00000 0.00000 0.00000 0.00000 0.00000 0.00000 0.00000 0.00000 0.00000 0.00000 0.00000 0.00000 0.00000 0.00000 0.00000 0.00000 0.00000 0.00000 0.00000 0.00000 0.00000 0.00000 0.00000 0.00000 0.00000 0.00000 0.00000 0.00000 0.00000 0.00000 0.00000 0.00000 0.00000 0.00000 0.00000 0.00000 0.00000 0.00000 0.00000 0.00000 0.00000 0.00000 0.00000 0.00000 0.00000 0.00000 0.00000 0.00000 0.00000 0.00000 0.00000 0.00000 0.00000 0.00000 0.00000 0.00000 0.00000 0.00000 0.00000 0.00000 0.00000 0.00000 0.00000 0.00000 0.00000 0.00000 0.00000 0.00000 0.00000 0.00000 0.00000 0.00000 0.00000 0.00000 0.00000 0.00000 0.00000 0.00000 0.00000 0.00000 0.00000 0.00000 0.00000 0.00000 0.00000 0.00000 0.00000 0.00000 0.00000 0.00000 0.00000 0.00000 0.00000 0.00000 0.00000 0.00000 0.00000 0.00000 0.00000 0.00000 0.00000 0.00000 0.00000 0.00000 0.00000 0.00000 0.00000 0.00000 0.00000 0.00000 0.00000 0.00000 0.00000 0.00000 0.00000 0.00000 0.00000 0.00000 0.00000 0.00000 0.00000 0.00000 0.00000 0.00000 0.00000 0.00000 -0.00000265536 0.00000325930 -0.0000267083 -0.00000794739 -0.00000815970 0.0000146471 0.00000849811 0.0000395118 0.0000198041 0.0000195642 -0.0000177770 0.0000204187 -0.0000227641 0.0000257816 -0.0000273028 0.0000126223 -0.0000297079 0.0000796102 -0.000133406 0.000387548 -0.000161414 0.000146121 0.000275534 0.000233448 -0.000370590 0.000434961 0.00159594 0.0203369 0.0225851 0.000132678 0.0107896 0.00281165 -0.00282892 0.0172768 0.0268907 0.0424536 0.0733932 0.0557038 0.0188098 0.0241931 0.00855100 -0.0195582 -0.0138999 -0.0170306 -0.0362155 -0.0295809 -0.0183208 -0.0203511 -0.0186704 -0.0138030 -0.0146248 -0.00833100 0.00164668 0.00250553 0.00274587 0.00704559 0.00970184 0.00741800 0.00201149 -0.00462853 -0.00955292 -0.0129858 -0.0139134 -0.0143693 -0.0131635 -0.00975004 -0.00665814 -0.00436554 -0.00291437 -0.00147390 -0.000767534 -0.000199891 -0.000174535 -0.00113266 -0.00241335 -0.00240189 -0.00287811 -0.00417083 -0.00474816 -0.00527606 -0.00527415 -0.00426324 -0.00328143 -0.00293945 -0.00232670 -0.00147279 -0.00144522 -0.00165671 -0.00166038 -0.00171302 -0.00192039 -0.00240759 -0.00231164 -0.00245233 -0.00257818 -0.00229862 -0.00245586 -0.00268975 -0.00282113 -0.00240623 -0.00158688 -0.000715762 -0.000431359 -0.000475417 -0.000497252 -0.000581491 -0.00117085 -0.00191621 -0.00246489 -0.00328630 -0.00369411 -0.00387296 -0.00341037 -0.00310080 -0.00234149 -0.00224067 -0.00194230 -0.00135474 -0.000626726 -0.000714239 -0.000308079 0.00000 0.00000 0.00000 0.00000 0.00000 0.00000 0.00000 0.00000 0.00000 0.00000 0.00000 0.00000 0.00000 0.00000 0.00000 0.00000 0.00000 0.00000 0.00000 0.00000 0.00000 0.00000 0.00000 0.00000 0.00000 0.00000 0.00000 0.00000 0.00000 0.00000 0.00000 0.00000 0.00000 0.00000 0.00000 0.00000 0.00000 0.00000 0.00000 0.00000 0.00000 0.00000 0.00000 0.00000 0.00000 0.00000 0.00000 0.00000 0.00000 0.00000 0.00000 0.00000 0.00000 0.00000 0.00000 0.00000 0.00000 0.00000 0.00000 0.00000 0.00000 0.00000 0.00000 0.00000 0.00000 0.00000 0.00000 0.00000 0.00000 0.00000 0.00000 0.00000 0.00000 0.00000 0.00000 0.00000 0.00000 0.00000 0.00000 0.00000 0.00000 0.00000 0.00000 0.00000 0.00000 0.00000 0.00000 0.00000 0.00000 0.00000 0.00000 0.00000 0.00000 0.00000 0.00000 0.00000 0.00000 0.00000 0.00000 0.00000 0.00000 0.00000 0.00000 0.00000 0.00000 0.00000 0.00000 0.00000 0.00000 0.00000 0.00000 0.00000 0.00000 0.00000 0.00000 0.00000 0.00000 0.00000 0.00000 0.00000 0.00000 0.00000 0.00000 0.00000 0.00000 0.00000 0.00000 0.00000 0.00000 0.00000 0.00000 0.00000 0.00000 0.00000 0.00000
0.00439114 -0.00598283 0.00709729 0.00874168 0.256932 0.113129 -0.346514 -0.0972339 0.130968 0.0748865 0.0706320 0.452857 0.248239 -0.159446 0.00572672 -0.0108459 -0.166377 -0.134065 -0.193312 -0.164043 -0.0624295 -0.0453346 -0.00656301 -0.00929317 0.0432505 0.0371610 0.0441043 0.0932925 0.0864490 0.0246198 0.0200480 0.0193766 0.00173433 -0.0509138 -0.0833068 -0.0923827 -0.0790224 -0.0749816 -0.0568087 -0.00736084 0.0188715 0.0203490 0.0206875 0.0234499 0.0276362 0.0290112 0.0246551 0.0210022 0.00709999 -0.00375229 -0.00525727 -0.0110198 -0.0195163 -0.0234048 -0.0328372 -0.0323539 -0.0177729 -0.00473423 -0.00197674 0.00221182 0.00705486 0.0109403 0.0109445 0.0116283 0.0128495 0.00498964 -0.00310583 -0.00548681 -0.00815200 -0.00761133 -0.00285582 -0.00545770 -0.00910265 -0.00760238 -0.00514877 -0.00401147 0.00145457 0.00493170 0.00226682 -0.000695879 -0.000963459 0.00317726 0.00697683 0.00553719 -0.00134014 -0.00806537 -0.00920836 -0.00715194 -0.00500771 -0.00336786 -0.00516499 -0.00886829 -0.00810016 -0.00117149 0.00459885 0.00362001 0.0000396866 -0.00239042 -0.00289070 -0.000890812 0.000452233 -0.00197556 -0.00497532 -0.00699126 -0.00647324 -0.00319332 -0.000444322 -0.0000673034 -0.00146397 -0.00196169 0.000937153 0.00352859 0.00319401 0.00176717 -0.00111682 -0.00292829 -0.00202012 0.000794724 0.00167801 0.000507262 0.0000383731 0.00000 0.00000 0.00000 0.00000 0.00000 0.00000 0.00000 0.00000 0.00000 0.00000 0.00000 0.00000 0.00000 0.00000 0.00000 0.00000 0.00000 0.00000 0.00000 0.00000 0.00000 0.00000 0.00000 0.00000 0.00000 0.00000 0.00000 0.00000 0.00000 0.00000 0.00000 0.00000 0.00000 0.00000 0.00000 0.00000 0.00000 0.00000 0.00000 0.00000 0.00000 0.00000 0.00000 0.00000 0.00000 0.00000 0.00000 0.00000 0.00000 0.00000 0.00000 0.00000 0.00000 0.00000 0.00000 0.00000 0.00000 0.00000 0.00000 0.00000 0.00000 0.00000 0.00000 0.00000 0.00000 0.00000 0.00000 0.00000 0.00000 0.00000 0.00000 0.00000 0.00000 0.00000 0.00000 0.00000 0.00000 0.00000 0.00000 0.00000 0.00000 0.00000 0.00000 0.00000 0.00000 0.00000 0.00000 0.00000 0.00000 0.00000 0.00000 0.00000 0.00000 0.00000 0.00000 0.00000 0.00000 0.00000 0.00000 0.00000 0.00000 0.00000 0.00000 0.00000 0.00000 0.00000 0.00000 0.00000 0.00000 0.00000 0.00000 0.00000 0.00000 0.00000 0.00000 0.00000 0.00000 0.00000 0.00000 0.00000 0.00000 0.00000 0.00000 0.00000 0.00000 0.00000 0.00000 0.00000 0.00000 0.00000 0.00000 0.00000 0.00000 0.00000 0.00000 -0.0000204392 0.00000113514 0.00000143131 0.0000198214 0.0000219163 0.00000951091 2.92042e-7 -0.0000382019 -0.0000281795 -0.0000439962 0.00000568100 -0.0000465482 0.0000121236 -0.0000530924 0.00000152309 -0.0000931143 0.000121874 0.00000396161 -0.00000155596 -0.0000635675 0.000450832 -0.0000346780 -0.0000527548 0.0129205 0.0333624 -0.00236143 0.00459857 0.0106702 -0.0201350 0.0158720 0.0287045 0.0285884 0.0734016 0.0756467 0.00847505 0.0135381 0.0241550 -0.0336666 -0.0434726 -0.0211928 -0.0385487 -0.0315196 -0.00239739 0.00348278 0.0107309 0.0237504 0.0199708 0.00695279 0.00720456 0.000100192 -0.0142999 -0.0127205 -0.0109745 -0.0183379 -0.0165118 -0.0107351 -0.0136258 -0.0192847 -0.0157526 -0.00898312 -0.00546737 -0.00244735 0.00159645 0.00482022 0.00584240 0.00481398 0.00139134 -0.00243422 -0.00484734 -0.00652803 -0.00895481 -0.00880916 -0.00768245 -0.00774562 -0.00653860 -0.00462133 -0.00408363 -0.00282576 -0.00116369 -0.000703957 -0.000596235 0.000230497 0.000591492 -0.000533209 -0.000753496 -0.00116119 -0.00206045 -0.00328437 -0.00407722 -0.00455106 -0.00502054 -0.00392950 -0.00344278 -0.00334693 -0.00265113 -0.00209986 -0.00195625 -0.00122375 -0.000568448 -0.000871273 -0.000568534 -0.000316928 -0.000776900 -0.00137576 -0.00138494 -0.00178713 -0.00273284 -0.00302808 -0.00332713 -0.00301998 -0.00280053 -0.00292239 -0.00279230 -0.00233422 -0.00141818 -0.000847484 -0.000387501 -0.000391657 -0.000326371 -0.00109885 -0.000381662 0.00000 0.00000 0.00000 0.00000 0.00000 0.00000 0.00000 0.00000 0.00000 0.00000 0.00000 0.00000 0.00000 0.00000 0.00000 0.00000 0.00000 0.00000 0.00000 0.00000 0.00000 0.00000 0.00000 0.00000 0.00000 0.00000 0.00000 0.00000 0.00000 0.00000 0.00000 0.00000 0.00000 0.00000 0.00000 0.00000 0.00000 0.00000 0.00000 0.00000 0.00000 0.00000 0.00000 0.00000 0.00000 0.00000 0.00000 0.00000 0.00000 0.00000 0.00000 0.00000 0.00000 0.00000 0.00000 0.00000 0.00000 0.00000 0.00000 0.00000 0.00000 0.00000 0.00000 0.00000 0.00000 0.00000 0.00000 0.00000 0.00000 0.00000 0.00000 0.00000 0.00000 0.00000 0.00000 0.00000 0.00000 0.00000 0.00000 0.00000 0.00000 0.00000 0.00000 0.00000 0.00000 0.00000 0.00000 0.00000 0.00000 0.00000 0.00000 0.00000 0.00000 0.00000 0.00000 0.00000 0.00000 0.00000 0.00000 0.00000 0.00000 0.00000 0.00000 0.00000 0.00000 0.00000 0.00000 0.00000 0.00000 0.00000 0.00000 0.00000 0.00000 0.00000 0.00000 0.00000 0.00000 0.00000 0.00000 0.00000 0.00000 0.00000 0.00000 0.00000 0.00000 0.00000 0.00000 0.00000 0.00000 0.00000 0.00000 0.00000 0.00000 0.00000 0.00000
-0.00272877 0.00351016 -0.00455547 0.00609785 -0.00724162 0.151982 0.218862 -0.190648 -0.183923 -0.0130927 0.136669 0.0747085 0.175703 0.438777 0.0954616 -0.148237 0.000369862 -0.0976251 -0.214387 -0.158868 -0.189945 -0.108757 -0.0549726 0.00272388 0.00975853 0.0787081 0.100380 0.0205078 0.0349375 0.0761121 0.0236023 -0.00845772 0.00209169 0.0113107 0.00565585 -0.0101741 -0.0451756 -0.0991033 -0.0933946 -0.0693462 -0.0501402 -0.0299873 0.00130181 0.0163679 0.0229520 0.0328152 0.0381098 0.0359977 0.0318685 0.0190006 0.000806043 -0.00484125 -0.00651836 -0.0114955 -0.0181300 -0.0184320 -0.0258006 -0.0277851 -0.0143678 -0.00662276 -0.00821351 -0.00405196 0.00410071 0.00784938 0.0121715 0.0147671 0.0112156 0.00201520 -0.00293575 -0.00533600 -0.00625975 -0.00398624 -0.00450915 -0.00798537 -0.00950105 -0.00591279 -0.00531253 -0.00396814 0.000760347 0.00183460 -0.000492779 -0.00168225 0.000918948 0.00499530 0.00709893 0.00403258 -0.00234874 -0.00613397 -0.00583761 -0.00593524 -0.00545241 -0.00455245 -0.00776146 -0.00939131 -0.00543429 0.00127764 0.00426431 0.00192298 -0.00106717 -0.00289992 -0.00276963 -0.00154536 -0.00168065 -0.00393599 -0.00492039 -0.00430657 -0.00210941 0.0000879962 -0.000117687 -0.00162388 -0.00292222 -0.00160970 0.000585760 0.00182467 0.00170299 0.000774526 -0.000469014 -0.000882593 0.000128207 0.00184561 0.000585595 0.00000 0.00000 0.00000 0.00000 0.00000 0.00000 0.00000 0.00000 0.00000 0.00000 0.00000 0.00000 0.00000 0.00000 0.00000 0.00000 0.00000 0.00000 0.00000 0.00000 0.00000 0.00000 0.00000 0.00000 0.00000 0.00000 0.00000 0.00000 0.00000 0.00000 0.00000 0.00000 0.00000 0.00000 0.00000 0.00000 0.00000 0.00000 0.00000 0.00000 0.00000 0.00000 0.00000 0.00000 0.00000 0.00000 0.00000 0.00000 0.00000 0.00000 0.00000 0.00000 0.00000 0.00000 0.00000 0.00000 0.00000 0.00000 0.00000 0.00000 0.00000 0.00000 0.00000 0.00000 0.00000 0.00000 0.00000 0.00000 0.00000 0.00000 0.00000 0.00000 0.00000 0.00000 0.00000 0.00000 0.00000 0.00000 0.00000 0.00000 0.00000 0.00000 0.00000 0.00000 0.00000 0.00000 0.00000 0.00000 0.00000 0.00000 0.00000 0.00000 0.00000 0.00000 0.00000 0.00000 0.00000 0.00000 0.00000 0.00000 0.00000 0.00000 0.00000 0.00000 0.00000 0.00000 0.00000 0.00000 0.00000 0.00000 0.00000 0.00000 0.00000 0.00000 0.00000 0.00000 0.00000 0.00000 0.00000 0.00000 0.00000 0.00000 0.00000 0.00000 0.00000 0.00000 0.00000 0.00000 0.00000 0.00000 0.00000 0.00000 0.00000 0.00000 0.00000 0.0000884037 -0.0000392674 0.0000443759 -0.0000518511 0.0000382348 -0.0000292671 0.0000625094 -0.000107300 0.000153814 -0.000125510 0.000169762 -0.0000836805 0.000198087 -0.000217846 0.000364348 -0.000298250 0.000426215 -0.000181214 0.000745574 0.00156210 0.0347991 0.0344315 -0.0253880 0.0116239 -0.00273960 -0.0120632 0.0402988 0.0340844 0.0477040 0.103281 0.0525363 -0.0205345 0.0207488 -0.00475201 -0.0708566 -0.0391451 -0.0262010 -0.0620125 -0.0307873 0.000606580 -0.00475139 0.00855789 0.0333012 0.0281363 0.0227351 0.0299213 0.0182508 0.00583937 0.00522755 -0.00183016 -0.0143162 -0.0186356 -0.0203364 -0.0277358 -0.0353848 -0.0337225 -0.0270693 -0.0182182 -0.00757387 -0.000836003 0.00546752 0.0114568 0.0133133 0.0101943 0.00604594 0.00349991 -0.000975934 -0.00607165 -0.00827789 -0.00944862 -0.0113989 -0.0105917 -0.00981206 -0.00793135 -0.00461358 -0.00155381 -0.000856207 0.000298097 0.00145820 0.00128012 0.00117533 0.00101793 0.000314054 -0.00163758 -0.00319147 -0.00388767 -0.00459736 -0.00480749 -0.00379357 -0.00368716 -0.00375100 -0.00256032 -0.00193538 -0.00195200 -0.00105066 -0.000586543 -0.00146214 -0.00166666 -0.000791672 -0.00118397 -0.00161966 -0.00140178 -0.00153080 -0.00256997 -0.00290214 -0.00301380 -0.00301798 -0.00332599 -0.00310882 -0.00239328 -0.00147711 -0.000468007 -0.0000506632 -0.0000863770 -0.000126367 -0.000429473 -0.00125605 -0.00167213 -0.00171209 -0.00250766 -0.000732170 0.00000 0.00000 0.00000 0.00000 0.00000 0.00000 0.00000 0.00000 0.00000 0.00000 0.00000 0.00000 0.00000 0.00000 0.00000 0.00000 0.00000 0.00000 0.00000 0.00000 0.00000 0.00000 0.00000 0.00000 0.00000 0.00000 0.00000 0.00000 0.00000 0.00000 0.00000 0.00000 0.00000 0.00000 0.00000 0.00000 0.00000 0.00000 0.00000 0.00000 0.00000 0.00000 0.00000 0.00000 0.00000 0.00000 0.00000 0.00000 0.00000 0.00000 0.00000 0.00000 0.00000 0.00000 0.00000 0.00000 0.00000 0.00000 0.00000 0.00000 0.00000 0.00000 0.00000 0.00000 0.00000 0.00000 0.00000 0.00000 0.00000 0.00000 0.00000 0.00000 0.00000 0.00000 0.00000 0.00000 0.00000 0.00000 0.00000 0.00000 0.00000 0.00000 0.00000 0.00000 0.00000 0.00000 0.00000 0.00000 0.00000 0.00000 0.00000 0.00000 0.00000 0.00000 0.00000 0.00000 0.00000 0.00000 0.00000 0.00000 0.00000 0.00000 0.00000 0.00000 0.00000 0.00000 0.00000 0.00000 0.00000 0.00000 0.00000 0.00000 0.00000 0.00000 0.00000 0.00000 0.00000 0.00000 0.00000 0.00000 0.00000 0.00000 0.00000 0.00000 0.00000 0.00000 0.00000 0.00000 0.00000 0.00000 0.00000 0.00000 0.00000 0.00000 0.00000
-0.00251490 0.00307650 -0.00417471 0.00472284 -0.00588348 0.00720436 0.000377549 0.197938 0.114213 -0.229923 -0.0421056 -0.0608573 0.121531 0.146741 0.0960693 0.375496 0.201910 -0.213279 -0.0750220 -0.00639301 -0.279903 -0.202091 -0.0621168 -0.0982269 -0.0837718 0.0552463 0.0173999 0.0145428 0.0890050 0.0879416 0.0369590 0.0424772 0.0214490 -0.0231897 0.00269659 0.0326836 -0.00188018 -0.0247122 -0.0215336 -0.0409770 -0.0823675 -0.110554 -0.0799544 -0.0342270 -0.00909151 0.00699067 0.0238848 0.0376073 0.0463862 0.0432895 0.0282204 0.0179345 0.0106288 0.000877547 -0.00548327 -0.00773580 -0.0167981 -0.0187237 -0.0180860 -0.0235838 -0.0181221 -0.0114610 -0.0119490 -0.00828231 -0.00160677 0.000767057 0.00453188 0.0114367 0.0140823 0.00753260 0.00101889 -0.000462846 -0.00104353 -0.00250865 -0.00321805 -0.00605535 -0.0117784 -0.0102034 -0.00710192 -0.00652547 -0.00344768 -0.000139197 -0.00178195 -0.00325843 0.00247775 0.00699338 0.00605249 0.00424877 0.000831867 -0.00251739 -0.00249782 -0.00326169 -0.00552156 -0.00605909 -0.00920944 -0.0100994 -0.00556462 -0.000318378 0.00193012 0.000549325 -0.00146225 -0.00208373 -0.00257150 -0.00227111 -0.00112137 -0.00266822 -0.00311415 -0.00187917 -0.000962122 -0.000350957 -0.000118577 -0.00151699 -0.00303349 -0.00282399 -0.000849184 0.00146674 0.00222482 0.00110034 0.000332056 -0.000728138 -0.000326266 0.00000 0.00000 0.00000 0.00000 0.00000 0.00000 0.00000 0.00000 0.00000 0.00000 0.00000 0.00000 0.00000 0.00000 0.00000 0.00000 0.00000 0.00000 0.00000 0.00000 0.00000 0.00000 0.00000 0.00000 0.00000 0.00000 0.00000 0.00000 0.00000 0.00000 0.00000 0.00000 0.00000 0.00000 0.00000 0.00000 0.00000 0.00000 0.00000 0.00000 0.00000 0.00000 0.00000 0.00000 0.00000 0.00000 0.00000 0.00000 0.00000 0.00000 0.00000 0.00000 0.00000 0.00000 0.00000 0.00000 0.00000 0.00000 0.00000 0.00000 0.00000 0.00000 0.00000 0.00000 0.00000 0.00000 0.00000 0.00000 0.00000 0.00000 0.00000 0.00000 0.00000 0.00000 0.00000 0.00000 0.00000 0.00000 0.00000 0.00000 0.00000 0.00000 0.00000 0.00000 0.00000 0.00000 0.00000 0.00000 0.00000 0.00000 0.00000 0.00000 0.00000 0.00000 0.00000 0.00000 0.00000 0.00000 0.00000 0.00000 0.00000 0.00000 0.00000 0.00000 0.00000 0.00000 0.00000 0.00000 0.00000 0.00000 0.00000 0.00000 0.00000 0.00000 0.00000 0.00000 0.00000 0.00000 0.00000 0.00000 0.00000 0.00000 0.00000 0.00000 0.00000 0.00000 0.00000 0.00000 0.00000 0.00000 0.00000 0.00000 0.00000 0.00000 0.00000 -0.000120433 0.0000795570 -0.000109690 0.000118766 -0.000199801 0.000206801 -0.000219152 0.000297997 -0.000329777 0.000440650 -0.000520886 0.000643548 -0.000768750 0.000750668 -0.000723744 0.00142475 0.00345019 0.0602526 0.0349780 -0.0476973 0.0198052 -0.0258092 -0.00359040 0.0732339 0.0407936 0.0768839 0.141135 0.0242254 -0.0515953 0.0310583 -0.0396294 -0.115658 -0.0400160 -0.0315679 -0.0714978 -0.0230550 0.00480637 -0.00525739 0.0124139 0.0370891 0.0275493 0.0288344 0.0344298 0.0119211 0.00383452 0.0143132 0.00100583 -0.0131405 -0.0123377 -0.0153973 -0.0260241 -0.0312928 -0.0288730 -0.0243737 -0.0169053 -0.00970145 -0.00476586 -0.00103680 0.000925584 0.00183631 0.00112065 0.00132836 0.00352085 0.00160073 -0.00111999 -0.00107724 -0.00437192 -0.00818475 -0.00777713 -0.00869350 -0.00828967 -0.00377860 -0.00161996 -0.00213448 -0.00119895 -0.000135356 -0.000543425 0.0000380505 0.00131990 0.0000859863 -0.00244510 -0.00347603 -0.00288683 -0.00389703 -0.00423031 -0.00322177 -0.00385098 -0.00420649 -0.00292694 -0.00210471 -0.00174630 -0.000248444 -0.000129195 -0.00173735 -0.00170476 -0.000876573 -0.00140147 -0.00169435 -0.00151197 -0.00239085 -0.00286213 -0.00297297 -0.00299893 -0.00255888 -0.00246910 -0.00289604 -0.00214056 -0.00103608 -0.000747810 -0.00102588 -0.00108793 -0.000716655 -0.000802699 -0.00129470 -0.00146755 -0.00214313 -0.00289128 -0.00331355 -0.00295120 -0.00290359 -0.000729219 0.00000 0.00000 0.00000 0.00000 0.00000 0.00000 0.00000 0.00000 0.00000 0.00000 0.00000 0.00000 0.00000 0.00000 0.00000 0.00000 0.00000 0.00000 0.00000 0.00000 0.00000 0.00000 0.00000 0.00000 0.00000 0.00000 0.00000 0.00000 0.00000 0.00000 0.00000 0.00000 0.00000 0.00000 0.00000 0.00000 0.00000 0.00000 0.00000 0.00000 0.00000 0.00000 0.00000 0.00000 0.00000 0.00000 0.00000 0.00000 0.00000 0.00000 0.00000 0.00000 0.00000 0.00000 0.00000 0.00000 0.00000 0.00000 0.00000 0.00000 0.00000 0.00000 0.00000 0.00000 0.00000 0.00000 0.00000 0.00000 0.00000 0.00000 0.00000 0.00000 0.00000 0.00000 0.00000 0.00000 0.00000 0.00000 0.00000 0.00000 0.00000 0.00000 0.00000 0.00000 0.00000 0.00000 0.00000 0.00000 0.00000 0.00000 0.00000 0.00000 0.00000 0.00000 0.00000 0.00000 0.00000 0.00000 0.00000 0.00000 0.00000 0.00000 0.00000 0.00000 0.00000 0.00000 0.00000 0.00000 0.00000 0.00000 0.00000 0.00000 0.00000 0.00000 0.00000 0.00000 0.00000 0.00000 0.00000 0.00000 0.00000 0.00000 0.00000 0.00000 0.00000 0.00000 0.00000 0.00000 0.00000 0.00000 0.00000 0.00000 0.00000 0.00000 0.00000
-0.00119955 0.00168997 -0.00217588 0.00249203 -0.00305481 0.00341805 -0.00427553 0.00563968 -0.00304801 0.153386 0.114643 -0.207105 0.0406253 -0.0927495 0.0246765 0.224780 0.0239620 0.228352 0.319745 -0.143380 -0.180720 0.121279 -0.212257 -0.284525 -0.000365069 -0.0712101 -0.155622 0.0457627 0.0387697 -0.0167957 0.0663906 0.105602 0.0436195 0.0574585 0.0591719 -0.0346717 -0.0340497 0.0338617 -0.00339132 -0.0366553 -0.0162636 -0.0346717 -0.0525337 -0.0540069 -0.0662327 -0.0680771 -0.0287312 0.00212815 0.0136402 0.0227760 0.0360592 0.0430317 0.0316803 0.0197699 0.0135336 0.00390234 -0.00272832 -0.00327150 -0.0131806 -0.0171128 -0.0135703 -0.0198346 -0.0187338 -0.0119979 -0.0163039 -0.0154570 -0.00489800 -0.000494523 0.00134413 0.00674702 0.0125240 0.0110942 0.00431985 0.00138750 0.00192473 -0.00246077 -0.00434934 -0.00320447 -0.00837731 -0.00912554 -0.00652512 -0.00788959 -0.00683160 -0.00109769 -0.00104208 -0.00428307 -0.000218102 0.00525721 0.00448140 0.00330565 0.00179130 -0.00116978 -0.00183861 -0.00182144 -0.00478834 -0.00490357 -0.00583239 -0.00757039 -0.00575913 -0.00164208 0.000533855 -0.000616133 -0.00209003 -0.00118185 -0.00142286 -0.00268490 -0.00113430 -0.00211534 -0.00318846 -0.00208528 -0.00120760 -0.000390368 0.000764278 0.000202094 -0.00102290 -0.000924279 -0.00136953 -0.00143346 -0.000989322 -0.00128108 -0.000316013 0.00000 0.00000 0.00000 0.00000 0.00000 0.00000 0.00000 0.00000 0.00000 0.00000 0.00000 0.00000 0.00000 0.00000 0.00000 0.00000 0.00000 0.00000 0.00000 0.00000 0.00000 0.00000 0.00000 0.00000 0.00000 0.00000 0.00000 0.00000 0.00000 0.00000 0.00000 0.00000 0.00000 0.00000 0.00000 0.00000 0.00000 0.00000 0.00000 0.00000 0.00000 0.00000 0.00000 0.00000 0.00000 0.00000 0.00000 0.00000 0.00000 0.00000 0.00000 0.00000 0.00000 0.00000 0.00000 0.00000 0.00000 0.00000 0.00000 0.00000 0.00000 0.00000 0.00000 0.00000 0.00000 0.00000 0.00000 0.00000 0.00000 0.00000 0.00000 0.00000 0.00000 0.00000 0.00000 0.00000 0.00000 0.00000 0.00000 0.00000 0.00000 0.00000 0.00000 0.00000 0.00000 0.00000 0.00000 0.00000 0.00000 0.00000 0.00000 0.00000 0.00000 0.00000 0.00000 0.00000 0.00000 0.00000 0.00000 0.00000 0.00000 0.00000 0.00000 0.00000 0.00000 0.00000 0.00000 0.00000 0.00000 0.00000 0.00000 0.00000 0.00000 0.00000 0.00000 0.00000 0.00000 0.00000 0.00000 0.00000 0.00000 0.00000 0.00000 0.00000 0.00000 0.00000 0.00000 0.00000 0.00000 0.00000 0.00000 0.00000 0.00000 0.00000 0.00000 0.000170896 -0.000266763 0.000290278 -0.000284492 0.000382431 -0.000404436 0.000535943 -0.000630600 0.000660566 -0.000828883 0.000911337 -0.00127605 0.00192470 0.00139196 0.0749579 0.0680423 -0.0813626 0.0202366 -0.0304941 -0.0282288 0.113256 0.0555538 0.0909052 0.194315 0.0349662 -0.0993187 0.0309792 -0.0538238 -0.180380 -0.0592472 -0.0238789 -0.0945277 -0.0195610 0.0280224 -0.00401709 0.0175567 0.0527684 0.0291145 0.0272884 0.0436544 0.0114829 -0.00677055 0.0148328 0.00458678 -0.0165364 -0.0170541 -0.0261081 -0.0384904 -0.0376470 -0.0296643 -0.0243299 -0.0123762 0.00153246 0.00718555 0.00638385 0.00448331 0.00527785 0.00439694 0.00266461 0.000843273 -0.00196306 -0.00435097 -0.00431484 -0.00792003 -0.0132230 -0.0104863 -0.00959608 -0.00913861 -0.00418105 -0.00223722 -0.00261212 -0.000386186 0.00213681 0.00201439 0.00182313 0.00270701 0.00170313 -0.00182249 -0.00388034 -0.00340511 -0.00487800 -0.00484810 -0.00261116 -0.00307318 -0.00405106 -0.00220642 -0.00205529 -0.00294116 -0.00200674 -0.00189496 -0.00351993 -0.00228521 0.000607713 0.000155300 -0.000568006 -0.00124335 -0.00258556 -0.00341380 -0.00283345 -0.00320331 -0.00261275 -0.00205436 -0.00244924 -0.00182447 -0.000303744 0.000936235 0.000269279 -0.000897325 -0.00149233 -0.00177803 -0.00267902 -0.00317967 -0.00397386 -0.00451426 -0.00317052 -0.00241172 -0.00202428 -0.00154678 -0.00106041 -0.00130685 -0.000367426 0.00000 0.00000 0.00000 0.00000 0.00000 0.00000 0.00000 0.00000 0.00000 0.00000 0.00000 0.00000 0.00000 0.00000 0.00000 0.00000 0.00000 0.00000 0.00000 0.00000 0.00000 0.00000 0.00000 0.00000 0.00000 0.00000 0.00000 0.00000 0.00000 0.00000 0.00000 0.00000 0.00000 0.00000 0.00000 0.00000 0.00000 0.00000 0.00000 0.00000 0.00000 0.00000 0.00000 0.00000 0.00000 0.00000 0.00000 0.00000 0.00000 0.00000 0.00000 0.00000 0.00000 0.00000 0.00000 0.00000 0.00000 0.00000 0.00000 0.00000 0.00000 0.00000 0.00000 0.00000 0.00000 0.00000 0.00000 0.00000 0.00000 0.00000 0.00000 0.00000 0.00000 0.00000 0.00000 0.00000 0.00000 0.00000 0.00000 0.00000 0.00000 0.00000 0.00000 0.00000 0.00000 0.00000 0.00000 0.00000 0.00000 0.00000 0.00000 0.00000 0.00000 0.00000 0.00000 0.00000 0.00000 0.00000 0.00000 0.00000 0.00000 0.00000 0.00000 0.00000 0.00000 0.00000 0.00000 0.00000 0.00000 0.00000 0.00000 0.00000 0.00000 0.00000 0.00000 0.00000 0.00000 0.00000 0.00000 0.00000 0.00000 0.00000 0.00000 0.00000 0.00000 0.00000 0.00000 0.00000 0.00000 0.00000 0.00000 0.00000 0.00000 0.00000 0.00000
rate 48000 directions 24 taps 256
0.0000953580 -0.000126726 0.000387639 -0.000486453 0.000759400 -0.00101723 0.00121986 -0.00146102 0.00138329 -0.00116023 0.00106708 -0.000541464 0.0597610 0.153987 -0.0683822 -0.0829185 0.0551730 -0.105355 0.0398016 0.168919 0.0420734 0.126414 0.274989 0.0526859 -0.183040 0.0210185 0.0239813 -0.250285 -0.187461 0.00534168 -0.0747607 -0.127683 0.0179339 0.0469471 -0.00428098 0.0349291 0.0841582 0.0538993 0.0264902 0.0488328 0.0244653 -0.0187601 -0.00157173 0.0230001 -0.0114316 -0.0324357 -0.0212583 -0.0228199 -0.0391333 -0.0514573 -0.0472734 -0.0401312 -0.0287603 -0.00829394 0.00189841 0.00272720 0.00984590 0.0219864 0.0275400 0.0205418 0.0142395 0.0119084 0.00664163 -0.00241493 -0.00483943 -0.00555287 -0.0133916 -0.0151283 -0.0126532 -0.0160672 -0.0169265 -0.0119202 -0.0105593 -0.0113921 -0.00611720 0.00000442106 0.00175044 0.00373489 0.00782532 0.0105867 0.00685617 0.00137576 -0.000708018 -0.0000706322 -0.00243835 -0.00593996 -0.00514548 -0.00600986 -0.00753154 -0.00560565 -0.00318706 -0.00329413 -0.00297026 -0.000305853 -0.000703112 -0.00440980 -0.00333480 0.000689180 0.00130882 0.000366217 0.000601397 -0.0000141012 -0.00242003 -0.00250936 -0.00246590 -0.00362263 -0.00350538 -0.00368104 -0.00462005 -0.00374114 -0.000813202 0.00125289 0.00103055 -0.000429849 -0.000794868 -0.000806071 -0.00271553 -0.00401481 -0.00318895 -0.00318990 -0.00369361 -0.00268221 -0.00134047 -0.000900938 -0.000417637 -0.000488686 -0.00107742 -0.00106424 -0.000709607 -0.00112400 -0.00104860 0.00000 0.00000 0.00000 0.00000 0.00000 0.00000 0.00000 0.00000 0.00000 0.00000 0.00000 0.00000 0.00000 0.00000 0.00000 0.00000 0.00000 0.00000 0.00000 0.00000 0.00000 0.00000 0.00000 0.00000 0.00000 0.00000 0.00000 0.00000 0.00000 0.00000 0.00000 0.00000 0.00000 0.00000 0.00000 0.00000 0.00000 0.00000 0.00000 0.00000 0.00000 0.00000 0.00000 0.00000 0.00000 0.00000 0.00000 0.00000 0.00000 0.00000 0.00000 0.00000 0.00000 0.00000 0.00000 0.00000 0.00000 0.00000 0.00000 0.00000 0.00000 0.00000 0.00000 0.00000 0.00000 0.00000 0.00000 0.00000 0.00000 0.00000 0.00000 0.00000 0.00000 0.00000 0.00000 0.00000 0.00000 0.00000 0.00000 0.00000 0.00000 0.00000 0.00000 0.00000 0.00000 0.00000 0.00000 0.00000 0.00000 0.00000 0.00000 0.00000 0.00000 0.00000 0.00000 0.00000 0.00000 0.00000 0.00000 0.00000 0.00000 0.00000 0.00000 0.00000 0.00000 0.00000 0.00000 0.00000 0.00000 0.00000 0.00000 0.00000 0.00000 0.00000 0.00000 0.00000 0.00000 0.00000 0.00000 0.00000 0.00000 0.00000 0.00000 0.00000 0.00000 0.0000953580 -0.000126726 0.000387639 -0.000486453 0.000759400 -0.00101723 0.00121986 -0.00146102 0.00138329 -0.00116023 0.00106708 -0.000541464 0.0597610 0.153987 -0.0683822 -0.0829185 0.0551730 -0.105355 0.0398016 0.168919 0.0420734 0.126414 0.274989 0.0526859 -0.183040 0.0210185 0.0239813 -0.250285 -0.187461 0.00534168 -0.0747607 -0.127683 0.0179339 0.0469471 -0.00428098 0.0349291 0.0841582 0.0538993 0.0264902 0.0488328 0.0244653 -0.0187601 -0.00157173 0.0230001 -0.0114316 -0.0324357 -0.0212583 -0.0228199 -0.0391333 -0.0514573 -0.0472734 -0.0401312 -0.0287603 -0.00829394 0.00189841 0.00272720 0.00984590 0.0219864 0.0275400 0.0205418 0.0142395 0.0119084 0.00664163 -0.00241493 -0.00483943 -0.00555287 -0.0133916 -0.0151283 -0.0126532 -0.0160672 -0.0169265 -0.0119202 -0.0105593 -0.0113921 -0.00611720 0.00000442106 0.00175044 0.00373489 0.00782532 0.0105867 0.00685617 0.00137576 -0.000708018 -0.0000706322 -0.00243835 -0.00593996 -0.00514548 -0.00600986 -0.00753154 -0.00560565 -0.00318706 -0.00329413 -0.00297026 -0.000305853 -0.000703112 -0.00440980 -0.00333480 0.000689180 0.00130882 0.000366217 0.000601397 -0.0000141012 -0.00242003 -0.00250936 -0.00246590 -0.00362263 -0.00350538 -0.00368104 -0.00462005 -0.00374114 -0.000813202 0.00125289 0.00103055 -0.000429849 -0.000794868 -0.000806071 -0.00271553 -0.00401481 -0.00318895 -0.00318990 -0.00369361 -0.00268221 -0.00134047 -0.000900938 -0.000417637 -0.000488686 -0.00107742 -0.00106424 -0.000709607 -0.00112400 -0.00104860 0.00000 0.00000 0.00000 0.00000 0.00000 0.00000 0.00000 0.00000 0.00000 0.00000 0.00000 0.00000 0.00000 0.00000 0.00000 0.00000 0.00000 0.00000 0.00000 0.00000 0.00000 0.00000 0.00000 0.00000 0.00000 0.00000 0.00000 0.00000 0.00000 0.00000 0.00000 0.00000 0.00000 0.00000 0.00000 0.00000 0.00000 0.00000 0.00000 0.00000 0.00000 0.00000 0.00000 0.00000 0.00000 0.00000 0.00000 0.00000 0.00000 0.00000 0.00000 0.00000 0.00000 0.00000 0.00000 0.00000 0.00000 0.00000 0.00000 0.00000 0.00000 0.00000 0.00000 0.00000 0.00000 0.00000 0.00000 0.00000 0.00000 0.00000 0.00000 0.00000 0.00000 0.00000 0.00000 0.00000 0.00000 0.00000 0.00000 0.00000 0.00000 0.00000 0.00000 0.00000 0.00000 0.00000 0.00000 0.00000 0.00000 0.00000 0.00000 0.00000 0.00000 0.00000 0.00000 0.00000 0.00000 0.00000 0.00000 0.00000 0.00000 0.00000 0.00000 0.00000 0.00000 0.00000 0.00000 0.00000 0.00000 0.00000 0.00000 0.00000 0.00000 0.00000 0.00000 0.00000 0.00000 0.00000 0.00000 0.00000 0.00000 0.00000 0.00000 0.00000 0.00000
1.47486e-18 -0.0000741063 0.0000449839 0.0000239974 -0.0000235208 0.000143187 -0.000208417 0.000402935 -0.000623156 0.000720911 -0.000890267 0.000862954 -0.000996747 0.00129829 0.000404353 0.0511492 0.101541 -0.0449344 -0.0428697 0.0316908 -0.0680439 0.0246127 0.113155 0.0486900 0.0971607 0.194427 0.0634355 -0.101770 -0.00215164 0.0101985 -0.155468 -0.139250 -0.0166130 -0.0523859 -0.0894130 -0.00405070 0.0265473 -0.00393187 0.0133144 0.0510800 0.0372116 0.0215026 0.0414523 0.0318674 -0.00304151 -0.000403734 0.0169218 -0.000697613 -0.0169959 -0.0172295 -0.0250694 -0.0374549 -0.0389602 -0.0318992 -0.0265345 -0.0191038 -0.00544991 0.00467016 0.00738088 0.00591182 0.00440870 0.00536859 0.00440945 0.00288921 0.00125603 -0.00108345 -0.00375636 -0.00443977 -0.00512639 -0.0106644 -0.0130448 -0.00974278 -0.00979911 -0.00888391 -0.00423306 -0.00223037 -0.00265943 -0.00120627 0.00157564 0.00228018 0.00174046 0.00218119 0.00273539 0.000926925 -0.00241629 -0.00388813 -0.00339882 -0.00475418 -0.00511474 -0.00299732 -0.00261307 -0.00397905 -0.00325981 -0.00168704 -0.00256881 -0.00277879 -0.00183556 -0.00203086 -0.00356553 -0.00242731 0.000426035 0.000386314 -0.000425063 -0.000931503 -0.00190204 -0.00320794 -0.00320353 -0.00285430 -0.00322682 -0.00245045 -0.00206876 -0.00245605 -0.00192722 -0.000628416 0.000782572 0.000661089 -0.000447008 -0.00127835 -0.00157764 -0.00202013 -0.00288204 -0.00323679 -0.00408449 -0.00450570 -0.00328104 -0.00246551 -0.00213059 -0.00171833 -0.00118266 -0.00117844 -0.00109012 0.00000 0.00000 0.00000 0.00000 0.00000 0.00000 0.00000 0.00000 0.00000 0.00000 0.00000 0.00000 0.00000 0.00000 0.00000 0.00000 0.00000 0.00000 0.00000 0.00000 0.00000 0.00000 0.00000 0.00000 0.00000 0.00000 0.00000 0.00000 0.00000 0.00000 0.00000 0.00000 0.00000 0.00000 0.00000 0.00000 0.00000 0.00000 0.00000 0.00000 0.00000 0.00000 0.00000 0.00000 0.00000 0.00000 0.00000 0.00000 0.00000 0.00000 0.00000 0.00000 0.00000 0.00000 0.00000 0.00000 0.00000 0.00000 0.00000 0.00000 0.00000 0.00000 0.00000 0.00000 0.00000 0.00000 0.00000 0.00000 0.00000 0.00000 0.00000 0.00000 0.00000 0.00000 0.00000 0.00000 0.00000 0.00000 0.00000 0.00000 0.00000 0.00000 0.00000 0.00000 0.00000 0.00000 0.00000 0.00000 0.00000 0.00000 0.00000 0.00000 0.00000 0.00000 0.00000 0.00000 0.00000 0.00000 0.00000 0.00000 0.00000 0.00000 0.00000 0.00000 0.00000 0.00000 0.00000 0.00000 0.00000 0.00000 0.00000 0.00000 0.00000 0.00000 0.00000 0.00000 0.00000 0.00000 0.00000 0.00000 0.00000 0.00000 0.00000 0.00000 0.00000 -0.000171644 0.000394451 -0.000330014 -0.000258160 0.00101149 -0.00233606 0.00350783 -0.00475394 0.00549887 0.0125429 0.190655 0.0733498 -0.208010 0.0304974 -0.0587451 -0.0570065 0.233737 0.0805681 0.0865543 0.341998 0.181710 -0.247858 -0.0928934 0.109250 -0.230920 -0.292604 -0.0203802 -0.0321234 -0.170915 -0.0254910 0.0762922 -0.00833142 0.00861999 0.0919140 0.0953372 0.0372113 0.0617428 0.0591112 -0.0273358 -0.0445865 0.0234941 0.0190164 -0.0344355 -0.0244770 -0.0200934 -0.0429932 -0.0540246 -0.0543259 -0.0684666 -0.0671589 -0.0319189 -0.000286771 0.0113927 0.0198462 0.0304639 0.0419472 0.0396738 0.0261483 0.0180436 0.0117226 0.00281123 -0.00297684 -0.00294128 -0.0119255 -0.0175428 -0.0138088 -0.0170539 -0.0211767 -0.0146215 -0.0126624 -0.0176503 -0.0131968 -0.00371849 -0.000357009 0.00123418 0.00619543 0.0117659 0.0123979 0.00648639 0.00189542 0.00177527 0.000780756 -0.00407795 -0.00368605 -0.00378732 -0.00881830 -0.00905819 -0.00663261 -0.00751869 -0.00779780 -0.00267102 -0.000144067 -0.00310663 -0.00357759 0.00242332 0.00546617 0.00415862 0.00319708 0.00169444 -0.00104338 -0.00197048 -0.00146561 -0.00405682 -0.00513204 -0.00503257 -0.00689818 -0.00735879 -0.00454315 -0.000863843 0.000551440 -0.000755629 -0.00207282 -0.00132508 -0.00112084 -0.00265935 -0.00167833 -0.00127068 -0.00302735 -0.00280648 -0.00175147 -0.00101841 -0.000212512 0.000835818 0.000171383 -0.000967969 -0.000961039 -0.00119226 -0.00157684 -0.00104959 -0.00118591 -0.00100808 0.00000 0.00000 0.00000 0.00000 0.00000 0.00000 0.00000 0.00000 0.00000 0.00000 0.00000 0.00000 0.00000 0.00000 0.00000 0.00000 0.00000 0.00000 0.00000 0.00000 0.00000 0.00000 0.00000 0.00000 0.00000 0.00000 0.00000 0.00000 0.00000 0.00000 0.00000 0.00000 0.00000 0.00000 0.00000 0.00000 0.00000 0.00000 0.00000 0.00000 0.00000 0.00000 0.00000 0.00000 0.00000 0.00000 0.00000 0.00000 0.00000 0.00000 0.00000 0.00000 0.00000 0.00000 0.00000 0.00000 0.00000 0.00000 0.00000 0.00000 0.00000 0.00000 0.00000 0.00000 0.00000 0.00000 0.00000 0.00000 0.00000 0.00000 0.00000 0.00000 0.00000 0.00000 0.00000 0.00000 0.00000 0.00000 0.00000 0.00000 0.00000 0.00000 0.00000 0.00000 0.00000 0.00000 0.00000 0.00000 0.00000 0.00000 0.00000 0.00000 0.00000 0.00000 0.00000 0.00000 0.00000 0.00000 0.00000 0.00000 0.00000 0.00000 0.00000 0.00000 0.00000 0.00000 0.00000 0.00000 0.00000 0.00000 0.00000 0.00000 0.00000 0.00000 0.00000 0.00000 0.00000 0.00000 0.00000 0.00000 0.00000 0.00000 0.00000 0.00000 0.00000
-0.0000190716 -0.0000391143 0.0000188141 -0.0000166105 -0.0000356234 -0.0000120267 0.0000342121 -0.0000265461 0.0000974458 -0.000128583 0.000242719 -0.000320898 0.000403858 -0.000418626 0.000220526 -0.0000875134 0.000659588 0.0000164117 0.0279419 0.0729322 -0.0106384 -0.0344975 0.0233897 -0.0342100 0.00207798 0.0727118 0.0443952 0.0606722 0.136524 0.0835870 -0.0483516 -0.00995375 0.0259153 -0.0803375 -0.106057 -0.0290683 -0.0358832 -0.0714217 -0.0284943 0.00482809 -0.00373469 0.00263399 0.0306412 0.0347448 0.0245033 0.0332693 0.0305037 0.00786762 0.00487387 0.0143486 0.00229548 -0.0122738 -0.0128650 -0.0132847 -0.0217972 -0.0301042 -0.0306797 -0.0274565 -0.0225010 -0.0152472 -0.00896995 -0.00459994 -0.00112013 0.000736655 0.00177668 0.00143343 0.000860442 0.00270368 0.00325245 0.000131368 -0.00116201 -0.00140040 -0.00513776 -0.00826671 -0.00777747 -0.00854178 -0.00875188 -0.00497655 -0.00184128 -0.00192924 -0.00190387 -0.000563120 -0.000194227 -0.000579833 0.000307401 0.00134254 0.0000455304 -0.00228337 -0.00349179 -0.00296280 -0.00342172 -0.00442804 -0.00359220 -0.00332546 -0.00416435 -0.00396837 -0.00264294 -0.00209789 -0.00169862 -0.000318630 0.0000154609 -0.00145713 -0.00193604 -0.00106035 -0.00104169 -0.00168975 -0.00155414 -0.00169055 -0.00258824 -0.00286925 -0.00298399 -0.00300755 -0.00259947 -0.00242586 -0.00282438 -0.00256943 -0.00139949 -0.000818513 -0.000805268 -0.00113091 -0.000995428 -0.000683362 -0.000843974 -0.00129331 -0.00145282 -0.00199961 -0.00274075 -0.00325909 -0.00310919 -0.00297614 -0.00225507 0.00000 0.00000 0.00000 0.00000 0.00000 0.00000 0.00000 0.00000 0.00000 0.00000 0.00000 0.00000 0.00000 0.00000 0.00000 0.00000 0.00000 0.00000 0.00000 0.00000 0.00000 0.00000 0.00000 0.00000 0.00000 0.00000 0.00000 0.00000 0.00000 0.00000 0.00000 0.00000 0.00000 0.00000 0.00000 0.00000 0.00000 0.00000 0.00000 0.00000 0.00000 0.00000 0.00000 0.00000 0.00000 0.00000 0.00000 0.00000 0.00000 0.00000 0.00000 0.00000 0.00000 0.00000 0.00000 0.00000 0.00000 0.00000 0.00000 0.00000 0.00000 0.00000 0.00000 0.00000 0.00000 0.00000 0.00000 0.00000 0.00000 0.00000 0.00000 0.00000 0.00000 0.00000 0.00000 0.00000 0.00000 0.00000 0.00000 0.00000 0.00000 0.00000 0.00000 0.00000 0.00000 0.00000 0.00000 0.00000 0.00000 0.00000 0.00000 0.00000 0.00000 0.00000 0.00000 0.00000 0.00000 0.00000 0.00000 0.00000 0.00000 0.00000 0.00000 0.00000 0.00000 0.00000 0.00000 0.00000 0.00000 0.00000 0.00000 0.00000 0.00000 0.00000 0.00000 0.00000 0.00000 0.00000 0.00000 0.00000 0.00000 0.00000 0.00000 0.00000 0.00000 -0.00123965 0.00154503 -0.00192975 0.00120108 -0.000636981 -0.0000251980 -0.000419724 0.0559971 0.250154 -0.0100212 -0.221363 -0.0279801 -0.0618806 0.107013 0.170244 0.0652718 0.305010 0.343847 -0.0591511 -0.217920 0.0181579 -0.0904922 -0.296913 -0.176073 -0.0602335 -0.0958791 -0.0969235 0.0378821 0.0396454 -0.00275999 0.0602748 0.100631 0.0661358 0.0321779 0.0449167 0.0120233 -0.0233043 0.00183041 0.0333313 0.00542762 -0.0232162 -0.0217210 -0.0293955 -0.0602745 -0.0998346 -0.106226 -0.0667258 -0.0280941 -0.00753277 0.00753474 0.0225746 0.0362641 0.0446670 0.0464312 0.0339472 0.0220668 0.0145978 0.00745314 -0.00190388 -0.00571517 -0.00858381 -0.0171556 -0.0188076 -0.0176966 -0.0228432 -0.0209214 -0.0126091 -0.0117596 -0.0109294 -0.00559996 -0.000267550 0.00106314 0.00562453 0.0117695 0.0141546 0.00835488 0.00166786 -0.000222795 -0.000903690 -0.00167681 -0.00320198 -0.00353898 -0.00837929 -0.0120494 -0.00954921 -0.00692899 -0.00656834 -0.00370923 -0.000383492 -0.00103723 -0.00346627 -0.000422480 0.00576143 0.00683666 0.00552681 0.00342586 0.0000683166 -0.00274654 -0.00242477 -0.00318744 -0.00535166 -0.00584556 -0.00812155 -0.0105115 -0.00801466 -0.00290325 0.00102128 0.00181865 0.00000309660 -0.00161057 -0.00212525 -0.00253525 -0.00242643 -0.00113676 -0.00215247 -0.00328960 -0.00241427 -0.00137371 -0.000686937 -0.000185005 -0.000288998 -0.00186173 -0.00307631 -0.00283218 -0.00101917 0.00114724 0.00228259 0.00149037 0.000610202 -0.000215078 -0.000818293 0.00000 0.00000 0.00000 0.00000 0.00000 0.00000 0.00000 0.00000 0.00000 0.00000 0.00000 0.00000 0.00000 0.00000 0.00000 0.00000 0.00000 0.00000 0.00000 0.00000 0.00000 0.00000 0.00000 0.00000 0.00000 0.00000 0.00000 0.00000 0.00000 0.00000 0.00000 0.00000 0.00000 0.00000 0.00000 0.00000 0.00000 0.00000 0.00000 0.00000 0.00000 0.00000 0.00000 0.00000 0.00000 0.00000 0.00000 0.00000 0.00000 0.00000 0.00000 0.00000 0.00000 0.00000 0.00000 0.00000 0.00000 0.00000 0.00000 0.00000 0.00000 0.00000 0.00000 0.00000 0.00000 0.00000 0.00000 0.00000 0.00000 0.00000 0.00000 0.00000 0.00000 0.00000 0.00000 0.00000 0.00000 0.00000 0.00000 0.00000 0.00000 0.00000 0.00000 0.00000 0.00000 0.00000 0.00000 0.00000 0.00000 0.00000 0.00000 0.00000 0.00000 0.00000 0.00000 0.00000 0.00000 0.00000 0.00000 0.00000 0.00000 0.00000 0.00000 0.00000 0.00000 0.00000 0.00000 0.00000 0.00000 0.00000 0.00000 0.00000 0.00000 0.00000 0.00000 0.00000 0.00000 0.00000 0.00000 0.00000 0.00000 0.00000 0.00000 0.00000 0.00000
0.0000572148 7.93382e-7 -3.16807e-7 3.15968e-8 -0.0000165488 0.0000107679 0.0000290878 -0.0000362361 0.00000282117 0.0000688300 -0.0000517416 0.0000928233 0.0000200308 0.0000638127 -0.0000302395 0.0000628197 0.000162656 -0.000225442 0.000529634 -0.000154399 0.000535716 0.00661687 0.0431727 0.0260261 -0.0260166 0.0104103 0.00287276 -0.0190251 0.0296661 0.0410170 0.0323878 0.0775917 0.100512 0.0184039 -0.0169511 0.0252990 -0.0108208 -0.0708441 -0.0437387 -0.0217758 -0.0570122 -0.0474711 -0.00594480 -0.00126158 -0.00309069 0.0185421 0.0350291 0.0256120 0.0234757 0.0299144 0.0193638 0.00665381 0.00528166 0.00161231 -0.00999852 -0.0176988 -0.0189784 -0.0223623 -0.0304793 -0.0358682 -0.0329938 -0.0267460 -0.0186215 -0.00868245 -0.00194558 0.00352126 0.00964694 0.0130972 0.0123749 0.00831684 0.00524343 0.00269703 -0.00180396 -0.00633080 -0.00828129 -0.00923898 -0.0112447 -0.0109211 -0.0100377 -0.00898260 -0.00635583 -0.00314984 -0.00107583 -0.000752882 0.000628231 0.00145493 0.00128947 0.00117707 0.00104781 0.000603691 -0.000980780 -0.00270709 -0.00361688 -0.00416243 -0.00483718 -0.00457251 -0.00365306 -0.00373920 -0.00372549 -0.00261765 -0.00193628 -0.00201092 -0.00136287 -0.000586585 -0.000978120 -0.00179541 -0.00129453 -0.000766881 -0.00134607 -0.00162048 -0.00137548 -0.00152942 -0.00246096 -0.00291637 -0.00295157 -0.00304752 -0.00313168 -0.00338483 -0.00277991 -0.00216699 -0.00117530 -0.000362211 -0.0000425247 -0.0000744555 -0.000146626 -0.000307724 -0.00108510 -0.00161170 -0.00162845 -0.00216833 -0.00212976 0.00000 0.00000 0.00000 0.00000 0.00000 0.00000 0.00000 0.00000 0.00000 0.00000 0.00000 0.00000 0.00000 0.00000 0.00000 0.00000 0.00000 0.00000 0.00000 0.00000 0.00000 0.00000 0.00000 0.00000 0.00000 0.00000 0.00000 0.00000 0.00000 0.00000 0.00000 0.00000 0.00000 0.00000 0.00000 0.00000 0.00000 0.00000 0.00000 0.00000 0.00000 0.00000 0.00000 0.00000 0.00000 0.00000 0.00000 0.00000 0.00000 0.00000 0.00000 0.00000 0.00000 0.00000 0.00000 0.00000 0.00000 0.00000 0.00000 0.00000 0.00000 0.00000 0.00000 0.00000 0.00000 0.00000 0.00000 0.00000 0.00000 0.00000 0.00000 0.00000 0.00000 0.00000 0.00000 0.00000 0.00000 0.00000 0.00000 0.00000 0.00000 0.00000 0.00000 0.00000 0.00000 0.00000 0.00000 0.00000 0.00000 0.00000 0.00000 0.00000 0.00000 0.00000 0.00000 0.00000 0.00000 0.00000 0.00000 0.00000 0.00000 0.00000 0.00000 0.00000 0.00000 0.00000 0.00000 0.00000 0.00000 0.00000 0.00000 0.00000 0.00000 0.00000 0.00000 0.00000 0.00000 0.00000 0.00000 0.00000 0.00000 0.00000 0.00000 0.00000 0.00000 -0.00152573 0.00169574 -0.00142691 0.000879279 -0.00168294 0.0502328 0.261081 0.0498677 -0.253394 -0.129307 0.0141741 0.145046 0.0712937 0.156537 0.435361 0.200557 -0.134995 -0.0583355 -0.00823185 -0.187729 -0.188607 -0.167637 -0.181838 -0.0976118 -0.0529154 0.00183105 0.00849597 0.0601685 0.111794 0.0452997 0.0145479 0.0635948 0.0638565 0.00461907 -0.00619453 0.00299943 0.0123400 0.00522343 -0.00839099 -0.0362319 -0.0893856 -0.101152 -0.0781927 -0.0593693 -0.0426042 -0.0197335 0.00772296 0.0173069 0.0238738 0.0330818 0.0378487 0.0367623 0.0327899 0.0247220 0.00656159 -0.00331292 -0.00569124 -0.00751917 -0.0139759 -0.0183574 -0.0188607 -0.0261638 -0.0280882 -0.0160939 -0.00702052 -0.00781731 -0.00659666 0.000801164 0.00631384 0.00924367 0.0135584 0.0145054 0.0101046 0.00138055 -0.00286806 -0.00508615 -0.00647741 -0.00443717 -0.00396641 -0.00626212 -0.00958328 -0.00812037 -0.00526192 -0.00536492 -0.00325401 0.00113947 0.00177557 -0.000286361 -0.00175599 0.0000536877 0.00378235 0.00672687 0.00622330 0.00122348 -0.00423889 -0.00634465 -0.00568335 -0.00602877 -0.00536308 -0.00452498 -0.00725497 -0.00952468 -0.00705843 -0.00114155 0.00373587 0.00354711 0.000659851 -0.00177721 -0.00306601 -0.00259660 -0.00150371 -0.00163223 -0.00373433 -0.00488453 -0.00459766 -0.00304049 -0.000597370 0.000245312 -0.000638371 -0.00222099 -0.00285128 -0.00121975 0.000748726 0.00181771 0.00176265 0.000939928 -0.000185718 -0.000903650 -0.000468993 0.00117310 0.00168273 0.00000 0.00000 0.00000 0.00000 0.00000 0.00000 0.00000 0.00000 0.00000 0.00000 0.00000 0.00000 0.00000 0.00000 0.00000 0.00000 0.00000 0.00000 0.00000 0.00000 0.00000 0.00000 0.00000 0.00000 0.00000 0.00000 0.00000 0.00000 0.00000 0.00000 0.00000 0.00000 0.00000 0.00000 0.00000 0.00000 0.00000 0.00000 0.00000 0.00000 0.00000 0.00000 0.00000 0.00000 0.00000 0.00000 0.00000 0.00000 0.00000 0.00000 0.00000 0.00000 0.00000 0.00000 0.00000 0.00000 0.00000 0.00000 0.00000 0.00000 0.00000 0.00000 0.00000 0.00000 0.00000 0.00000 0.00000 0.00000 0.00000 0.00000 0.00000 0.00000 0.00000 0.00000 0.00000 0.00000 0.00000 0.00000 0.00000 0.00000 0.00000 0.00000 0.00000 0.00000 0.00000 0.00000 0.00000 0.00000 0.00000 0.00000 0.00000 0.00000 0.00000 0.00000 0.00000 0.00000 0.00000 0.00000 0.00000 0.00000 0.00000 0.00000 0.00000 0.00000 0.00000 0.00000 0.00000 0.00000 0.00000 0.00000 0.00000 0.00000 0.00000 0.00000 0.00000 0.00000 0.00000 0.00000 0.00000 0.00000 0.00000 0.00000 0.00000 0.00000 0.00000
-0.0000190716 2.67280e-8 -0.00000106363 0.0000182470 0.0000186923 0.0000204366 0.00000178088 -0.0000147143 -0.0000362907 -0.0000383988 -0.0000254874 -0.0000122732 -0.0000269985 -0.00000799571 -0.0000347495 -0.00000334428 -0.0000993477 0.0000815049 0.0000113987 0.000111407 -0.000220833 0.000271203 0.000231813 0.0000653678 -0.0000345825 0.0120491 0.0337565 0.00546293 -0.00462954 0.0182297 -0.0125971 -0.00792450 0.0280331 0.0252025 0.0360325 0.0800162 0.0715119 0.00876709 0.0101837 0.0286946 -0.0190927 -0.0491723 -0.0264864 -0.0274073 -0.0420371 -0.0202097 0.00107991 0.00387090 0.0121040 0.0238992 0.0208046 0.00808879 0.00668498 0.00422573 -0.00989909 -0.0153324 -0.0103102 -0.0136296 -0.0191309 -0.0150542 -0.0105342 -0.0139373 -0.0191992 -0.0166027 -0.0100670 -0.00626720 -0.00364302 -0.000283758 0.00341107 0.00543919 0.00579261 0.00418932 0.000785972 -0.00265606 -0.00483401 -0.00631066 -0.00863172 -0.00912613 -0.00790519 -0.00770828 -0.00740607 -0.00562048 -0.00433297 -0.00391588 -0.00248527 -0.00107236 -0.000701795 -0.000620329 0.0000681214 0.000688496 -0.000188338 -0.000782690 -0.000840622 -0.00155395 -0.00245032 -0.00362072 -0.00413106 -0.00465196 -0.00500435 -0.00398165 -0.00343931 -0.00342279 -0.00287546 -0.00223966 -0.00202179 -0.00172430 -0.000840186 -0.000625315 -0.000881426 -0.000492195 -0.000326256 -0.000767812 -0.00133217 -0.00141440 -0.00156060 -0.00247517 -0.00293229 -0.00319449 -0.00328702 -0.00287035 -0.00284100 -0.00291251 -0.00277520 -0.00232842 -0.00147725 -0.000930690 -0.000452079 -0.000394275 -0.000285866 -0.000708184 -0.00104777 0.00000 0.00000 0.00000 0.00000 0.00000 0.00000 0.00000 0.00000 0.00000 0.00000 0.00000 0.00000 0.00000 0.00000 0.00000 0.00000 0.00000 0.00000 0.00000 0.00000 0.00000 0.00000 0.00000 0.00000 0.00000 0.00000 0.00000 0.00000 0.00000 0.00000 0.00000 0.00000 0.00000 0.00000 0.00000 0.00000 0.00000 0.00000 0.00000 0.00000 0.00000 0.00000 0.00000 0.00000 0.00000 0.00000 0.00000 0.00000 0.00000 0.00000 0.00000 0.00000 0.00000 0.00000 0.00000 0.00000 0.00000 0.00000 0.00000 0.00000 0.00000 0.00000 0.00000 0.00000 0.00000 0.00000 0.00000 0.00000 0.00000 0.00000 0.00000 0.00000 0.00000 0.00000 0.00000 0.00000 0.00000 0.00000 0.00000 0.00000 0.00000 0.00000 0.00000 0.00000 0.00000 0.00000 0.00000 0.00000 0.00000 0.00000 0.00000 0.00000 0.00000 0.00000 0.00000 0.00000 0.00000 0.00000 0.00000 0.00000 0.00000 0.00000 0.00000 0.00000 0.00000 0.00000 0.00000 0.00000 0.00000 0.00000 0.00000 0.00000 0.00000 0.00000 0.00000 0.00000 0.00000 0.00000 0.00000 0.00000 0.00000 0.00000 0.00000 0.00000 0.00000 0.00291796 -0.00466585 0.00611324 -0.00460429 0.161074 0.277020 -0.184274 -0.305667 0.0233192 0.136148 0.0513240 0.0993405 0.459959 0.279231 -0.143043 -0.0418565 0.0351513 -0.128694 -0.157045 -0.144395 -0.211474 -0.122847 -0.0591109 -0.0387771 -0.00678503 -0.00999198 0.0384773 0.0420428 0.0353499 0.0762736 0.102232 0.0538808 0.0166342 0.0218719 0.0173426 -0.00456137 -0.0548834 -0.0830458 -0.0925654 -0.0817598 -0.0745041 -0.0682298 -0.0274766 0.0101805 0.0212306 0.0195911 0.0217285 0.0237135 0.0283526 0.0287713 0.0249500 0.0219819 0.0107695 -0.00171028 -0.00507695 -0.00703513 -0.0156781 -0.0206927 -0.0258364 -0.0341122 -0.0311251 -0.0169870 -0.00504457 -0.00212720 0.00105265 0.00589658 0.00967213 0.0115470 0.0105602 0.0128773 0.0112484 0.00267651 -0.00375490 -0.00559505 -0.00811312 -0.00802479 -0.00331532 -0.00419133 -0.00840258 -0.00875098 -0.00606426 -0.00487300 -0.00266433 0.00298914 0.00476493 0.00193048 -0.000719682 -0.00109398 0.00239758 0.00647242 0.00664769 0.00180205 -0.00540865 -0.00926421 -0.00858560 -0.00653232 -0.00458295 -0.00334492 -0.00530905 -0.00875765 -0.00858500 -0.00284872 0.00360776 0.00460957 0.00162855 -0.00131483 -0.00285071 -0.00252116 -0.000317864 0.000299630 -0.00217955 -0.00493041 -0.00686040 -0.00683654 -0.00414534 -0.00115200 0.0000656204 -0.000644855 -0.00200354 -0.00133535 0.00184823 0.00362631 0.00310597 0.00175670 -0.000896996 -0.00281718 -0.00248518 -0.000106003 0.00174603 0.00107861 0.000199229 0.00000 0.00000 0.00000 0.00000 0.00000 0.00000 0.00000 0.00000 0.00000 0.00000 0.00000 0.00000 0.00000 0.00000 0.00000 0.00000 0.00000 0.00000 0.00000 0.00000 0.00000 0.00000 0.00000 0.00000 0.00000 0.00000 0.00000 0.00000 0.00000 0.00000 0.00000 0.00000 0.00000 0.00000 0.00000 0.00000 0.00000 0.00000 0.00000 0.00000 0.00000 0.00000 0.00000 0.00000 0.00000 0.00000 0.00000 0.00000 0.00000 0.00000 0.00000 0.00000 0.00000 0.00000 0.00000 0.00000 0.00000 0.00000 0.00000 0.00000 0.00000 0.00000 0.00000 0.00000 0.00000 0.00000 0.00000 0.00000 0.00000 0.00000 0.00000 0.00000 0.00000 0.00000 0.00000 0.00000 0.00000 0.00000 0.00000 0.00000 0.00000 0.00000 0.00000 0.00000 0.00000 0.00000 0.00000 0.00000 0.00000 0.00000 0.00000 0.00000 0.00000 0.00000 0.00000 0.00000 0.00000 0.00000 0.00000 0.00000 0.00000 0.00000 0.00000 0.00000 0.00000 0.00000 0.00000 0.00000 0.00000 0.00000 0.00000 0.00000 0.00000 0.00000 0.00000 0.00000 0.00000 0.00000 0.00000 0.00000 0.00000 0.00000 0.00000 0.00000 0.00000
-5.24556e-20 2.46926e-7 -0.0000182396 -0.0000203091 -0.00000104508 -6.02535e-7 0.0000159085 0.0000188476 0.0000339650 0.0000274629 -9.31866e-7 0.00000231790 -0.00000200893 0.00000201695 -0.00000127987 0.00000173300 -0.00000806862 -0.0000261856 0.0000654171 -0.0000621675 0.0000507601 0.000326736 -0.000208838 0.000192596 0.000310297 0.000196039 -0.000310623 0.000303241 0.000402395 0.0117852 0.0278046 0.00948363 0.00179409 0.0122747 -0.00154754 -0.000321185 0.0184971 0.0269073 0.0399334 0.0698112 0.0660169 0.0263739 0.0199516 0.0218160 -0.00630643 -0.0206831 -0.0116002 -0.0208260 -0.0369005 -0.0292990 -0.0185196 -0.0199084 -0.0198201 -0.0146834 -0.0142216 -0.0127876 -0.00307324 0.00288886 0.00212836 0.00342384 0.00760023 0.00970359 0.00756829 0.00277543 -0.00338004 -0.00834769 -0.0119628 -0.0137712 -0.0140730 -0.0143130 -0.0121521 -0.00899902 -0.00623222 -0.00425956 -0.00293161 -0.00157869 -0.000868718 -0.000321207 -0.0000925576 -0.000593945 -0.00188133 -0.00253159 -0.00239410 -0.00321298 -0.00433167 -0.00478122 -0.00529010 -0.00530512 -0.00445088 -0.00344219 -0.00302035 -0.00265244 -0.00181963 -0.00135529 -0.00155052 -0.00166370 -0.00166635 -0.00172351 -0.00193350 -0.00240023 -0.00233453 -0.00237839 -0.00261698 -0.00237202 -0.00234350 -0.00257064 -0.00277321 -0.00276325 -0.00224178 -0.00145591 -0.000671589 -0.000436455 -0.000467407 -0.000497605 -0.000530446 -0.000897986 -0.00165075 -0.00215072 -0.00281614 -0.00346005 -0.00377933 -0.00382438 -0.00337934 -0.00309165 -0.00240056 -0.00220664 -0.00209716 -0.00152171 -0.000925194 -0.000530972 -0.000744466 0.00000 0.00000 0.00000 0.00000 0.00000 0.00000 0.00000 0.00000 0.00000 0.00000 0.00000 0.00000 0.00000 0.00000 0.00000 0.00000 0.00000 0.00000 0.00000 0.00000 0.00000 0.00000 0.00000 0.00000 0.00000 0.00000 0.00000 0.00000 0.00000 0.00000 0.00000 0.00000 0.00000 0.00000 0.00000 0.00000 0.00000 0.00000 0.00000 0.00000 0.00000 0.00000 0.00000 0.00000 0.00000 0.00000 0.00000 0.00000 0.00000 0.00000 0.00000 0.00000 0.00000 0.00000 0.00000 0.00000 0.00000 0.00000 0.00000 0.00000 0.00000 0.00000 0.00000 0.00000 0.00000 0.00000 0.00000 0.00000 0.00000 0.00000 0.00000 0.00000 0.00000 0.00000 0.00000 0.00000 0.00000 0.00000 0.00000 0.00000 0.00000 0.00000 0.00000 0.00000 0.00000 0.00000 0.00000 0.00000 0.00000 0.00000 0.00000 0.00000 0.00000 0.00000 0.00000 0.00000 0.00000 0.00000 0.00000 0.00000 0.00000 0.00000 0.00000 0.00000 0.00000 0.00000 0.00000 0.00000 0.00000 0.00000 0.00000 0.00000 0.00000 0.00000 0.00000 0.00000 0.00000 0.00000 0.00000 0.00000 0.00000 0.00000 0.00000 0.00000 0.00000 -0.00335660 0.00479608 -0.00759270 0.119941 0.338023 -0.159012 -0.414616 0.0661690 0.191745 0.000479705 0.131387 0.500000 0.181451 -0.213812 0.00935327 0.104681 -0.0854830 -0.152479 -0.142301 -0.196321 -0.110919 -0.0303596 -0.0422388 -0.0798619 -0.0709773 0.0427397 0.0424474 0.0125931 0.0722891 0.102376 0.0534876 0.0321009 0.0536658 0.0260614 -0.0210885 -0.0617548 -0.0649875 -0.0745553 -0.0948503 -0.0873286 -0.0608678 -0.0211873 0.0100199 0.0237638 0.0157647 0.0114069 0.0223436 0.0313282 0.0261969 0.0235480 0.0243600 0.00829316 -0.00429016 -0.00125115 -0.00362736 -0.0196442 -0.0262554 -0.0258769 -0.0314362 -0.0313719 -0.0178386 -0.00452207 -0.00261247 -0.00304084 0.00418704 0.0107838 0.00885685 0.0110734 0.0174106 0.0145859 0.00264446 -0.00199793 -0.00257459 -0.00912206 -0.00818402 -0.00171061 -0.00410070 -0.0110730 -0.0111936 -0.00647223 -0.00529828 -0.00219021 0.00458830 0.00529198 0.00116216 -0.000929032 0.000354294 0.00225010 0.00522123 0.00613061 0.000820360 -0.00647635 -0.00919382 -0.00687920 -0.00442446 -0.00317246 -0.00302712 -0.00567347 -0.00989193 -0.00960053 -0.00298292 0.00370294 0.00350069 -0.0000758824 -0.00240088 -0.00368384 -0.00212700 0.000416899 0.000998089 -0.00157228 -0.00509486 -0.00731730 -0.00672877 -0.00370756 -0.000818942 0.000463528 -0.00114117 -0.00379112 -0.00245461 0.00176749 0.00352088 0.00265027 0.00171900 -0.000248971 -0.00223000 -0.00117528 0.00166485 0.00142590 -0.000494041 -0.00194165 -0.00236371 0.00000 0.00000 0.00000 0.00000 0.00000 0.00000 0.00000 0.00000 0.00000 0.00000 0.00000 0.00000 0.00000 0.00000 0.00000 0.00000 0.00000 0.00000 0.00000 0.00000 0.00000 0.00000 0.00000 0.00000 0.00000 0.00000 0.00000 0.00000 0.00000 0.00000 0.00000 0.00000 0.00000 0.00000 0.00000 0.00000 0.00000 0.00000 0.00000 0.00000 0.00000 0.00000 0.00000 0.00000 0.00000 0.00000 0.00000 0.00000 0.00000 0.00000 0.00000 0.00000 0.00000 0.00000 0.00000 0.00000 0.00000 0.00000 0.00000 0.00000 0.00000 0.00000 0.00000 0.00000 0.00000 0.00000 0.00000 0.00000 0.00000 0.00000 0.00000 0.00000 0.00000 0.00000 0.00000 0.00000 0.00000 0.00000 0.00000 0.00000 0.00000 0.00000 0.00000 0.00000 0.00000 0.00000 0.00000 0.00000 0.00000 0.00000 0.00000 0.00000 0.00000 0.00000 0.00000 0.00000 0.00000 0.00000 0.00000 0.00000 0.00000 0.00000 0.00000 0.00000 0.00000 0.00000 0.00000 0.00000 0.00000 0.00000 0.00000 0.00000 0.00000 0.00000 0.00000 0.00000 0.00000 0.00000 0.00000 0.00000 0.00000 0.00000 0.00000 0.00000 0.00000
-1.70062e-20 -0.0000187475 -0.0000195286 -0.0000185170 -0.0000201210 -0.0000175602 -0.0000222679 8.17006e-7 -0.0000191305 0.0000105495 0.00000964123 -0.0000228627 0.00000968262 0.0000138017 -0.0000236093 0.00000348757 -0.0000383539 -0.0000504420 -0.0000375451 0.00000570764 0.0000725707 -0.0000520733 0.00000297726 0.000207885 0.000329450 -0.0000108875 0.000193247 0.0000708409 -0.000421455 0.0000112578 0.00551917 0.0139863 0.00789986 0.00967087 0.0218336 0.0124990 0.0111675 0.0179093 0.0109227 0.00731697 0.0118474 0.0290861 0.0706144 0.101680 0.0697160 0.0149443 -0.00183654 -0.00750713 -0.0339746 -0.0518969 -0.0525849 -0.0579068 -0.0543200 -0.0375963 -0.0253251 -0.0183981 -0.00843236 0.00468975 0.0123741 0.0172775 0.0221453 0.0215164 0.0154746 0.0107427 0.00923974 0.00186564 -0.00824732 -0.0133509 -0.0157764 -0.0183957 -0.0219682 -0.0216397 -0.0183077 -0.0137103 -0.00743830 -0.00309502 0.000430454 0.00287922 0.00397076 0.00406877 0.00297787 0.00205273 0.000283849 -0.00108884 -0.00267239 -0.00426248 -0.00483997 -0.00620170 -0.00659677 -0.00650254 -0.00655832 -0.00671285 -0.00584701 -0.00355069 -0.00203016 -0.000989450 -0.000345010 0.000165937 0.000708394 0.000802492 0.0000302102 -0.00116448 -0.00165172 -0.00184273 -0.00227833 -0.00291016 -0.00360015 -0.00344685 -0.00281579 -0.00298217 -0.00307248 -0.00258996 -0.00181953 -0.00117753 -0.000976671 -0.00106596 -0.00163773 -0.00186224 -0.00179212 -0.00207352 -0.00221225 -0.00247779 -0.00252612 -0.00270981 -0.00299428 -0.00333610 -0.00372766 -0.00315536 -0.00200360 -0.00100608 -0.000462847 0.00000 0.00000 0.00000 0.00000 0.00000 0.00000 0.00000 0.00000 0.00000 0.00000 0.00000 0.00000 0.00000 0.00000 0.00000 0.00000 0.00000 0.00000 0.00000 0.00000 0.00000 0.00000 0.00000 0.00000 0.00000 0.00000 0.00000 0.00000 0.00000 0.00000 0.00000 0.00000 0.00000 0.00000 0.00000 0.00000 0.00000 0.00000 0.00000 0.00000 0.00000 0.00000 0.00000 0.00000 0.00000 0.00000 0.00000 0.00000 0.00000 0.00000 0.00000 0.00000 0.00000 0.00000 0.00000 0.00000 0.00000 0.00000 0.00000 0.00000 0.00000 0.00000 0.00000 0.00000 0.00000 0.00000 0.00000 0.00000 0.00000 0.00000 0.00000 0.00000 0.00000 0.00000 0.00000 0.00000 0.00000 0.00000 0.00000 0.00000 0.00000 0.00000 0.00000 0.00000 0.00000 0.00000 0.00000 0.00000 0.00000 0.00000 0.00000 0.00000 0.00000 0.00000 0.00000 0.00000 0.00000 0.00000 0.00000 0.00000 0.00000 0.00000 0.00000 0.00000 0.00000 0.00000 0.00000 0.00000 0.00000 0.00000 0.00000 0.00000 0.00000 0.00000 0.00000 0.00000 0.00000 0.00000 0.00000 0.00000 0.00000 0.00000 0.00000 0.00000 0.00000 -0.00638899 0.0100254 -0.0133855 0.185163 0.306977 -0.327122 -0.349843 0.195043 0.171690 -0.0280218 0.263467 0.474655 -0.0940857 -0.230767 0.181704 0.145793 -0.148816 -0.137987 -0.107009 -0.201001 -0.0673685 0.0114908 -0.113993 -0.165760 -0.0205704 0.0737013 -0.00260449 0.0268985 0.107175 0.0831676 0.0319754 0.0382184 0.0309902 -0.0293131 -0.0345438 -0.0252851 -0.0364769 -0.0683682 -0.0715076 -0.0577057 -0.0470045 -0.0130081 0.00700545 0.00693550 -0.00412941 0.00471032 0.0207197 0.0214815 0.0199949 0.0261621 0.0201106 0.00121066 -0.00309693 0.00549811 -0.000902464 -0.0174120 -0.0211717 -0.0247785 -0.0317410 -0.0287939 -0.0104751 -0.00293474 -0.00688795 -0.00653271 0.00109869 0.00777777 0.00758103 0.0123859 0.0176495 0.0118263 0.00135857 -0.000659844 -0.00301663 -0.00826723 -0.00495568 0.000934315 -0.00539333 -0.0126484 -0.00918077 -0.00415079 -0.00431029 -0.000780591 0.00523461 0.00160259 -0.00305840 -0.00167239 0.000864201 0.00257844 0.00544086 0.00474180 -0.00172721 -0.00799931 -0.00756504 -0.00402867 -0.00142035 -0.000423579 -0.00266982 -0.00743608 -0.0118167 -0.00815018 0.000124807 0.00426618 0.000956089 -0.00335294 -0.00507717 -0.00534308 -0.00182717 0.00116410 0.000693081 -0.00265005 -0.00583536 -0.00677867 -0.00508500 -0.00171014 0.000849936 0.000211498 -0.00246118 -0.00411999 -0.00150912 0.00268889 0.00357222 0.00192157 -0.000180378 -0.00249239 -0.00322124 -0.000811757 0.00180538 0.000928363 -0.00113973 -0.00257402 -0.00285254 0.00000 0.00000 0.00000 0.00000 0.00000 0.00000 0.00000 0.00000 0.00000 0.00000 0.00000 0.00000 0.00000 0.00000 0.00000 0.00000 0.00000 0.00000 0.00000 0.00000 0.00000 0.00000 0.00000 0.00000 0.00000 0.00000 0.00000 0.00000 0.00000 0.00000 0.00000 0.00000 0.00000 0.00000 0.00000 0.00000 0.00000 0.00000 0.00000 0.00000 0.00000 0.00000 0.00000 0.00000 0.00000 0.00000 0.00000 0.00000 0.00000 0.00000 0.00000 0.00000 0.00000 0.00000 0.00000 0.00000 0.00000 0.00000 0.00000 0.00000 0.00000 0.00000 0.00000 0.00000 0.00000 0.00000 0.00000 0.00000 0.00000 0.00000 0.00000 0.00000 0.00000 0.00000 0.00000 0.00000 0.00000 0.00000 0.00000 0.00000 0.00000 0.00000 0.00000 0.00000 0.00000 0.00000 0.00000 0.00000 0.00000 0.00000 0.00000 0.00000 0.00000 0.00000 0.00000 0.00000 0.00000 0.00000 0.00000 0.00000 0.00000 0.00000 0.00000 0.00000 0.00000 0.00000 0.00000 0.00000 0.00000 0.00000 0.00000 0.00000 0.00000 0.00000 0.00000 0.00000 0.00000 0.00000 0.00000 0.00000 0.00000 0.00000 0.00000 0.00000 0.00000
0.0000190716 -4.96656e-8 0.0000363621 0.0000229281 -0.00000306621 0.0000364521 0.00000677491 -0.00000591398 0.0000208588 0.00000211040 -2.30539e-7 -1.97437e-7 -0.00000236186 0.0000257259 0.0000331117 0.00000963340 0.0000267534 0.0000149795 0.0000100616 0.0000138025 -0.0000242559 0.0000895913 0.000212940 -0.0000931161 0.000390101 0.000104355 0.000335262 0.000483563 0.0115895 0.0207406 0.000817831 -0.00855732 0.00614083 0.0100712 0.00529492 0.00753511 0.0241346 0.0551297 0.0590258 0.0242113 0.00274889 -0.00254910 -0.000630429 0.0152043 0.0234985 0.0214396 0.0228742 0.0210837 0.00374294 -0.0153034 -0.0202958 -0.0278127 -0.0425322 -0.0420323 -0.0282363 -0.0229091 -0.0196578 -0.0118029 -0.00281716 0.00524646 0.00976086 0.0132591 0.0137460 0.0120439 0.00811696 0.00206824 -0.00379547 -0.00737821 -0.00833132 -0.00973122 -0.0114967 -0.0121167 -0.0119800 -0.0118694 -0.0112812 -0.00878094 -0.00590564 -0.00478744 -0.00353473 -0.00153385 0.000346707 0.00106319 0.00168620 0.00145162 -0.000338995 -0.00170767 -0.00257658 -0.00343722 -0.00495385 -0.00532690 -0.00479591 -0.00470231 -0.00423597 -0.00341358 -0.00253193 -0.00212459 -0.00206641 -0.00170017 -0.00154380 -0.00103904 -0.000225243 -0.000554368 -0.00120684 -0.00120267 -0.00119045 -0.00222866 -0.00320289 -0.00333781 -0.00324818 -0.00303542 -0.00315723 -0.00348512 -0.00343723 -0.00280780 -0.00189260 -0.00153852 -0.00172343 -0.00173886 -0.00159084 -0.00190458 -0.00252062 -0.00263682 -0.00223374 -0.00154449 -0.000932080 -0.000891089 -0.000926734 -0.00120429 -0.00112811 -0.00111306 -0.000998723 0.00000 0.00000 0.00000 0.00000 0.00000 0.00000 0.00000 0.00000 0.00000 0.00000 0.00000 0.00000 0.00000 0.00000 0.00000 0.00000 0.00000 0.00000 0.00000 0.00000 0.00000 0.00000 0.00000 0.00000 0.00000 0.00000 0.00000 0.00000 0.00000 0.00000 0.00000 0.00000 0.00000 0.00000 0.00000 0.00000 0.00000 0.00000 0.00000 0.00000 0.00000 0.00000 0.00000 0.00000 0.00000 0.00000 0.00000 0.00000 0.00000 0.00000 0.00000 0.00000 0.00000 0.00000 0.00000 0.00000 0.00000 0.00000 0.00000 0.00000 0.00000 0.00000 0.00000 0.00000 0.00000 0.00000 0.00000 0.00000 0.00000 0.00000 0.00000 0.00000 0.00000 0.00000 0.00000 0.00000 0.00000 0.00000 0.00000 0.00000 0.00000 0.00000 0.00000 0.00000 0.00000 0.00000 0.00000 0.00000 0.00000 0.00000 0.00000 0.00000 0.00000 0.00000 0.00000 0.00000 0.00000 0.00000 0.00000 0.00000 0.00000 0.00000 0.00000 0.00000 0.00000 0.00000 0.00000 0.00000 0.00000 0.00000 0.00000 0.00000 0.00000 0.00000 0.00000 0.00000 0.00000 0.00000 0.00000 0.00000 0.00000 0.00000 0.00000 0.00000 0.00000 0.000610291 -0.00249908 0.00248645 0.0351047 0.317378 0.000499048 -0.460371 -0.00322095 0.253941 0.0204775 0.0882363 0.422461 0.105555 -0.289474 0.0842447 0.309313 -0.0336390 -0.198115 -0.0701174 -0.149105 -0.134058 0.0149765 -0.0996377 -0.203676 -0.0817777 0.0474751 0.0410093 0.00898701 0.0710190 0.0900299 0.0455880 0.0388215 0.0373974 -0.0309082 -0.0496212 -0.0131689 -0.0251317 -0.0483160 -0.0637798 -0.0485579 -0.0310569 -0.0117380 0.00539688 0.00235509 -0.00812266 -0.00356337 0.0110339 0.0142039 0.0130710 0.0152614 0.0171167 0.00701370 -0.00372843 -0.000462605 0.00409544 -0.00925754 -0.0155674 -0.0179403 -0.0249118 -0.0260452 -0.0136630 -0.00126709 -0.00396948 -0.00721609 -0.00304395 0.00433598 0.00439700 0.00750768 0.0131577 0.0113542 0.00149587 -0.00178049 -0.000318772 -0.00474937 -0.00674472 0.000138207 0.000839820 -0.00841816 -0.00902200 -0.00413509 -0.00261482 -0.00252258 0.00275799 0.00255660 -0.00341426 -0.00445170 -0.00175155 0.0000713005 0.00304080 0.00580299 0.00179814 -0.00470179 -0.00668426 -0.00335891 -0.000516173 0.000909166 -0.00149921 -0.00635223 -0.0103223 -0.00929032 -0.00221011 0.00292924 0.00168324 -0.00335424 -0.00553926 -0.00489094 -0.00296690 0.0000480376 0.00107155 -0.00183671 -0.00539607 -0.00703404 -0.00552193 -0.00263974 0.000701213 0.00210264 -0.000611858 -0.00329284 -0.00271640 0.00110187 0.00316646 0.00190699 -0.000522710 -0.00287656 -0.00380964 -0.00234107 0.000506447 0.00101308 -0.000313112 -0.00152225 -0.00150563 0.00000 0.00000 0.00000 0.00000 0.00000 0.00000 0.00000 0.00000 0.00000 0.00000 0.00000 0.00000 0.00000 0.00000 0.00000 0.00000 0.00000 0.00000 0.00000 0.00000 0.00000 0.00000 0.00000 0.00000 0.00000 0.00000 0.00000 0.00000 0.00000 0.00000 0.00000 0.00000 0.00000 0.00000 0.00000 0.00000 0.00000 0.00000 0.00000 0.00000 0.00000 0.00000 0.00000 0.00000 0.00000 0.00000 0.00000 0.00000 0.00000 0.00000 0.00000 0.00000 0.00000 0.00000 0.00000 0.00000 0.00000 0.00000 0.00000 0.00000 0.00000 0.00000 0.00000 0.00000 0.00000 0.00000 0.00000 0.00000 0.00000 0.00000 0.00000 0.00000 0.00000 0.00000 0.00000 0.00000 0.00000 0.00000 0.00000 0.00000 0.00000 0.00000 0.00000 0.00000 0.00000 0.00000 0.00000 0.00000 0.00000 0.00000 0.00000 0.00000 0.00000 0.00000 0.00000 0.00000 0.00000 0.00000 0.00000 0.00000 0.00000 0.00000 0.00000 0.00000 0.00000 0.00000 0.00000 0.00000 0.00000 0.00000 0.00000 0.00000 0.00000 0.00000 0.00000 0.00000 0.00000 0.00000 0.00000 0.00000 0.00000 0.00000 0.00000 0.00000 0.00000
0.0000190716 0.0000196229 0.0000169872 0.0000564697 0.0000403454 0.0000208784 0.00000288166 -0.0000176909 -0.00000524182 0.00000387924 0.00000831633 0.0000326769 -0.0000234626 0.0000299713 0.0000188962 0.0000448606 -0.00000346013 0.000137360 0.00000892269 0.0000700701 0.0000458438 0.0000595691 0.000194283 0.000177838 0.000526434 0.00394006 0.0279535 0.0245308 -0.0156777 -0.0101345 0.0145913 0.00756349 -0.00371277 0.0142812 0.0570190 0.0670379 0.0331636 0.0162905 0.0150926 0.00563031 0.000182341 -0.0101534 -0.0247826 -0.0253872 -0.0210662 -0.0203625 -0.0117287 0.00474822 0.0170708 0.0203618 0.0213477 0.0209963 0.0107222 -0.00137320 -0.00803300 -0.0176042 -0.0229340 -0.0198124 -0.0175977 -0.0179215 -0.0149118 -0.0102292 -0.00808699 -0.00717264 -0.00389099 0.00148380 0.00363826 0.00432251 0.00383660 0.00194733 0.000266405 -0.00106906 -0.00373468 -0.00680030 -0.00746848 -0.00762575 -0.00804110 -0.00881044 -0.00871677 -0.00735091 -0.00610667 -0.00525899 -0.00535092 -0.00442283 -0.00125110 0.00106849 0.00134393 0.00111700 0.000757248 0.0000675368 -0.000810737 -0.00134246 -0.00140403 -0.00175716 -0.00261439 -0.00328635 -0.00347218 -0.00357703 -0.00356841 -0.00391933 -0.00458070 -0.00437798 -0.00331076 -0.00204890 -0.00166273 -0.00123568 -0.000628567 -0.00123849 -0.00217756 -0.00293963 -0.00315901 -0.00298780 -0.00273492 -0.00252389 -0.00233628 -0.00258306 -0.00311200 -0.00308517 -0.00248142 -0.00185388 -0.00111450 -0.000895031 -0.000712019 -0.000281429 0.000219676 0.000121733 -0.0000929027 -0.000702930 -0.00134858 -0.00222325 -0.00244909 0.00000 0.00000 0.00000 0.00000 0.00000 0.00000 0.00000 0.00000 0.00000 0.00000 0.00000 0.00000 0.00000 0.00000 0.00000 0.00000 0.00000 0.00000 0.00000 0.00000 0.00000 0.00000 0.00000 0.00000 0.00000 0.00000 0.00000 0.00000 0.00000 0.00000 0.00000 0.00000 0.00000 0.00000 0.00000 0.00000 0.00000 0.00000 0.00000 0.00000 0.00000 0.00000 0.00000 0.00000 0.00000 0.00000 0.00000 0.00000 0.00000 0.00000 0.00000 0.00000 0.00000 0.00000 0.00000 0.00000 0.00000 0.00000 0.00000 0.00000 0.00000 0.00000 0.00000 0.00000 0.00000 0.00000 0.00000 0.00000 0.00000 0.00000 0.00000 0.00000 0.00000 0.00000 0.00000 0.00000 0.00000 0.00000 0.00000 0.00000 0.00000 0.00000 0.00000 0.00000 0.00000 0.00000 0.00000 0.00000 0.00000 0.00000 0.00000 0.00000 0.00000 0.00000 0.00000 0.00000 0.00000 0.00000 0.00000 0.00000 0.00000 0.00000 0.00000 0.00000 0.00000 0.00000 0.00000 0.00000 0.00000 0.00000 0.00000 0.00000 0.00000 0.00000 0.00000 0.00000 0.00000 0.00000 0.00000 0.00000 0.00000 0.00000 0.00000 0.00000 0.00000 -0.000953580 0.00252242 -0.00481891 0.00601863 0.00996904 0.241214 0.0853781 -0.364460 -0.0819525 0.238824 0.0561274 0.00422916 0.321109 0.139221 -0.207647 0.0953408 0.316229 0.0189640 -0.204160 -0.0927992 -0.0925904 -0.120694 -0.0464858 -0.100617 -0.176943 -0.0999270 0.0332443 0.0433777 0.00609030 0.0574870 0.0849806 0.0509802 0.0347047 0.0377969 -0.0185090 -0.0599392 -0.0237400 -0.00934244 -0.0391187 -0.0643715 -0.0436676 -0.0215505 -0.00908188 -0.00115681 -0.000858761 -0.00250987 0.000131791 0.0126902 0.0158673 0.0124817 0.0146523 0.0164809 0.00354176 -0.00792771 -0.00558814 -0.00318884 -0.0143651 -0.0188564 -0.0149239 -0.0170068 -0.0187953 -0.0100726 0.00141016 -0.000570492 -0.00442127 -0.00298164 0.00366212 0.00424724 0.00445786 0.0105286 0.0101213 0.000701339 -0.00336139 0.000248859 -0.00292944 -0.00654259 -0.00252270 -0.00178055 -0.00914934 -0.00979062 -0.00417256 -0.00241310 -0.00257849 0.00160700 0.00240705 -0.00204257 -0.00289639 0.000207948 0.00204548 0.00263391 0.00394585 0.00177521 -0.00302812 -0.00563836 -0.00356613 -0.00136738 -0.000896874 -0.00267606 -0.00587422 -0.00883460 -0.00821220 -0.00280265 0.000762118 0.0000105788 -0.00317231 -0.00391378 -0.00349998 -0.00222492 0.000356524 0.00107155 -0.00111162 -0.00483533 -0.00691665 -0.00605942 -0.00333600 -0.000617433 0.000129103 -0.00179109 -0.00350748 -0.00255729 0.000863736 0.00205442 0.00102174 -0.0000363624 -0.00109866 -0.00194581 -0.000971327 0.00160082 0.00187287 0.0000577804 -0.000877494 0.00000 0.00000 0.00000 0.00000 0.00000 0.00000 0.00000 0.00000 0.00000 0.00000 0.00000 0.00000 0.00000 0.00000 0.00000 0.00000 0.00000 0.00000 0.00000 0.00000 0.00000 0.00000 0.00000 0.00000 0.00000 0.00000 0.00000 0.00000 0.00000 0.00000 0.00000 0.00000 0.00000 0.00000 0.00000 0.00000 0.00000 0.00000 0.00000 0.00000 0.00000 0.00000 0.00000 0.00000 0.00000 0.00000 0.00000 0.00000 0.00000 0.00000 0.00000 0.00000 0.00000 0.00000 0.00000 0.00000 0.00000 0.00000 0.00000 0.00000 0.00000 0.00000 0.00000 0.00000 0.00000 0.00000 0.00000 0.00000 0.00000 0.00000 0.00000 0.00000 0.00000 0.00000 0.00000 0.00000 0.00000 0.00000 0.00000 0.00000 0.00000 0.00000 0.00000 0.00000 0.00000 0.00000 0.00000 0.00000 0.00000 0.00000 0.00000 0.00000 0.00000 0.00000 0.00000 0.00000 0.00000 0.00000 0.00000 0.00000 0.00000 0.00000 0.00000 0.00000 0.00000 0.00000 0.00000 0.00000 0.00000 0.00000 0.00000 0.00000 0.00000 0.00000 0.00000 0.00000 0.00000 0.00000 0.00000 0.00000 0.00000 0.00000 0.00000 0.00000 0.00000
0.0000572148 0.00000202002 -0.00000274132 -0.0000137039 -0.0000253225 -0.0000112947 -0.0000278045 -0.00000829296 -0.0000286999 -0.0000379795 -0.0000211718 0.0000291938 -0.0000532450 0.0000329467 -0.0000761275 0.000166802 -0.000176972 0.000187337 -0.000293942 0.000455382 -0.000323299 0.000858319 0.000677504 0.0223246 0.0516468 0.000274843 -0.0379033 0.00421444 0.0175099 -0.00747415 0.00634570 0.0784445 0.100911 0.0381399 0.0123929 0.0242696 0.00255456 -0.0161252 -0.0254617 -0.0476626 -0.0472018 -0.0275346 -0.0234055 -0.0237707 -0.0120114 0.00650801 0.0101472 0.00633197 0.0142808 0.0204577 0.0178495 0.0153910 0.0140403 0.0131671 0.0106207 0.00235683 -0.00515693 -0.00999300 -0.0182256 -0.0276617 -0.0308718 -0.0276048 -0.0205730 -0.0140089 -0.00832747 -0.00216692 0.00156834 0.00448860 0.00664293 0.00659658 0.00579508 0.00353325 -0.0000495273 -0.00232174 -0.00435014 -0.00642614 -0.00775024 -0.00828555 -0.00799094 -0.00747907 -0.00673340 -0.00508317 -0.00416912 -0.00433458 -0.00325666 -0.00240138 -0.00175838 -0.000417186 0.00166276 0.00282308 0.00186555 0.000399321 -0.000795319 -0.00215253 -0.00285332 -0.00229850 -0.00278718 -0.00447496 -0.00546463 -0.00503570 -0.00399728 -0.00381404 -0.00359935 -0.00281120 -0.00272158 -0.00310673 -0.00327732 -0.00309363 -0.00234947 -0.00125007 -0.000581385 -0.00121057 -0.00236723 -0.00294270 -0.00256295 -0.00213423 -0.00168290 -0.00103310 -0.000964529 -0.00146261 -0.00161636 -0.00128079 -0.00109036 -0.00172333 -0.00218810 -0.00252465 -0.00243526 -0.00220894 -0.00187880 -0.00182365 -0.00178961 0.00000 0.00000 0.00000 0.00000 0.00000 0.00000 0.00000 0.00000 0.00000 0.00000 0.00000 0.00000 0.00000 0.00000 0.00000 0.00000 0.00000 0.00000 0.00000 0.00000 0.00000 0.00000 0.00000 0.00000 0.00000 0.00000 0.00000 0.00000 0.00000 0.00000 0.00000 0.00000 0.00000 0.00000 0.00000 0.00000 0.00000 0.00000 0.00000 0.00000 0.00000 0.00000 0.00000 0.00000 0.00000 0.00000 0.00000 0.00000 0.00000 0.00000 0.00000 0.00000 0.00000 0.00000 0.00000 0.00000 0.00000 0.00000 0.00000 0.00000 0.00000 0.00000 0.00000 0.00000 0.00000 0.00000 0.00000 0.00000 0.00000 0.00000 0.00000 0.00000 0.00000 0.00000 0.00000 0.00000 0.00000 0.00000 0.00000 0.00000 0.00000 0.00000 0.00000 0.00000 0.00000 0.00000 0.00000 0.00000 0.00000 0.00000 0.00000 0.00000 0.00000 0.00000 0.00000 0.00000 0.00000 0.00000 0.00000 0.00000 0.00000 0.00000 0.00000 0.00000 0.00000 0.00000 0.00000 0.00000 0.00000 0.00000 0.00000 0.00000 0.00000 0.00000 0.00000 0.00000 0.00000 0.00000 0.00000 0.00000 0.00000 0.00000 0.00000 0.00000 0.00000 0.00101079 -0.00140932 0.00151097 -0.00132278 0.000644680 -0.00127516 0.0388509 0.209065 -0.0102673 -0.270987 0.0254864 0.197101 -0.0336630 -0.00560208 0.289031 0.0945819 -0.0926257 0.198977 0.237243 -0.0992019 -0.180040 -0.0297716 -0.0816819 -0.146516 -0.0824889 -0.100922 -0.134428 -0.0487750 0.0342719 0.0132593 0.00332727 0.0719211 0.0827911 0.0341080 0.0232755 0.0277068 -0.0140275 -0.0398684 -0.0241801 -0.0267026 -0.0411335 -0.0432838 -0.0302258 -0.0249954 -0.0181817 -0.00557115 -0.00148864 0.000134354 0.00820906 0.0177536 0.0169379 0.0136223 0.0157474 0.0126293 -0.000215975 -0.00771043 -0.00443711 -0.00643124 -0.0171314 -0.0182267 -0.0157936 -0.0165741 -0.0149778 -0.00655783 0.000320600 0.000229748 -0.000167040 0.00235312 0.00619607 0.00392718 0.00370238 0.00805675 0.00756944 0.000427620 -0.00141466 -0.000976744 -0.00735352 -0.0100929 -0.00564692 -0.00603401 -0.0117302 -0.00988952 -0.00388082 -0.00259443 -0.00118866 0.00392429 0.00409896 0.000828874 0.00112810 0.00317125 0.00275693 0.00219734 0.00233390 -0.000708576 -0.00394918 -0.00433763 -0.00300567 -0.00333413 -0.00436922 -0.00523643 -0.00647153 -0.00762814 -0.00679117 -0.00344282 -0.000742529 -0.000599249 -0.00129490 -0.00103802 -0.00105437 -0.000525071 0.000141790 -0.000609489 -0.00340261 -0.00609459 -0.00657679 -0.00529742 -0.00364988 -0.00260534 -0.00185979 -0.00222034 -0.00204359 0.0000923068 0.00223944 0.00219403 0.00122809 0.000976601 0.000589024 -0.000413104 -0.0000764909 0.000936242 0.000330172 0.00000 0.00000 0.00000 0.00000 0.00000 0.00000 0.00000 0.00000 0.00000 0.00000 0.00000 0.00000 0.00000 0.00000 0.00000 0.00000 0.00000 0.00000 0.00000 0.00000 0.00000 0.00000 0.00000 0.00000 0.00000 0.00000 0.00000 0.00000 0.00000 0.00000 0.00000 0.00000 0.00000 0.00000 0.00000 0.00000 0.00000 0.00000 0.00000 0.00000 0.00000 0.00000 0.00000 0.00000 0.00000 0.00000 0.00000 0.00000 0.00000 0.00000 0.00000 0.00000 0.00000 0.00000 0.00000 0.00000 0.00000 0.00000 0.00000 0.00000 0.00000 0.00000 0.00000 0.00000 0.00000 0.00000 0.00000 0.00000 0.00000 0.00000 0.00000 0.00000 0.00000 0.00000 0.00000 0.00000 0.00000 0.00000 0.00000 0.00000 0.00000 0.00000 0.00000 0.00000 0.00000 0.00000 0.00000 0.00000 0.00000 0.00000 0.00000 0.00000 0.00000 0.00000 0.00000 0.00000 0.00000 0.00000 0.00000 0.00000 0.00000 0.00000 0.00000 0.00000 0.00000 0.00000 0.00000 0.00000 0.00000 0.00000 0.00000 0.00000 0.00000 0.00000 0.00000 0.00000 0.00000 0.00000 0.00000 0.00000 0.00000 0.00000 0.00000 0.00000 0.00000
-0.0000190716 -0.0000579903 -0.0000189345 -0.0000371200 -0.0000546796 -0.0000272607 -0.0000389521 -0.0000812894 0.0000218375 -0.0000738429 0.000111599 -0.000142645 0.000182403 -0.000239479 0.000176457 -0.000256613 0.000225768 -0.0000692121 0.000211721 0.000555566 0.0164311 0.0699352 0.0287827 -0.0589157 -0.0216079 0.0255856 -0.00613238 -0.00143624 0.109836 0.141858 0.0370428 0.00785007 0.0399273 0.00125244 -0.0353945 -0.0312236 -0.0589707 -0.0767185 -0.0436425 -0.0278797 -0.0366895 -0.0270209 0.00224083 0.0147990 0.00927548 0.0230373 0.0343996 0.0211357 0.00812105 0.00864568 0.00532527 -0.00429585 -0.00555149 -0.00143311 -0.00127319 -0.00601056 -0.00799432 -0.0107084 -0.0140467 -0.00985388 -0.00713831 -0.00905326 -0.0106161 -0.00959656 -0.00623872 -0.00551322 -0.00426126 -0.00187817 -0.00134128 -0.00346192 -0.00475826 -0.00243598 -0.000341945 0.000193643 -0.000568512 -0.00142985 -0.00324727 -0.00325126 -0.00122683 -0.00141195 -0.00275471 -0.00350660 -0.00328506 -0.00417282 -0.00489106 -0.00297897 -0.00127330 -0.00226981 -0.00314335 -0.00224005 -0.00253658 -0.00313496 -0.00191343 -0.00119650 -0.00216312 -0.00269909 -0.00181721 -0.00157334 -0.00230872 -0.00174356 -0.00119856 -0.00216664 -0.00295504 -0.00333378 -0.00372290 -0.00355009 -0.00304405 -0.00297797 -0.00377342 -0.00426987 -0.00350869 -0.00208439 -0.000514637 0.000748178 0.000866237 -0.000666465 -0.00234789 -0.00289607 -0.00224356 -0.00167385 -0.00183368 -0.00256989 -0.00311170 -0.00322266 -0.00288010 -0.00226193 -0.00180577 -0.00198095 -0.00210119 -0.00220379 -0.00175298 0.00000 0.00000 0.00000 0.00000 0.00000 0.00000 0.00000 0.00000 0.00000 0.00000 0.00000 0.00000 0.00000 0.00000 0.00000 0.00000 0.00000 0.00000 0.00000 0.00000 0.00000 0.00000 0.00000 0.00000 0.00000 0.00000 0.00000 0.00000 0.00000 0.00000 0.00000 0.00000 0.00000 0.00000 0.00000 0.00000 0.00000 0.00000 0.00000 0.00000 0.00000 0.00000 0.00000 0.00000 0.00000 0.00000 0.00000 0.00000 0.00000 0.00000 0.00000 0.00000 0.00000 0.00000 0.00000 0.00000 0.00000 0.00000 0.00000 0.00000 0.00000 0.00000 0.00000 0.00000 0.00000 0.00000 0.00000 0.00000 0.00000 0.00000 0.00000 0.00000 0.00000 0.00000 0.00000 0.00000 0.00000 0.00000 0.00000 0.00000 0.00000 0.00000 0.00000 0.00000 0.00000 0.00000 0.00000 0.00000 0.00000 0.00000 0.00000 0.00000 0.00000 0.00000 0.00000 0.00000 0.00000 0.00000 0.00000 0.00000 0.00000 0.00000 0.00000 0.00000 0.00000 0.00000 0.00000 0.00000 0.00000 0.00000 0.00000 0.00000 0.00000 0.00000 0.00000 0.00000 0.00000 0.00000 0.00000 0.00000 0.00000 0.00000 0.00000 0.00000 0.00000 0.000228859 -0.000138478 -0.000214634 0.000500896 -0.00109404 0.00151842 -0.00243321 0.00279467 0.00579228 0.126511 0.0960363 -0.159021 -0.0466119 0.119645 -0.0304322 -0.0583343 0.197052 0.216664 0.00595577 0.105711 0.181166 -0.0392402 -0.120561 -0.0238793 -0.0854476 -0.160886 -0.0879925 -0.0828884 -0.109157 -0.0524288 0.00436540 0.0109030 0.00719121 0.0595812 0.0735474 0.0290120 0.0185355 0.0255079 0.00303937 -0.0270041 -0.0214600 -0.0192961 -0.0218835 -0.0304636 -0.0336184 -0.0312606 -0.0292198 -0.0142892 -0.0104233 -0.00716946 0.00403670 0.0152610 0.0173750 0.0140514 0.0157644 0.0177106 0.00965045 -0.00210921 -0.00479225 -0.00511551 -0.0123826 -0.0144886 -0.0113281 -0.0112026 -0.0121479 -0.00960484 -0.00348722 -0.00252114 -0.000597667 0.00178512 0.00318693 0.00219301 0.00143548 0.00392053 0.00343737 -0.00121875 -0.00424717 -0.00273586 -0.00532714 -0.00883073 -0.00582450 -0.00403445 -0.00778763 -0.00741839 -0.00297118 -0.00190990 -0.00278136 0.000740938 0.00364322 0.00228548 0.00208305 0.00174991 -0.000507497 -0.000929635 0.00199902 0.00231237 -0.000150430 -0.00248377 -0.00356445 -0.00456795 -0.00566942 -0.00627624 -0.00727847 -0.00752870 -0.00636679 -0.00349064 -0.00136675 -0.00105967 -0.00118633 -0.000988741 -0.00138352 -0.00226055 -0.00240284 -0.00197285 -0.00230257 -0.00319107 -0.00384753 -0.00394974 -0.00334213 -0.00257999 -0.00123804 -0.000524775 -0.000442435 -0.000206128 0.000619000 0.000807088 0.000245462 0.000144230 -0.000226316 -0.00114083 -0.00108398 0.00000 0.00000 0.00000 0.00000 0.00000 0.00000 0.00000 0.00000 0.00000 0.00000 0.00000 0.00000 0.00000 0.00000 0.00000 0.00000 0.00000 0.00000 0.00000 0.00000 0.00000 0.00000 0.00000 0.00000 0.00000 0.00000 0.00000 0.00000 0.00000 0.00000 0.00000 0.00000 0.00000 0.00000 0.00000 0.00000 0.00000 0.00000 0.00000 0.00000 0.00000 0.00000 0.00000 0.00000 0.00000 0.00000 0.00000 0.00000 0.00000 0.00000 0.00000 0.00000 0.00000 0.00000 0.00000 0.00000 0.00000 0.00000 0.00000 0.00000 0.00000 0.00000 0.00000 0.00000 0.00000 0.00000 0.00000 0.00000 0.00000 0.00000 0.00000 0.00000 0.00000 0.00000 0.00000 0.00000 0.00000 0.00000 0.00000 0.00000 0.00000 0.00000 0.00000 0.00000 0.00000 0.00000 0.00000 0.00000 0.00000 0.00000 0.00000 0.00000 0.00000 0.00000 0.00000 0.00000 0.00000 0.00000 0.00000 0.00000 0.00000 0.00000 0.00000 0.00000 0.00000 0.00000 0.00000 0.00000 0.00000 0.00000 0.00000 0.00000 0.00000 0.00000 0.00000 0.00000 0.00000 0.00000 0.00000 0.00000 0.00000 0.00000 0.00000 0.00000 0.00000
-0.0000572148 0.0000184781 -0.0000350372 -0.0000378533 -0.0000615115 0.0000390975 -0.0000613414 0.000113838 -0.000138299 0.000201878 -0.000260155 0.0000738563 -0.000153150 0.00000488879 0.000162607 -0.0000743211 0.000804126 0.0143470 0.0835062 0.0530733 -0.0699308 -0.0486224 0.0246220 -0.000129257 -0.00632858 0.143564 0.189109 0.0290700 0.000322673 0.0621973 0.00408594 -0.0603216 -0.0485973 -0.0637272 -0.0974563 -0.0659338 -0.0296807 -0.0433145 -0.0409011 0.00463685 0.0228756 0.00731166 0.0249076 0.0435021 0.0270292 0.00912276 0.00767202 0.00576555 -0.00604299 -0.00830529 -0.00465627 -0.00888545 -0.0166357 -0.0221994 -0.0242527 -0.0198437 -0.0105533 -0.00196400 0.00400632 0.00708428 0.00876274 0.00867426 0.00570313 0.00220995 0.000980728 -0.00114492 -0.00846201 -0.0139422 -0.0122394 -0.00944419 -0.00723881 -0.00619593 -0.00636774 -0.00608633 -0.00336257 0.000540258 0.00197811 0.00160972 0.000889288 0.00161398 0.000179685 -0.00183230 0.00000410338 0.00147355 -0.000873098 -0.00405395 -0.00496284 -0.00673942 -0.00802187 -0.00549638 -0.00339484 -0.00484801 -0.00521423 -0.00267567 -0.00135306 -0.00112065 0.000477705 0.00163009 0.000823222 -0.000568170 -0.00171960 -0.00241225 -0.00215776 -0.000873661 -0.000105607 -0.00152498 -0.00368139 -0.00457388 -0.00428172 -0.00327833 -0.00265558 -0.00264794 -0.00401629 -0.00578380 -0.00516979 -0.00254648 -0.000180031 0.000159949 -0.000502502 -0.00145063 -0.00203781 -0.00161460 -0.00126062 -0.00150026 -0.00221375 -0.00283755 -0.00313844 -0.00264078 -0.00132583 0.0000340115 0.000384921 0.00000 0.00000 0.00000 0.00000 0.00000 0.00000 0.00000 0.00000 0.00000 0.00000 0.00000 0.00000 0.00000 0.00000 0.00000 0.00000 0.00000 0.00000 0.00000 0.00000 0.00000 0.00000 0.00000 0.00000 0.00000 0.00000 0.00000 0.00000 0.00000 0.00000 0.00000 0.00000 0.00000 0.00000 0.00000 0.00000 0.00000 0.00000 0.00000 0.00000 0.00000 0.00000 0.00000 0.00000 0.00000 0.00000 0.00000 0.00000 0.00000 0.00000 0.00000 0.00000 0.00000 0.00000 0.00000 0.00000 0.00000 0.00000 0.00000 0.00000 0.00000 0.00000 0.00000 0.00000 0.00000 0.00000 0.00000 0.00000 0.00000 0.00000 0.00000 0.00000 0.00000 0.00000 0.00000 0.00000 0.00000 0.00000 0.00000 0.00000 0.00000 0.00000 0.00000 0.00000 0.00000 0.00000 0.00000 0.00000 0.00000 0.00000 0.00000 0.00000 0.00000 0.00000 0.00000 0.00000 0.00000 0.00000 0.00000 0.00000 0.00000 0.00000 0.00000 0.00000 0.00000 0.00000 0.00000 0.00000 0.00000 0.00000 0.00000 0.00000 0.00000 0.00000 0.00000 0.00000 0.00000 0.00000 0.00000 0.00000 0.00000 0.00000 0.00000 0.00000 0.00000 -0.0000762864 0.000251066 -0.000358186 0.000518095 -0.000611180 0.000450342 -0.000608093 0.000370474 -0.000199488 -0.000160385 0.000189808 0.0214172 0.117303 0.0395363 -0.0867300 -0.0174392 0.00808167 -0.0292736 0.0231912 0.185381 0.193362 0.0623649 0.0634516 0.0654921 -0.0171072 -0.0583864 -0.0767195 -0.107941 -0.108387 -0.0926545 -0.0803331 -0.0570598 -0.0379325 -0.00633893 0.0243692 0.0285891 0.0459122 0.0459587 0.0324040 0.0182080 0.00571042 -0.00252290 -0.0148593 -0.0160456 -0.0114805 -0.0125755 -0.0222718 -0.0271451 -0.0319813 -0.0324556 -0.0246888 -0.0137129 -0.000583033 0.00392623 0.00606163 0.0126923 0.0177988 0.0198291 0.0163236 0.00802907 0.00239849 -0.000934124 -0.00448527 -0.00776371 -0.00710784 -0.00590039 -0.00700513 -0.0106172 -0.0100448 -0.00636799 -0.00526705 -0.00566729 -0.00614491 -0.00423842 -0.00425713 -0.00341318 0.000789769 0.00455824 0.00326281 0.00147810 0.000115804 -0.00403084 -0.00521090 -0.00265001 -0.00223896 -0.00474359 -0.00554008 -0.00444570 -0.00435739 -0.00466831 -0.00175300 0.000966519 0.00176915 0.00137284 -0.000127093 -0.00111860 -0.000615255 0.00107175 0.00156665 0.000387228 -0.00139659 -0.00257804 -0.00350687 -0.00415439 -0.00483932 -0.00559765 -0.00690842 -0.00771729 -0.00682138 -0.00439730 -0.00184602 -0.000820752 -0.000615000 -0.00141034 -0.00204454 -0.00174521 -0.000843883 -0.000349940 -0.00102929 -0.00215213 -0.00259396 -0.00225150 -0.00109188 -0.0000600304 0.0000191885 -0.000838060 -0.00175513 -0.00174506 -0.00142153 -0.000979555 -0.000574736 0.00000 0.00000 0.00000 0.00000 0.00000 0.00000 0.00000 0.00000 0.00000 0.00000 0.00000 0.00000 0.00000 0.00000 0.00000 0.00000 0.00000 0.00000 0.00000 0.00000 0.00000 0.00000 0.00000 0.00000 0.00000 0.00000 0.00000 0.00000 0.00000 0.00000 0.00000 0.00000 0.00000 0.00000 0.00000 0.00000 0.00000 0.00000 0.00000 0.00000 0.00000 0.00000 0.00000 0.00000 0.00000 0.00000 0.00000 0.00000 0.00000 0.00000 0.00000 0.00000 0.00000 0.00000 0.00000 0.00000 0.00000 0.00000 0.00000 0.00000 0.00000 0.00000 0.00000 0.00000 0.00000 0.00000 0.00000 0.00000 0.00000 0.00000 0.00000 0.00000 0.00000 0.00000 0.00000 0.00000 0.00000 0.00000 0.00000 0.00000 0.00000 0.00000 0.00000 0.00000 0.00000 0.00000 0.00000 0.00000 0.00000 0.00000 0.00000 0.00000 0.00000 0.00000 0.00000 0.00000 0.00000 0.00000 0.00000 0.00000 0.00000 0.00000 0.00000 0.00000 0.00000 0.00000 0.00000 0.00000 0.00000 0.00000 0.00000 0.00000 0.00000 0.00000 0.00000 0.00000 0.00000 0.00000 0.00000 0.00000 0.00000 0.00000 0.00000 0.00000 0.00000
-0.0000572148 -0.0000804900 0.0000622917 -0.0000841367 0.000124463 -0.000181480 0.000295303 -0.000391529 0.000201598 -0.000334915 0.000215729 -0.000195437 0.0000722742 0.000260080 0.0187930 0.0964403 0.0571138 -0.0722140 -0.0568460 0.0139351 0.000703738 0.00218652 0.165913 0.218738 0.0400987 0.00277373 0.0723449 0.00599139 -0.0761397 -0.0704024 -0.0748469 -0.106984 -0.0892308 -0.0442653 -0.0431485 -0.0465303 0.00232555 0.0298850 0.0146382 0.0276301 0.0457002 0.0346554 0.0132843 0.00555552 0.00504110 -0.00737712 -0.0165781 -0.0103780 -0.0106671 -0.0230486 -0.0260236 -0.0269197 -0.0262013 -0.0151873 -0.00465053 -0.00129235 -0.00331922 0.000977567 0.0118383 0.0136506 0.0124790 0.0156141 0.0139861 0.00644922 -0.000936862 -0.00448607 -0.00704052 -0.00915378 -0.0106835 -0.0133099 -0.0168537 -0.0149257 -0.00824675 -0.00537020 -0.00449886 -0.00184871 0.000634683 0.000665722 0.00173770 0.00531434 0.00711292 0.00329175 -0.00135214 -0.00284821 -0.00501327 -0.00633419 -0.00456139 -0.00257108 -0.00399953 -0.00649180 -0.00579459 -0.00505792 -0.00513317 -0.00275189 0.000725209 0.00116469 -0.000769400 -0.00134818 -0.000836144 0.000665482 0.00258498 0.00336971 0.00170707 -0.00151180 -0.00353100 -0.00461096 -0.00501611 -0.00517292 -0.00548442 -0.00666289 -0.00791649 -0.00693237 -0.00395662 -0.00126173 -0.000541737 -0.000784598 -0.00111144 -0.00120063 -0.000485977 0.000258312 0.000433806 -0.000657023 -0.00191667 -0.00268402 -0.00263492 -0.00190393 -0.000776983 -0.000559210 -0.00155419 -0.00242801 -0.00198653 0.00000 0.00000 0.00000 0.00000 0.00000 0.00000 0.00000 0.00000 0.00000 0.00000 0.00000 0.00000 0.00000 0.00000 0.00000 0.00000 0.00000 0.00000 0.00000 0.00000 0.00000 0.00000 0.00000 0.00000 0.00000 0.00000 0.00000 0.00000 0.00000 0.00000 0.00000 0.00000 0.00000 0.00000 0.00000 0.00000 0.00000 0.00000 0.00000 0.00000 0.00000 0.00000 0.00000 0.00000 0.00000 0.00000 0.00000 0.00000 0.00000 0.00000 0.00000 0.00000 0.00000 0.00000 0.00000 0.00000 0.00000 0.00000 0.00000 0.00000 0.00000 0.00000 0.00000 0.00000 0.00000 0.00000 0.00000 0.00000 0.00000 0.00000 0.00000 0.00000 0.00000 0.00000 0.00000 0.00000 0.00000 0.00000 0.00000 0.00000 0.00000 0.00000 0.00000 0.00000 0.00000 0.00000 0.00000 0.00000 0.00000 0.00000 0.00000 0.00000 0.00000 0.00000 0.00000 0.00000 0.00000 0.00000 0.00000 0.00000 0.00000 0.00000 0.00000 0.00000 0.00000 0.00000 0.00000 0.00000 0.00000 0.00000 0.00000 0.00000 0.00000 0.00000 0.00000 0.00000 0.00000 0.00000 0.00000 0.00000 0.00000 0.00000 0.00000 0.00000 0.00000 -0.0000572148 -0.0000804900 0.0000622917 -0.0000841367 0.000124463 -0.000181480 0.000295303 -0.000391529 0.000201598 -0.000334915 0.000215729 -0.000195437 0.0000722742 0.000260080 0.0187930 0.0964403 0.0571138 -0.0722140 -0.0568460 0.0139351 0.000703738 0.00218652 0.165913 0.218738 0.0400987 0.00277373 0.0723449 0.00599139 -0.0761397 -0.0704024 -0.0748469 -0.106984 -0.0892308 -0.0442653 -0.0431485 -0.0465303 0.00232555 0.0298850 0.0146382 0.0276301 0.0457002 0.0346554 0.0132843 0.00555552 0.00504110 -0.00737712 -0.0165781 -0.0103780 -0.0106671 -0.0230486 -0.0260236 -0.0269197 -0.0262013 -0.0151873 -0.00465053 -0.00129235 -0.00331922 0.000977567 0.0118383 0.0136506 0.0124790 0.0156141 0.0139861 0.00644922 -0.000936862 -0.00448607 -0.00704052 -0.00915378 -0.0106835 -0.0133099 -0.0168537 -0.0149257 -0.00824675 -0.00537020 -0.00449886 -0.00184871 0.000634683 0.000665722 0.00173770 0.00531434 0.00711292 0.00329175 -0.00135214 -0.00284821 -0.00501327 -0.00633419 -0.00456139 -0.00257108 -0.00399953 -0.00649180 -0.00579459 -0.00505792 -0.00513317 -0.00275189 0.000725209 0.00116469 -0.000769400 -0.00134818 -0.000836144 0.000665482 0.00258498 0.00336971 0.00170707 -0.00151180 -0.00353100 -0.00461096 -0.00501611 -0.00517292 -0.00548442 -0.00666289 -0.00791649 -0.00693237 -0.00395662 -0.00126173 -0.000541737 -0.000784598 -0.00111144 -0.00120063 -0.000485977 0.000258312 0.000433806 -0.000657023 -0.00191667 -0.00268402 -0.00263492 -0.00190393 -0.000776983 -0.000559210 -0.00155419 -0.00242801 -0.00198653 0.00000 0.00000 0.00000 0.00000 0.00000 0.00000 0.00000 0.00000 0.00000 0.00000 0.00000 0.00000 0.00000 0.00000 0.00000 0.00000 0.00000 0.00000 0.00000 0.00000 0.00000 0.00000 0.00000 0.00000 0.00000 0.00000 0.00000 0.00000 0.00000 0.00000 0.00000 0.00000 0.00000 0.00000 0.00000 0.00000 0.00000 0.00000 0.00000 0.00000 0.00000 0.00000 0.00000 0.00000 0.00000 0.00000 0.00000 0.00000 0.00000 0.00000 0.00000 0.00000 0.00000 0.00000 0.00000 0.00000 0.00000 0.00000 0.00000 0.00000 0.00000 0.00000 0.00000 0.00000 0.00000 0.00000 0.00000 0.00000 0.00000 0.00000 0.00000 0.00000 0.00000 0.00000 0.00000 0.00000 0.00000 0.00000 0.00000 0.00000 0.00000 0.00000 0.00000 0.00000 0.00000 0.00000 0.00000 0.00000 0.00000 0.00000 0.00000 0.00000 0.00000 0.00000 0.00000 0.00000 0.00000 0.00000 0.00000 0.00000 0.00000 0.00000 0.00000 0.00000 0.00000 0.00000 0.00000 0.00000 0.00000 0.00000 0.00000 0.00000 0.00000 0.00000 0.00000 0.00000 0.00000 0.00000 0.00000 0.00000 0.00000 0.00000 0.00000 0.00000 0.00000
-0.0000762864 0.000251066 -0.000358186 0.000518095 -0.000611180 0.000450342 -0.000608093 0.000370474 -0.000199488 -0.000160385 0.000189808 0.0214172 0.117303 0.0395363 -0.0867300 -0.0174392 0.00808167 -0.0292736 0.0231912 0.185381 0.193362 0.0623649 0.0634516 0.0654921 -0.0171072 -0.0583864 -0.0767195 -0.107941 -0.108387 -0.0926545 -0.0803331 -0.0570598 -0.0379325 -0.00633893 0.0243692 0.0285891 0.0459122 0.0459587 0.0324040 0.0182080 0.00571042 -0.00252290 -0.0148593 -0.0160456 -0.0114805 -0.0125755 -0.0222718 -0.0271451 -0.0319813 -0.0324556 -0.0246888 -0.0137129 -0.000583033 0.00392623 0.00606163 0.0126923 0.0177988 0.0198291 0.0163236 0.00802907 0.00239849 -0.000934124 -0.00448527 -0.00776371 -0.00710784 -0.00590039 -0.00700513 -0.0106172 -0.0100448 -0.00636799 -0.00526705 -0.00566729 -0.00614491 -0.00423842 -0.00425713 -0.00341318 0.000789769 0.00455824 0.00326281 0.00147810 0.000115804 -0.00403084 -0.00521090 -0.00265001 -0.00223896 -0.00474359 -0.00554008 -0.00444570 -0.00435739 -0.00466831 -0.00175300 0.000966519 0.00176915 0.00137284 -0.000127093 -0.00111860 -0.000615255 0.00107175 0.00156665 0.000387228 -0.00139659 -0.00257804 -0.00350687 -0.00415439 -0.00483932 -0.00559765 -0.00690842 -0.00771729 -0.00682138 -0.00439730 -0.00184602 -0.000820752 -0.000615000 -0.00141034 -0.00204454 -0.00174521 -0.000843883 -0.000349940 -0.00102929 -0.00215213 -0.00259396 -0.00225150 -0.00109188 -0.0000600304 0.0000191885 -0.000838060 -0.00175513 -0.00174506 -0.00142153 -0.000979555 -0.000574736 0.00000 0.00000 0.00000 0.00000 0.00000 0.00000 0.00000 0.00000 0.00000 0.00000 0.00000 0.00000 0.00000 0.00000 0.00000 0.00000 0.00000 0.00000 0.00000 0.00000 0.00000 0.00000 0.00000 0.00000 0.00000 0.00000 0.00000 0.00000 0.00000 0.00000 0.00000 0.00000 0.00000 0.00000 0.00000 0.00000 0.00000 0.00000 0.00000 0.00000 0.00000 0.00000 0.00000 0.00000 0.00000 0.00000 0.00000 0.00000 0.00000 0.00000 0.00000 0.00000 0.00000 0.00000 0.00000 0.00000 0.00000 0.00000 0.00000 0.00000 0.00000 0.00000 0.00000 0.00000 0.00000 0.00000 0.00000 0.00000 0.00000 0.00000 0.00000 0.00000 0.00000 0.00000 0.00000 0.00000 0.00000 0.00000 0.00000 0.00000 0.00000 0.00000 0.00000 0.00000 0.00000 0.00000 0.00000 0.00000 0.00000 0.00000 0.00000 0.00000 0.00000 0.00000 0.00000 0.00000 0.00000 0.00000 0.00000 0.00000 0.00000 0.00000 0.00000 0.00000 0.00000 0.00000 0.00000 0.00000 0.00000 0.00000 0.00000 0.00000 0.00000 0.00000 0.00000 0.00000 0.00000 0.00000 0.00000 0.00000 0.00000 0.00000 0.00000 0.00000 0.00000 -0.0000572148 0.0000184781 -0.0000350372 -0.0000378533 -0.0000615115 0.0000390975 -0.0000613414 0.000113838 -0.000138299 0.000201878 -0.000260155 0.0000738563 -0.000153150 0.00000488879 0.000162607 -0.0000743211 0.000804126 0.0143470 0.0835062 0.0530733 -0.0699308 -0.0486224 0.0246220 -0.000129257 -0.00632858 0.143564 0.189109 0.0290700 0.000322673 0.0621973 0.00408594 -0.0603216 -0.0485973 -0.0637272 -0.0974563 -0.0659338 -0.0296807 -0.0433145 -0.0409011 0.00463685 0.0228756 0.00731166 0.0249076 0.0435021 0.0270292 0.00912276 0.00767202 0.00576555 -0.00604299 -0.00830529 -0.00465627 -0.00888545 -0.0166357 -0.0221994 -0.0242527 -0.0198437 -0.0105533 -0.00196400 0.00400632 0.00708428 0.00876274 0.00867426 0.00570313 0.00220995 0.000980728 -0.00114492 -0.00846201 -0.0139422 -0.0122394 -0.00944419 -0.00723881 -0.00619593 -0.00636774 -0.00608633 -0.00336257 0.000540258 0.00197811 0.00160972 0.000889288 0.00161398 0.000179685 -0.00183230 0.00000410338 0.00147355 -0.000873098 -0.00405395 -0.00496284 -0.00673942 -0.00802187 -0.00549638 -0.00339484 -0.00484801 -0.00521423 -0.00267567 -0.00135306 -0.00112065 0.000477705 0.00163009 0.000823222 -0.000568170 -0.00171960 -0.00241225 -0.00215776 -0.000873661 -0.000105607 -0.00152498 -0.00368139 -0.00457388 -0.00428172 -0.00327833 -0.00265558 -0.00264794 -0.00401629 -0.00578380 -0.00516979 -0.00254648 -0.000180031 0.000159949 -0.000502502 -0.00145063 -0.00203781 -0.00161460 -0.00126062 -0.00150026 -0.00221375 -0.00283755 -0.00313844 -0.00264078 -0.00132583 0.0000340115 0.000384921 0.00000 0.00000 0.00000 0.00000 0.00000 0.00000 0.00000 0.00000 0.00000 0.00000 0.00000 0.00000 0.00000 0.00000 0.00000 0.00000 0.00000 0.00000 0.00000 0.00000 0.00000 0.00000 0.00000 0.00000 0.00000 0.00000 0.00000 0.00000 0.00000 0.00000 0.00000 0.00000 0.00000 0.00000 0.00000 0.00000 0.00000 0.00000 0.00000 0.00000 0.00000 0.00000 0.00000 0.00000 0.00000 0.00000 0.00000 0.00000 0.00000 0.00000 0.00000 0.00000 0.00000 0.00000 0.00000 0.00000 0.00000 0.00000 0.00000 0.00000 0.00000 0.00000 0.00000 0.00000 0.00000 0.00000 0.00000 0.00000 0.00000 0.00000 0.00000 0.00000 0.00000 0.00000 0.00000 0.00000 0.00000 0.00000 0.00000 0.00000 0.00000 0.00000 0.00000 0.00000 0.00000 0.00000 0.00000 0.00000 0.00000 0.00000 0.00000 0.00000 0.00000 0.00000 0.00000 0.00000 0.00000 0.00000 0.00000 0.00000 0.00000 0.00000 0.00000 0.00000 0.00000 0.00000 0.00000 0.00000 0.00000 0.00000 0.00000 0.00000 0.00000 0.00000 0.00000 0.00000 0.00000 0.00000 0.00000 0.00000 0.00000 0.00000 0.00000 0.00000 0.00000
0.000228859 -0.000138478 -0.000214634 0.000500896 -0.00109404 0.00151842 -0.00243321 0.00279467 0.00579228 0.126511 0.0960363 -0.159021 -0.0466119 0.119645 -0.0304322 -0.0583343 0.197052 0.216664 0.00595577 0.105711 0.181166 -0.0392402 -0.120561 -0.0238793 -0.0854476 -0.160886 -0.0879925 -0.0828884 -0.109157 -0.0524288 0.00436540 0.0109030 0.00719121 0.0595812 0.0735474 0.0290120 0.0185355 0.0255079 0.00303937 -0.0270041 -0.0214600 -0.0192961 -0.0218835 -0.0304636 -0.0336184 -0.0312606 -0.0292198 -0.0142892 -0.0104233 -0.00716946 0.00403670 0.0152610 0.0173750 0.0140514 0.0157644 0.0177106 0.00965045 -0.00210921 -0.00479225 -0.00511551 -0.0123826 -0.0144886 -0.0113281 -0.0112026 -0.0121479 -0.00960484 -0.00348722 -0.00252114 -0.000597667 0.00178512 0.00318693 0.00219301 0.00143548 0.00392053 0.00343737 -0.00121875 -0.00424717 -0.00273586 -0.00532714 -0.00883073 -0.00582450 -0.00403445 -0.00778763 -0.00741839 -0.00297118 -0.00190990 -0.00278136 0.000740938 0.00364322 0.00228548 0.00208305 0.00174991 -0.000507497 -0.000929635 0.00199902 0.00231237 -0.000150430 -0.00248377 -0.00356445 -0.00456795 -0.00566942 -0.00627624 -0.00727847 -0.00752870 -0.00636679 -0.00349064 -0.00136675 -0.00105967 -0.00118633 -0.000988741 -0.00138352 -0.00226055 -0.00240284 -0.00197285 -0.00230257 -0.00319107 -0.00384753 -0.00394974 -0.00334213 -0.00257999 -0.00123804 -0.000524775 -0.000442435 -0.000206128 0.000619000 0.000807088 0.000245462 0.000144230 -0.000226316 -0.00114083 -0.00108398 0.00000 0.00000 0.00000 0.00000 0.00000 0.00000 0.00000 0.00000 0.00000 0.00000 0.00000 0.00000 0.00000 0.00000 0.00000 0.00000 0.00000 0.00000 0.00000 0.00000 0.00000 0.00000 0.00000 0.00000 0.00000 0.00000 0.00000 0.00000 0.00000 0.00000 0.00000 0.00000 0.00000 0.00000 0.00000 0.00000 0.00000 0.00000 0.00000 0.00000 0.00000 0.00000 0.00000 0.00000 0.00000 0.00000 0.00000 0.00000 0.00000 0.00000 0.00000 0.00000 0.00000 0.00000 0.00000 0.00000 0.00000 0.00000 0.00000 0.00000 0.00000 0.00000 0.00000 0.00000 0.00000 0.00000 0.00000 0.00000 0.00000 0.00000 0.00000 0.00000 0.00000 0.00000 0.00000 0.00000 0.00000 0.00000 0.00000 0.00000 0.00000 0.00000 0.00000 0.00000 0.00000 0.00000 0.00000 0.00000 0.00000 0.00000 0.00000 0.00000 0.00000 0.00000 0.00000 0.00000 0.00000 0.00000 0.00000 0.00000 0.00000 0.00000 0.00000 0.00000 0.00000 0.00000 0.00000 0.00000 0.00000 0.00000 0.00000 0.00000 0.00000 0.00000 0.00000 0.00000 0.00000 0.00000 0.00000 0.00000 0.00000 0.00000 0.00000 0.00000 0.00000 -0.0000190716 -0.0000579903 -0.0000189345 -0.0000371200 -0.0000546796 -0.0000272607 -0.0000389521 -0.0000812894 0.0000218375 -0.0000738429 0.000111599 -0.000142645 0.000182403 -0.000239479 0.000176457 -0.000256613 0.000225768 -0.0000692121 0.000211721 0.000555566 0.0164311 0.0699352 0.0287827 -0.0589157 -0.0216079 0.0255856 -0.00613238 -0.00143624 0.109836 0.141858 0.0370428 0.00785007 0.0399273 0.00125244 -0.0353945 -0.0312236 -0.0589707 -0.0767185 -0.0436425 -0.0278797 -0.0366895 -0.0270209 0.00224083 0.0147990 0.00927548 0.0230373 0.0343996 0.0211357 0.00812105 0.00864568 0.00532527 -0.00429585 -0.00555149 -0.00143311 -0.00127319 -0.00601056 -0.00799432 -0.0107084 -0.0140467 -0.00985388 -0.00713831 -0.00905326 -0.0106161 -0.00959656 -0.00623872 -0.00551322 -0.00426126 -0.00187817 -0.00134128 -0.00346192 -0.00475826 -0.00243598 -0.000341945 0.000193643 -0.000568512 -0.00142985 -0.00324727 -0.00325126 -0.00122683 -0.00141195 -0.00275471 -0.00350660 -0.00328506 -0.00417282 -0.00489106 -0.00297897 -0.00127330 -0.00226981 -0.00314335 -0.00224005 -0.00253658 -0.00313496 -0.00191343 -0.00119650 -0.00216312 -0.00269909 -0.00181721 -0.00157334 -0.00230872 -0.00174356 -0.00119856 -0.00216664 -0.00295504 -0.00333378 -0.00372290 -0.00355009 -0.00304405 -0.00297797 -0.00377342 -0.00426987 -0.00350869 -0.00208439 -0.000514637 0.000748178 0.000866237 -0.000666465 -0.00234789 -0.00289607 -0.00224356 -0.00167385 -0.00183368 -0.00256989 -0.00311170 -0.00322266 -0.00288010 -0.00226193 -0.00180577 -0.00198095 -0.00210119 -0.00220379 -0.00175298 0.00000 0.00000 0.00000 0.00000 0.00000 0.00000 0.00000 0.00000 0.00000 0.00000 0.00000 0.00000 0.00000 0.00000 0.00000 0.00000 0.00000 0.00000 0.00000 0.00000 0.00000 0.00000 0.00000 0.00000 0.00000 0.00000 0.00000 0.00000 0.00000 0.00000 0.00000 0.00000 0.00000 0.00000 0.00000 0.00000 0.00000 0.00000 0.00000 0.00000 0.00000 0.00000 0.00000 0.00000 0.00000 0.00000 0.00000 0.00000 0.00000 0.00000 0.00000 0.00000 0.00000 0.00000 0.00000 0.00000 0.00000 0.00000 0.00000 0.00000 0.00000 0.00000 0.00000 0.00000 0.00000 0.00000 0.00000 0.00000 0.00000 0.00000 0.00000 0.00000 0.00000 0.00000 0.00000 0.00000 0.00000 0.00000 0.00000 0.00000 0.00000 0.00000 0.00000 0.00000 0.00000 0.00000 0.00000 0.00000 0.00000 0.00000 0.00000 0.00000 0.00000 0.00000 0.00000 0.00000 0.00000 0.00000 0.00000 0.00000 0.00000 0.00000 0.00000 0.00000 0.00000 0.00000 0.00000 0.00000 0.00000 0.00000 0.00000 0.00000 0.00000 0.00000 0.00000 0.00000 0.00000 0.00000 0.00000 0.00000 0.00000 0.00000 0.00000 0.00000 0.00000
0.00101079 -0.00140932 0.00151097 -0.00132278 0.000644680 -0.00127516 0.0388509 0.209065 -0.0102673 -0.270987 0.0254864 0.197101 -0.0336630 -0.00560208 0.289031 0.0945819 -0.0926257 0.198977 0.237243 -0.0992019 -0.180040 -0.0297716 -0.0816819 -0.146516 -0.0824889 -0.100922 -0.134428 -0.0487750 0.0342719 0.0132593 0.00332727 0.0719211 0.0827911 0.0341080 0.0232755 0.0277068 -0.0140275 -0.0398684 -0.0241801 -0.0267026 -0.0411335 -0.0432838 -0.0302258 -0.0249954 -0.0181817 -0.00557115 -0.00148864 0.000134354 0.00820906 0.0177536 0.0169379 0.0136223 0.0157474 0.0126293 -0.000215975 -0.00771043 -0.00443711 -0.00643124 -0.0171314 -0.0182267 -0.0157936 -0.0165741 -0.0149778 -0.00655783 0.000320600 0.000229748 -0.000167040 0.00235312 0.00619607 0.00392718 0.00370238 0.00805675 0.00756944 0.000427620 -0.00141466 -0.000976744 -0.00735352 -0.0100929 -0.00564692 -0.00603401 -0.0117302 -0.00988952 -0.00388082 -0.00259443 -0.00118866 0.00392429 0.00409896 0.000828874 0.00112810 0.00317125 0.00275693 0.00219734 0.00233390 -0.000708576 -0.00394918 -0.00433763 -0.00300567 -0.00333413 -0.00436922 -0.00523643 -0.00647153 -0.00762814 -0.00679117 -0.00344282 -0.000742529 -0.000599249 -0.00129490 -0.00103802 -0.00105437 -0.000525071 0.000141790 -0.000609489 -0.00340261 -0.00609459 -0.00657679 -0.00529742 -0.00364988 -0.00260534 -0.00185979 -0.00222034 -0.00204359 0.0000923068 0.00223944 0.00219403 0.00122809 0.000976601 0.000589024 -0.000413104 -0.0000764909 0.000936242 0.000330172 0.00000 0.00000 0.00000 0.00000 0.00000 0.00000 0.00000 0.00000 0.00000 0.00000 0.00000 0.00000 0.00000 0.00000 0.00000 0.00000 0.00000 0.00000 0.00000 0.00000 0.00000 0.00000 0.00000 0.00000 0.00000 0.00000 0.00000 0.00000 0.00000 0.00000 0.00000 0.00000 0.00000 0.00000 0.00000 0.00000 0.00000 0.00000 0.00000 0.00000 0.00000 0.00000 0.00000 0.00000 0.00000 0.00000 0.00000 0.00000 0.00000 0.00000 0.00000 0.00000 0.00000 0.00000 0.00000 0.00000 0.00000 0.00000 0.00000 0.00000 0.00000 0.00000 0.00000 0.00000 0.00000 0.00000 0.00000 0.00000 0.00000 0.00000 0.00000 0.00000 0.00000 0.00000 0.00000 0.00000 0.00000 0.00000 0.00000 0.00000 0.00000 0.00000 0.00000 0.00000 0.00000 0.00000 0.00000 0.00000 0.00000 0.00000 0.00000 0.00000 0.00000 0.00000 0.00000 0.00000 0.00000 0.00000 0.00000 0.00000 0.00000 0.00000 0.00000 0.00000 0.00000 0.00000 0.00000 0.00000 0.00000 0.00000 0.00000 0.00000 0.00000 0.00000 0.00000 0.00000 0.00000 0.00000 0.00000 0.00000 0.00000 0.00000 0.00000 0.00000 0.00000 0.0000572148 0.00000202002 -0.00000274132 -0.0000137039 -0.0000253225 -0.0000112947 -0.0000278045 -0.00000829296 -0.0000286999 -0.0000379795 -0.0000211718 0.0000291938 -0.0000532450 0.0000329467 -0.0000761275 0.000166802 -0.000176972 0.000187337 -0.000293942 0.000455382 -0.000323299 0.000858319 0.000677504 0.0223246 0.0516468 0.000274843 -0.0379033 0.00421444 0.0175099 -0.00747415 0.00634570 0.0784445 0.100911 0.0381399 0.0123929 0.0242696 0.00255456 -0.0161252 -0.0254617 -0.0476626 -0.0472018 -0.0275346 -0.0234055 -0.0237707 -0.0120114 0.00650801 0.0101472 0.00633197 0.0142808 0.0204577 0.0178495 0.0153910 0.0140403 0.0131671 0.0106207 0.00235683 -0.00515693 -0.00999300 -0.0182256 -0.0276617 -0.0308718 -0.0276048 -0.0205730 -0.0140089 -0.00832747 -0.00216692 0.00156834 0.00448860 0.00664293 0.00659658 0.00579508 0.00353325 -0.0000495273 -0.00232174 -0.00435014 -0.00642614 -0.00775024 -0.00828555 -0.00799094 -0.00747907 -0.00673340 -0.00508317 -0.00416912 -0.00433458 -0.00325666 -0.00240138 -0.00175838 -0.000417186 0.00166276 0.00282308 0.00186555 0.000399321 -0.000795319 -0.00215253 -0.00285332 -0.00229850 -0.00278718 -0.00447496 -0.00546463 -0.00503570 -0.00399728 -0.00381404 -0.00359935 -0.00281120 -0.00272158 -0.00310673 -0.00327732 -0.00309363 -0.00234947 -0.00125007 -0.000581385 -0.00121057 -0.00236723 -0.00294270 -0.00256295 -0.00213423 -0.00168290 -0.00103310 -0.000964529 -0.00146261 -0.00161636 -0.00128079 -0.00109036 -0.00172333 -0.00218810 -0.00252465 -0.00243526 -0.00220894 -0.00187880 -0.00182365 -0.00178961 0.00000 0.00000 0.00000 0.00000 0.00000 0.00000 0.00000 0.00000 0.00000 0.00000 0.00000 0.00000 0.00000 0.00000 0.00000 0.00000 0.00000 0.00000 0.00000 0.00000 0.00000 0.00000 0.00000 0.00000 0.00000 0.00000 0.00000 0.00000 0.00000 0.00000 0.00000 0.00000 0.00000 0.00000 0.00000 0.00000 0.00000 0.00000 0.00000 0.00000 0.00000 0.00000 0.00000 0.00000 0.00000 0.00000 0.00000 0.00000 0.00000 0.00000 0.00000 0.00000 0.00000 0.00000 0.00000 0.00000 0.00000 0.00000 0.00000 0.00000 0.00000 0.00000 0.00000 0.00000 0.00000 0.00000 0.00000 0.00000 0.00000 0.00000 0.00000 0.00000 0.00000 0.00000 0.00000 0.00000 0.00000 0.00000 0.00000 0.00000 0.00000 0.00000 0.00000 0.00000 0.00000 0.00000 0.00000 0.00000 0.00000 0.00000 0.00000 0.00000 0.00000 0.00000 0.00000 0.00000 0.00000 0.00000 0.00000 0.00000 0.00000 0.00000 0.00000 0.00000 0.00000 0.00000 0.00000 0.00000 0.00000 0.00000 0.00000 0.00000 0.00000 0.00000 0.00000 0.00000 0.00000 0.00000 0.00000 0.00000 0.00000 0.00000 0.00000 0.00000 0.00000
-0.000953580 0.00252242 -0.00481891 0.00601863 0.00996904 0.241214 0.0853781 -0.364460 -0.0819525 0.238824 0.0561274 0.00422916 0.321109 0.139221 -0.207647 0.0953408 0.316229 0.0189640 -0.204160 -0.0927992 -0.0925904 -0.120694 -0.0464858 -0.100617 -0.176943 -0.0999270 0.0332443 0.0433777 0.00609030 0.0574870 0.0849806 0.0509802 0.0347047 0.0377969 -0.0185090 -0.0599392 -0.0237400 -0.00934244 -0.0391187 -0.0643715 -0.0436676 -0.0215505 -0.00908188 -0.00115681 -0.000858761 -0.00250987 0.000131791 0.0126902 0.0158673 0.0124817 0.0146523 0.0164809 0.00354176 -0.00792771 -0.00558814 -0.00318884 -0.0143651 -0.0188564 -0.0149239 -0.0170068 -0.0187953 -0.0100726 0.00141016 -0.000570492 -0.00442127 -0.00298164 0.00366212 0.00424724 0.00445786 0.0105286 0.0101213 0.000701339 -0.00336139 0.000248859 -0.00292944 -0.00654259 -0.00252270 -0.00178055 -0.00914934 -0.00979062 -0.00417256 -0.00241310 -0.00257849 0.00160700 0.00240705 -0.00204257 -0.00289639 0.000207948 0.00204548 0.00263391 0.00394585 0.00177521 -0.00302812 -0.00563836 -0.00356613 -0.00136738 -0.000896874 -0.00267606 -0.00587422 -0.00883460 -0.00821220 -0.00280265 0.000762118 0.0000105788 -0.00317231 -0.00391378 -0.00349998 -0.00222492 0.000356524 0.00107155 -0.00111162 -0.00483533 -0.00691665 -0.00605942 -0.00333600 -0.000617433 0.000129103 -0.00179109 -0.00350748 -0.00255729 0.000863736 0.00205442 0.00102174 -0.0000363624 -0.00109866 -0.00194581 -0.000971327 0.00160082 0.00187287 0.0000577804 -0.000877494 0.00000 0.00000 0.00000 0.00000 0.00000 0.00000 0.00000 0.00000 0.00000 0.00000 0.00000 0.00000 0.00000 0.00000 0.00000 0.00000 0.00000 0.00000 0.00000 0.00000 0.00000 0.00000 0.00000 0.00000 0.00000 0.00000 0.00000 0.00000 0.00000 0.00000 0.00000 0.00000 0.00000 0.00000 0.00000 0.00000 0.00000 0.00000 0.00000 0.00000 0.00000 0.00000 0.00000 0.00000 0.00000 0.00000 0.00000 0.00000 0.00000 0.00000 0.00000 0.00000 0.00000 0.00000 0.00000 0.00000 0.00000 0.00000 0.00000 0.00000 0.00000 0.00000 0.00000 0.00000 0.00000 0.00000 0.00000 0.00000 0.00000 0.00000 0.00000 0.00000 0.00000 0.00000 0.00000 0.00000 0.00000 0.00000 0.00000 0.00000 0.00000 0.00000 0.00000 0.00000 0.00000 0.00000 0.00000 0.00000 0.00000 0.00000 0.00000 0.00000 0.00000 0.00000 0.00000 0.00000 0.00000 0.00000 0.00000 0.00000 0.00000 0.00000 0.00000 0.00000 0.00000 0.00000 0.00000 0.00000 0.00000 0.00000 0.00000 0.00000 0.00000 0.00000 0.00000 0.00000 0.00000 0.00000 0.00000 0.00000 0.00000 0.00000 0.00000 0.00000 0.00000 0.0000190716 0.0000196229 0.0000169872 0.0000564697 0.0000403454 0.0000208784 0.00000288166 -0.0000176909 -0.00000524182 0.00000387924 0.00000831633 0.0000326769 -0.0000234626 0.0000299713 0.0000188962 0.0000448606 -0.00000346013 0.000137360 0.00000892269 0.0000700701 0.0000458438 0.0000595691 0.000194283 0.000177838 0.000526434 0.00394006 0.0279535 0.0245308 -0.0156777 -0.0101345 0.0145913 0.00756349 -0.00371277 0.0142812 0.0570190 0.0670379 0.0331636 0.0162905 0.0150926 0.00563031 0.000182341 -0.0101534 -0.0247826 -0.0253872 -0.0210662 -0.0203625 -0.0117287 0.00474822 0.0170708 0.0203618 0.0213477 0.0209963 0.0107222 -0.00137320 -0.00803300 -0.0176042 -0.0229340 -0.0198124 -0.0175977 -0.0179215 -0.0149118 -0.0102292 -0.00808699 -0.00717264 -0.00389099 0.00148380 0.00363826 0.00432251 0.00383660 0.00194733 0.000266405 -0.00106906 -0.00373468 -0.00680030 -0.00746848 -0.00762575 -0.00804110 -0.00881044 -0.00871677 -0.00735091 -0.00610667 -0.00525899 -0.00535092 -0.00442283 -0.00125110 0.00106849 0.00134393 0.00111700 0.000757248 0.0000675368 -0.000810737 -0.00134246 -0.00140403 -0.00175716 -0.00261439 -0.00328635 -0.00347218 -0.00357703 -0.00356841 -0.00391933 -0.00458070 -0.00437798 -0.00331076 -0.00204890 -0.00166273 -0.00123568 -0.000628567 -0.00123849 -0.00217756 -0.00293963 -0.00315901 -0.00298780 -0.00273492 -0.00252389 -0.00233628 -0.00258306 -0.00311200 -0.00308517 -0.00248142 -0.00185388 -0.00111450 -0.000895031 -0.000712019 -0.000281429 0.000219676 0.000121733 -0.0000929027 -0.000702930 -0.00134858 -0.00222325 -0.00244909 0.00000 0.00000 0.00000 0.00000 0.00000 0.00000 0.00000 0.00000 0.00000 0.00000 0.00000 0.00000 0.00000 0.00000 0.00000 0.00000 0.00000 0.00000 0.00000 0.00000 0.00000 0.00000 0.00000 0.00000 0.00000 0.00000 0.00000 0.00000 0.00000 0.00000 0.00000 0.00000 0.00000 0.00000 0.00000 0.00000 0.00000 0.00000 0.00000 0.00000 0.00000 0.00000 0.00000 0.00000 0.00000 0.00000 0.00000 0.00000 0.00000 0.00000 0.00000 0.00000 0.00000 0.00000 0.00000 0.00000 0.00000 0.00000 0.00000 0.00000 0.00000 0.00000 0.00000 0.00000 0.00000 0.00000 0.00000 0.00000 0.00000 0.00000 0.00000 0.00000 0.00000 0.00000 0.00000 0.00000 0.00000 0.00000 0.00000 0.00000 0.00000 0.00000 0.00000 0.00000 0.00000 0.00000 0.00000 0.00000 0.00000 0.00000 0.00000 0.00000 0.00000 0.00000 0.00000 0.00000 0.00000 0.00000 0.00000 0.00000 0.00000 0.00000 0.00000 0.00000 0.00000 0.00000 0.00000 0.00000 0.00000 0.00000 0.00000 0.00000 0.00000 0.00000 0.00000 0.00000 0.00000 0.00000 0.00000 0.00000 0.00000 0.00000 0.00000 0.00000 0.00000
0.000610291 -0.00249908 0.00248645 0.0351047 0.317378 0.000499048 -0.460371 -0.00322095 0.253941 0.0204775 0.0882363 0.422461 0.105555 -0.289474 0.0842447 0.309313 -0.0336390 -0.198115 -0.0701174 -0.149105 -0.134058 0.0149765 -0.0996377 -0.203676 -0.0817777 0.0474751 0.0410093 0.00898701 0.0710190 0.0900299 0.0455880 0.0388215 0.0373974 -0.0309082 -0.0496212 -0.0131689 -0.0251317 -0.0483160 -0.0637798 -0.0485579 -0.0310569 -0.0117380 0.00539688 0.00235509 -0.00812266 -0.00356337 0.0110339 0.0142039 0.0130710 0.0152614 0.0171167 0.00701370 -0.00372843 -0.000462605 0.00409544 -0.00925754 -0.0155674 -0.0179403 -0.0249118 -0.0260452 -0.0136630 -0.00126709 -0.00396948 -0.00721609 -0.00304395 0.00433598 0.00439700 0.00750768 0.0131577 0.0113542 0.00149587 -0.00178049 -0.000318772 -0.00474937 -0.00674472 0.000138207 0.000839820 -0.00841816 -0.00902200 -0.00413509 -0.00261482 -0.00252258 0.00275799 0.00255660 -0.00341426 -0.00445170 -0.00175155 0.0000713005 0.00304080 0.00580299 0.00179814 -0.00470179 -0.00668426 -0.00335891 -0.000516173 0.000909166 -0.00149921 -0.00635223 -0.0103223 -0.00929032 -0.00221011 0.00292924 0.00168324 -0.00335424 -0.00553926 -0.00489094 -0.00296690 0.0000480376 0.00107155 -0.00183671 -0.00539607 -0.00703404 -0.00552193 -0.00263974 0.000701213 0.00210264 -0.000611858 -0.00329284 -0.00271640 0.00110187 0.00316646 0.00190699 -0.000522710 -0.00287656 -0.00380964 -0.00234107 0.000506447 0.00101308 -0.000313112 -0.00152225 -0.00150563 0.00000 0.00000 0.00000 0.00000 0.00000 0.00000 0.00000 0.00000 0.00000 0.00000 0.00000 0.00000 0.00000 0.00000 0.00000 0.00000 0.00000 0.00000 0.00000 0.00000 0.00000 0.00000 0.00000 0.00000 0.00000 0.00000 0.00000 0.00000 0.00000 0.00000 0.00000 0.00000 0.00000 0.00000 0.00000 0.00000 0.00000 0.00000 0.00000 0.00000 0.00000 0.00000 0.00000 0.00000 0.00000 0.00000 0.00000 0.00000 0.00000 0.00000 0.00000 0.00000 0.00000 0.00000 0.00000 0.00000 0.00000 0.00000 0.00000 0.00000 0.00000 0.00000 0.00000 0.00000 0.00000 0.00000 0.00000 0.00000 0.00000 0.00000 0.00000 0.00000 0.00000 0.00000 0.00000 0.00000 0.00000 0.00000 0.00000 0.00000 0.00000 0.00000 0.00000 0.00000 0.00000 0.00000 0.00000 0.00000 0.00000 0.00000 0.00000 0.00000 0.00000 0.00000 0.00000 0.00000 0.00000 0.00000 0.00000 0.00000 0.00000 0.00000 0.00000 0.00000 0.00000 0.00000 0.00000 0.00000 0.00000 0.00000 0.00000 0.00000 0.00000 0.00000 0.00000 0.00000 0.00000 0.00000 0.00000 0.00000 0.00000 0.00000 0.00000 0.00000 0.00000 0.0000190716 -4.96656e-8 0.0000363621 0.0000229281 -0.00000306621 0.0000364521 0.00000677491 -0.00000591398 0.0000208588 0.00000211040 -2.30539e-7 -1.97437e-7 -0.00000236186 0.0000257259 0.0000331117 0.00000963340 0.0000267534 0.0000149795 0.0000100616 0.0000138025 -0.0000242559 0.0000895913 0.000212940 -0.0000931161 0.000390101 0.000104355 0.000335262 0.000483563 0.0115895 0.0207406 0.000817831 -0.00855732 0.00614083 0.0100712 0.00529492 0.00753511 0.0241346 0.0551297 0.0590258 0.0242113 0.00274889 -0.00254910 -0.000630429 0.0152043 0.0234985 0.0214396 0.0228742 0.0210837 0.00374294 -0.0153034 -0.0202958 -0.0278127 -0.0425322 -0.0420323 -0.0282363 -0.0229091 -0.0196578 -0.0118029 -0.00281716 0.00524646 0.00976086 0.0132591 0.0137460 0.0120439 0.00811696 0.00206824 -0.00379547 -0.00737821 -0.00833132 -0.00973122 -0.0114967 -0.0121167 -0.0119800 -0.0118694 -0.0112812 -0.00878094 -0.00590564 -0.00478744 -0.00353473 -0.00153385 0.000346707 0.00106319 0.00168620 0.00145162 -0.000338995 -0.00170767 -0.00257658 -0.00343722 -0.00495385 -0.00532690 -0.00479591 -0.00470231 -0.00423597 -0.00341358 -0.00253193 -0.00212459 -0.00206641 -0.00170017 -0.00154380 -0.00103904 -0.000225243 -0.000554368 -0.00120684 -0.00120267 -0.00119045 -0.00222866 -0.00320289 -0.00333781 -0.00324818 -0.00303542 -0.00315723 -0.00348512 -0.00343723 -0.00280780 -0.00189260 -0.00153852 -0.00172343 -0.00173886 -0.00159084 -0.00190458 -0.00252062 -0.00263682 -0.00223374 -0.00154449 -0.000932080 -0.000891089 -0.000926734 -0.00120429 -0.00112811 -0.00111306 -0.000998723 0.00000 0.00000 0.00000 0.00000 0.00000 0.00000 0.00000 0.00000 0.00000 0.00000 0.00000 0.00000 0.00000 0.00000 0.00000 0.00000 0.00000 0.00000 0.00000 0.00000 0.00000 0.00000 0.00000 0.00000 0.00000 0.00000 0.00000 0.00000 0.00000 0.00000 0.00000 0.00000 0.00000 0.00000 0.00000 0.00000 0.00000 0.00000 0.00000 0.00000 0.00000 0.00000 0.00000 0.00000 0.00000 0.00000 0.00000 0.00000 0.00000 0.00000 0.00000 0.00000 0.00000 0.00000 0.00000 0.00000 0.00000 0.00000 0.00000 0.00000 0.00000 0.00000 0.00000 0.00000 0.00000 0.00000 0.00000 0.00000 0.00000 0.00000 0.00000 0.00000 0.00000 0.00000 0.00000 0.00000 0.00000 0.00000 0.00000 0.00000 0.00000 0.00000 0.00000 0.00000 0.00000 0.00000 0.00000 0.00000 0.00000 0.00000 0.00000 0.00000 0.00000 0.00000 0.00000 0.00000 0.00000 0.00000 0.00000 0.00000 0.00000 0.00000 0.00000 0.00000 0.00000 0.00000 0.00000 0.00000 0.00000 0.00000 0.00000 0.00000 0.00000 0.00000 0.00000 0.00000 0.00000 0.00000 0.00000 0.00000 0.00000 0.00000 0.00000 0.00000 0.00000
-0.00638899 0.0100254 -0.0133855 0.185163 0.306977 -0.327122 -0.349843 0.195043 0.171690 -0.0280218 0.263467 0.474655 -0.0940857 -0.230767 0.181704 0.145793 -0.148816 -0.137987 -0.107009 -0.201001 -0.0673685 0.0114908 -0.113993 -0.165760 -0.0205704 0.0737013 -0.00260449 0.0268985 0.107175 0.0831676 0.0319754 0.0382184 0.0309902 -0.0293131 -0.0345438 -0.0252851 -0.0364769 -0.0683682 -0.0715076 -0.0577057 -0.0470045 -0.0130081 0.00700545 0.00693550 -0.00412941 0.00471032 0.0207197 0.0214815 0.0199949 0.0261621 0.0201106 0.00121066 -0.00309693 0.00549811 -0.000902464 -0.0174120 -0.0211717 -0.0247785 -0.0317410 -0.0287939 -0.0104751 -0.00293474 -0.00688795 -0.00653271 0.00109869 0.00777777 0.00758103 0.0123859 0.0176495 0.0118263 0.00135857 -0.000659844 -0.00301663 -0.00826723 -0.00495568 0.000934315 -0.00539333 -0.0126484 -0.00918077 -0.00415079 -0.00431029 -0.000780591 0.00523461 0.00160259 -0.00305840 -0.00167239 0.000864201 0.00257844 0.00544086 0.00474180 -0.00172721 -0.00799931 -0.00756504 -0.00402867 -0.00142035 -0.000423579 -0.00266982 -0.00743608 -0.0118167 -0.00815018 0.000124807 0.00426618 0.000956089 -0.00335294 -0.00507717 -0.00534308 -0.00182717 0.00116410 0.000693081 -0.00265005 -0.00583536 -0.00677867 -0.00508500 -0.00171014 0.000849936 0.000211498 -0.00246118 -0.00411999 -0.00150912 0.00268889 0.00357222 0.00192157 -0.000180378 -0.00249239 -0.00322124 -0.000811757 0.00180538 0.000928363 -0.00113973 -0.00257402 -0.00285254 0.00000 0.00000 0.00000 0.00000 0.00000 0.00000 0.00000 0.00000 0.00000 0.00000 0.00000 0.00000 0.00000 0.00000 0.00000 0.00000 0.00000 0.00000 0.00000 0.00000 0.00000 0.00000 0.00000 0.00000 0.00000 0.00000 0.00000 0.00000 0.00000 0.00000 0.00000 0.00000 0.00000 0.00000 0.00000 0.00000 0.00000 0.00000 0.00000 0.00000 0.00000 0.00000 0.00000 0.00000 0.00000 0.00000 0.00000 0.00000 0.00000 0.00000 0.00000 0.00000 0.00000 0.00000 0.00000 0.00000 0.00000 0.00000 0.00000 0.00000 0.00000 0.00000 0.00000 0.00000 0.00000 0.00000 0.00000 0.00000 0.00000 0.00000 0.00000 0.00000 0.00000 0.00000 0.00000 0.00000 0.00000 0.00000 0.00000 0.00000 0.00000 0.00000 0.00000 0.00000 0.00000 0.00000 0.00000 0.00000 0.00000 0.00000 0.00000 0.00000 0.00000 0.00000 0.00000 0.00000 0.00000 0.00000 0.00000 0.00000 0.00000 0.00000 0.00000 0.00000 0.00000 0.00000 0.00000 0.00000 0.00000 0.00000 0.00000 0.00000 0.00000 0.00000 0.00000 0.00000 0.00000 0.00000 0.00000 0.00000 0.00000 0.00000 0.00000 0.00000 0.00000 -1.70062e-20 -0.0000187475 -0.0000195286 -0.0000185170 -0.0000201210 -0.0000175602 -0.0000222679 8.17006e-7 -0.0000191305 0.0000105495 0.00000964123 -0.0000228627 0.00000968262 0.0000138017 -0.0000236093 0.00000348757 -0.0000383539 -0.0000504420 -0.0000375451 0.00000570764 0.0000725707 -0.0000520733 0.00000297726 0.000207885 0.000329450 -0.0000108875 0.000193247 0.0000708409 -0.000421455 0.0000112578 0.00551917 0.0139863 0.00789986 0.00967087 0.0218336 0.0124990 0.0111675 0.0179093 0.0109227 0.00731697 0.0118474 0.0290861 0.0706144 0.101680 0.0697160 0.0149443 -0.00183654 -0.00750713 -0.0339746 -0.0518969 -0.0525849 -0.0579068 -0.0543200 -0.0375963 -0.0253251 -0.0183981 -0.00843236 0.00468975 0.0123741 0.0172775 0.0221453 0.0215164 0.0154746 0.0107427 0.00923974 0.00186564 -0.00824732 -0.0133509 -0.0157764 -0.0183957 -0.0219682 -0.0216397 -0.0183077 -0.0137103 -0.00743830 -0.00309502 0.000430454 0.00287922 0.00397076 0.00406877 0.00297787 0.00205273 0.000283849 -0.00108884 -0.00267239 -0.00426248 -0.00483997 -0.00620170 -0.00659677 -0.00650254 -0.00655832 -0.00671285 -0.00584701 -0.00355069 -0.00203016 -0.000989450 -0.000345010 0.000165937 0.000708394 0.000802492 0.0000302102 -0.00116448 -0.00165172 -0.00184273 -0.00227833 -0.00291016 -0.00360015 -0.00344685 -0.00281579 -0.00298217 -0.00307248 -0.00258996 -0.00181953 -0.00117753 -0.000976671 -0.00106596 -0.00163773 -0.00186224 -0.00179212 -0.00207352 -0.00221225 -0.00247779 -0.00252612 -0.00270981 -0.00299428 -0.00333610 -0.00372766 -0.00315536 -0.00200360 -0.00100608 -0.000462847 0.00000 0.00000 0.00000 0.00000 0.00000 0.00000 0.00000 0.00000 0.00000 0.00000 0.00000 0.00000 0.00000 0.00000 0.00000 0.00000 0.00000 0.00000 0.00000 0.00000 0.00000 0.00000 0.00000 0.00000 0.00000 0.00000 0.00000 0.00000 0.00000 0.00000 0.00000 0.00000 0.00000 0.00000 0.00000 0.00000 0.00000 0.00000 0.00000 0.00000 0.00000 0.00000 0.00000 0.00000 0.00000 0.00000 0.00000 0.00000 0.00000 0.00000 0.00000 0.00000 0.00000 0.00000 0.00000 0.00000 0.00000 0.00000 0.00000 0.00000 0.00000 0.00000 0.00000 0.00000 0.00000 0.00000 0.00000 0.00000 0.00000 0.00000 0.00000 0.00000 0.00000 0.00000 0.00000 0.00000 0.00000 0.00000 0.00000 0.00000 0.00000 0.00000 0.00000 0.00000 0.00000 0.00000 0.00000 0.00000 0.00000 0.00000 0.00000 0.00000 0.00000 0.00000 0.00000 0.00000 0.00000 0.00000 0.00000 0.00000 0.00000 0.00000 0.00000 0.00000 0.00000 0.00000 0.00000 0.00000 0.00000 0.00000 0.00000 0.00000 0.00000 0.00000 0.00000 0.00000 0.00000 0.00000 0.00000 0.00000 0.00000 0.00000 0.00000 0.00000 0.00000
-0.00335660 0.00479608 -0.00759270 0.119941 0.338023 -0.159012 -0.414616 0.0661690 0.191745 0.000479705 0.131387 0.500000 0.181451 -0.213812 0.00935327 0.104681 -0.0854830 -0.152479 -0.142301 -0.196321 -0.110919 -0.0303596 -0.0422388 -0.0798619 -0.0709773 0.0427397 0.0424474 0.0125931 0.0722891 0.102376 0.0534876 0.0321009 0.0536658 0.0260614 -0.0210885 -0.0617548 -0.0649875 -0.0745553 -0.0948503 -0.0873286 -0.0608678 -0.0211873 0.0100199 0.0237638 0.0157647 0.0114069 0.0223436 0.0313282 0.0261969 0.0235480 0.0243600 0.00829316 -0.00429016 -0.00125115 -0.00362736 -0.0196442 -0.0262554 -0.0258769 -0.0314362 -0.0313719 -0.0178386 -0.00452207 -0.00261247 -0.00304084 0.00418704 0.0107838 0.00885685 0.0110734 0.0174106 0.0145859 0.00264446 -0.00199793 -0.00257459 -0.00912206 -0.00818402 -0.00171061 -0.00410070 -0.0110730 -0.0111936 -0.00647223 -0.00529828 -0.00219021 0.00458830 0.00529198 0.00116216 -0.000929032 0.000354294 0.00225010 0.00522123 0.00613061 0.000820360 -0.00647635 -0.00919382 -0.00687920 -0.00442446 -0.00317246 -0.00302712 -0.00567347 -0.00989193 -0.00960053 -0.00298292 0.00370294 0.00350069 -0.0000758824 -0.00240088 -0.00368384 -0.00212700 0.000416899 0.000998089 -0.00157228 -0.00509486 -0.00731730 -0.00672877 -0.00370756 -0.000818942 0.000463528 -0.00114117 -0.00379112 -0.00245461 0.00176749 0.00352088 0.00265027 0.00171900 -0.000248971 -0.00223000 -0.00117528 0.00166485 0.00142590 -0.000494041 -0.00194165 -0.00236371 0.00000 0.00000 0.00000 0.00000 0.00000 0.00000 0.00000 0.00000 0.00000 0.00000 0.00000 0.00000 0.00000 0.00000 0.00000 0.00000 0.00000 0.00000 0.00000 0.00000 0.00000 0.00000 0.00000 0.00000 0.00000 0.00000 0.00000 0.00000 0.00000 0.00000 0.00000 0.00000 0.00000 0.00000 0.00000 0.00000 0.00000 0.00000 0.00000 0.00000 0.00000 0.00000 0.00000 0.00000 0.00000 0.00000 0.00000 0.00000 0.00000 0.00000 0.00000 0.00000 0.00000 0.00000 0.00000 0.00000 0.00000 0.00000 0.00000 0.00000 0.00000 0.00000 0.00000 0.00000 0.00000 0.00000 0.00000 0.00000 0.00000 0.00000 0.00000 0.00000 0.00000 0.00000 0.00000 0.00000 0.00000 0.00000 0.00000 0.00000 0.00000 0.00000 0.00000 0.00000 0.00000 0.00000 0.00000 0.00000 0.00000 0.00000 0.00000 0.00000 0.00000 0.00000 0.00000 0.00000 0.00000 0.00000 0.00000 0.00000 0.00000 0.00000 0.00000 0.00000 0.00000 0.00000 0.00000 0.00000 0.00000 0.00000 0.00000 0.00000 0.00000 0.00000 0.00000 0.00000 0.00000 0.00000 0.00000 0.00000 0.00000 0.00000 0.00000 0.00000 0.00000 -5.24556e-20 2.46926e-7 -0.0000182396 -0.0000203091 -0.00000104508 -6.02535e-7 0.0000159085 0.0000188476 0.0000339650 0.0000274629 -9.31866e-7 0.00000231790 -0.00000200893 0.00000201695 -0.00000127987 0.00000173300 -0.00000806862 -0.0000261856 0.0000654171 -0.0000621675 0.0000507601 0.000326736 -0.000208838 0.000192596 0.000310297 0.000196039 -0.000310623 0.000303241 0.000402395 0.0117852 0.0278046 0.00948363 0.00179409 0.0122747 -0.00154754 -0.000321185 0.0184971 0.0269073 0.0399334 0.0698112 0.0660169 0.0263739 0.0199516 0.0218160 -0.00630643 -0.0206831 -0.0116002 -0.0208260 -0.0369005 -0.0292990 -0.0185196 -0.0199084 -0.0198201 -0.0146834 -0.0142216 -0.0127876 -0.00307324 0.00288886 0.00212836 0.00342384 0.00760023 0.00970359 0.00756829 0.00277543 -0.00338004 -0.00834769 -0.0119628 -0.0137712 -0.0140730 -0.0143130 -0.0121521 -0.00899902 -0.00623222 -0.00425956 -0.00293161 -0.00157869 -0.000868718 -0.000321207 -0.0000925576 -0.000593945 -0.00188133 -0.00253159 -0.00239410 -0.00321298 -0.00433167 -0.00478122 -0.00529010 -0.00530512 -0.00445088 -0.00344219 -0.00302035 -0.00265244 -0.00181963 -0.00135529 -0.00155052 -0.00166370 -0.00166635 -0.00172351 -0.00193350 -0.00240023 -0.00233453 -0.00237839 -0.00261698 -0.00237202 -0.00234350 -0.00257064 -0.00277321 -0.00276325 -0.00224178 -0.00145591 -0.000671589 -0.000436455 -0.000467407 -0.000497605 -0.000530446 -0.000897986 -0.00165075 -0.00215072 -0.00281614 -0.00346005 -0.00377933 -0.00382438 -0.00337934 -0.00309165 -0.00240056 -0.00220664 -0.00209716 -0.00152171 -0.000925194 -0.000530972 -0.000744466 0.00000 0.00000 0.00000 0.00000 0.00000 0.00000 0.00000 0.00000 0.00000 0.00000 0.00000 0.00000 0.00000 0.00000 0.00000 0.00000 0.00000 0.00000 0.00000 0.00000 0.00000 0.00000 0.00000 0.00000 0.00000 0.00000 0.00000 0.00000 0.00000 0.00000 0.00000 0.00000 0.00000 0.00000 0.00000 0.00000 0.00000 0.00000 0.00000 0.00000 0.00000 0.00000 0.00000 0.00000 0.00000 0.00000 0.00000 0.00000 0.00000 0.00000 0.00000 0.00000 0.00000 0.00000 0.00000 0.00000 0.00000 0.00000 0.00000 0.00000 0.00000 0.00000 0.00000 0.00000 0.00000 0.00000 0.00000 0.00000 0.00000 0.00000 0.00000 0.00000 0.00000 0.00000 0.00000 0.00000 0.00000 0.00000 0.00000 0.00000 0.00000 0.00000 0.00000 0.00000 0.00000 0.00000 0.00000 0.00000 0.00000 0.00000 0.00000 0.00000 0.00000 0.00000 0.00000 0.00000 0.00000 0.00000 0.00000 0.00000 0.00000 0.00000 0.00000 0.00000 0.00000 0.00000 0.00000 0.00000 0.00000 0.00000 0.00000 0.00000 0.00000 0.00000 0.00000 0.00000 0.00000 0.00000 0.00000 0.00000 0.00000 0.00000 0.00000 0.00000 0.00000
0.00291796 -0.00466585 0.00611324 -0.00460429 0.161074 0.277020 -0.184274 -0.305667 0.0233192 0.136148 0.0513240 0.0993405 0.459959 0.279231 -0.143043 -0.0418565 0.0351513 -0.128694 -0.157045 -0.144395 -0.211474 -0.122847 -0.0591109 -0.0387771 -0.00678503 -0.00999198 0.0384773 0.0420428 0.0353499 0.0762736 0.102232 0.0538808 0.0166342 0.0218719 0.0173426 -0.00456137 -0.0548834 -0.0830458 -0.0925654 -0.0817598 -0.0745041 -0.0682298 -0.0274766 0.0101805 0.0212306 0.0195911 0.0217285 0.0237135 0.0283526 0.0287713 0.0249500 0.0219819 0.0107695 -0.00171028 -0.00507695 -0.00703513 -0.0156781 -0.0206927 -0.0258364 -0.0341122 -0.0311251 -0.0169870 -0.00504457 -0.00212720 0.00105265 0.00589658 0.00967213 0.0115470 0.0105602 0.0128773 0.0112484 0.00267651 -0.00375490 -0.00559505 -0.00811312 -0.00802479 -0.00331532 -0.00419133 -0.00840258 -0.00875098 -0.00606426 -0.00487300 -0.00266433 0.00298914 0.00476493 0.00193048 -0.000719682 -0.00109398 0.00239758 0.00647242 0.00664769 0.00180205 -0.00540865 -0.00926421 -0.00858560 -0.00653232 -0.00458295 -0.00334492 -0.00530905 -0.00875765 -0.00858500 -0.00284872 0.00360776 0.00460957 0.00162855 -0.00131483 -0.00285071 -0.00252116 -0.000317864 0.000299630 -0.00217955 -0.00493041 -0.00686040 -0.00683654 -0.00414534 -0.00115200 0.0000656204 -0.000644855 -0.00200354 -0.00133535 0.00184823 0.00362631 0.00310597 0.00175670 -0.000896996 -0.00281718 -0.00248518 -0.000106003 0.00174603 0.00107861 0.000199229 0.00000 0.00000 0.00000 0.00000 0.00000 0.00000 0.00000 0.00000 0.00000 0.00000 0.00000 0.00000 0.00000 0.00000 0.00000 0.00000 0.00000 0.00000 0.00000 0.00000 0.00000 0.00000 0.00000 0.00000 0.00000 0.00000 0.00000 0.00000 0.00000 0.00000 0.00000 0.00000 0.00000 0.00000 0.00000 0.00000 0.00000 0.00000 0.00000 0.00000 0.00000 0.00000 0.00000 0.00000 0.00000 0.00000 0.00000 0.00000 0.00000 0.00000 0.00000 0.00000 0.00000 0.00000 0.00000 0.00000 0.00000 0.00000 0.00000 0.00000 0.00000 0.00000 0.00000 0.00000 0.00000 0.00000 0.00000 0.00000 0.00000 0.00000 0.00000 0.00000 0.00000 0.00000 0.00000 0.00000 0.00000 0.00000 0.00000 0.00000 0.00000 0.00000 0.00000 0.00000 0.00000 0.00000 0.00000 0.00000 0.00000 0.00000 0.00000 0.00000 0.00000 0.00000 0.00000 0.00000 0.00000 0.00000 0.00000 0.00000 0.00000 0.00000 0.00000 0.00000 0.00000 0.00000 0.00000 0.00000 0.00000 0.00000 0.00000 0.00000 0.00000 0.00000 0.00000 0.00000 0.00000 0.00000 0.00000 0.00000 0.00000 0.00000 0.00000 0.00000 0.00000 -0.0000190716 2.67280e-8 -0.00000106363 0.0000182470 0.0000186923 0.0000204366 0.00000178088 -0.0000147143 -0.0000362907 -0.0000383988 -0.0000254874 -0.0000122732 -0.0000269985 -0.00000799571 -0.0000347495 -0.00000334428 -0.0000993477 0.0000815049 0.0000113987 0.000111407 -0.000220833 0.000271203 0.000231813 0.0000653678 -0.0000345825 0.0120491 0.0337565 0.00546293 -0.00462954 0.0182297 -0.0125971 -0.00792450 0.0280331 0.0252025 0.0360325 0.0800162 0.0715119 0.00876709 0.0101837 0.0286946 -0.0190927 -0.0491723 -0.0264864 -0.0274073 -0.0420371 -0.0202097 0.00107991 0.00387090 0.0121040 0.0238992 0.0208046 0.00808879 0.00668498 0.00422573 -0.00989909 -0.0153324 -0.0103102 -0.0136296 -0.0191309 -0.0150542 -0.0105342 -0.0139373 -0.0191992 -0.0166027 -0.0100670 -0.00626720 -0.00364302 -0.000283758 0.00341107 0.00543919 0.00579261 0.00418932 0.000785972 -0.00265606 -0.00483401 -0.00631066 -0.00863172 -0.00912613 -0.00790519 -0.00770828 -0.00740607 -0.00562048 -0.00433297 -0.00391588 -0.00248527 -0.00107236 -0.000701795 -0.000620329 0.0000681214 0.000688496 -0.000188338 -0.000782690 -0.000840622 -0.00155395 -0.00245032 -0.00362072 -0.00413106 -0.00465196 -0.00500435 -0.00398165 -0.00343931 -0.00342279 -0.00287546 -0.00223966 -0.00202179 -0.00172430 -0.000840186 -0.000625315 -0.000881426 -0.000492195 -0.000326256 -0.000767812 -0.00133217 -0.00141440 -0.00156060 -0.00247517 -0.00293229 -0.00319449 -0.00328702 -0.00287035 -0.00284100 -0.00291251 -0.00277520 -0.00232842 -0.00147725 -0.000930690 -0.000452079 -0.000394275 -0.000285866 -0.000708184 -0.00104777 0.00000 0.00000 0.00000 0.00000 0.00000 0.00000 0.00000 0.00000 0.00000 0.00000 0.00000 0.00000 0.00000 0.00000 0.00000 0.00000 0.00000 0.00000 0.00000 0.00000 0.00000 0.00000 0.00000 0.00000 0.00000 0.00000 0.00000 0.00000 0.00000 0.00000 0.00000 0.00000 0.00000 0.00000 0.00000 0.00000 0.00000 0.00000 0.00000 0.00000 0.00000 0.00000 0.00000 0.00000 0.00000 0.00000 0.00000 0.00000 0.00000 0.00000 0.00000 0.00000 0.00000 0.00000 0.00000 0.00000 0.00000 0.00000 0.00000 0.00000 0.00000 0.00000 0.00000 0.00000 0.00000 0.00000 0.00000 0.00000 0.00000 0.00000 0.00000 0.00000 0.00000 0.00000 0.00000 0.00000 0.00000 0.00000 0.00000 0.00000 0.00000 0.00000 0.00000 0.00000 0.00000 0.00000 0.00000 0.00000 0.00000 0.00000 0.00000 0.00000 0.00000 0.00000 0.00000 0.00000 0.00000 0.00000 0.00000 0.00000 0.00000 0.00000 0.00000 0.00000 0.00000 0.00000 0.00000 0.00000 0.00000 0.00000 0.00000 0.00000 0.00000 0.00000 0.00000 0.00000 0.00000 0.00000 0.00000 0.00000 0.00000 0.00000 0.00000 0.00000 0.00000
-0.00152573 0.00169574 -0.00142691 0.000879279 -0.00168294 0.0502328 0.261081 0.0498677 -0.253394 -0.129307 0.0141741 0.145046 0.0712937 0.156537 0.435361 0.200557 -0.134995 -0.0583355 -0.00823185 -0.187729 -0.188607 -0.167637 -0.181838 -0.0976118 -0.0529154 0.00183105 0.00849597 0.0601685 0.111794 0.0452997 0.0145479 0.0635948 0.0638565 0.00461907 -0.00619453 0.00299943 0.0123400 0.00522343 -0.00839099 -0.0362319 -0.0893856 -0.101152 -0.0781927 -0.0593693 -0.0426042 -0.0197335 0.00772296 0.0173069 0.0238738 0.0330818 0.0378487 0.0367623 0.0327899 0.0247220 0.00656159 -0.00331292 -0.00569124 -0.00751917 -0.0139759 -0.0183574 -0.0188607 -0.0261638 -0.0280882 -0.0160939 -0.00702052 -0.00781731 -0.00659666 0.000801164 0.00631384 0.00924367 0.0135584 0.0145054 0.0101046 0.00138055 -0.00286806 -0.00508615 -0.00647741 -0.00443717 -0.00396641 -0.00626212 -0.00958328 -0.00812037 -0.00526192 -0.00536492 -0.00325401 0.00113947 0.00177557 -0.000286361 -0.00175599 0.0000536877 0.00378235 0.00672687 0.00622330 0.00122348 -0.00423889 -0.00634465 -0.00568335 -0.00602877 -0.00536308 -0.00452498 -0.00725497 -0.00952468 -0.00705843 -0.00114155 0.00373587 0.00354711 0.000659851 -0.00177721 -0.00306601 -0.00259660 -0.00150371 -0.00163223 -0.00373433 -0.00488453 -0.00459766 -0.00304049 -0.000597370 0.000245312 -0.000638371 -0.00222099 -0.00285128 -0.00121975 0.000748726 0.00181771 0.00176265 0.000939928 -0.000185718 -0.000903650 -0.000468993 0.00117310 0.00168273 0.00000 0.00000 0.00000 0.00000 0.00000 0.00000 0.00000 0.00000 0.00000 0.00000 0.00000 0.00000 0.00000 0.00000 0.00000 0.00000 0.00000 0.00000 0.00000 0.00000 0.00000 0.00000 0.00000 0.00000 0.00000 0.00000 0.00000 0.00000 0.00000 0.00000 0.00000 0.00000 0.00000 0.00000 0.00000 0.00000 0.00000 0.00000 0.00000 0.00000 0.00000 0.00000 0.00000 0.00000 0.00000 0.00000 0.00000 0.00000 0.00000 0.00000 0.00000 0.00000 0.00000 0.00000 0.00000 0.00000 0.00000 0.00000 0.00000 0.00000 0.00000 0.00000 0.00000 0.00000 0.00000 0.00000 0.00000 0.00000 0.00000 0.00000 0.00000 0.00000 0.00000 0.00000 0.00000 0.00000 0.00000 0.00000 0.00000 0.00000 0.00000 0.00000 0.00000 0.00000 0.00000 0.00000 0.00000 0.00000 0.00000 0.00000 0.00000 0.00000 0.00000 0.00000 0.00000 0.00000 0.00000 0.00000 0.00000 0.00000 0.00000 0.00000 0.00000 0.00000 0.00000 0.00000 0.00000 0.00000 0.00000 0.00000 0.00000 0.00000 0.00000 0.00000 0.00000 0.00000 0.00000 0.00000 0.00000 0.00000 0.00000 0.00000 0.00000 0.00000 0.00000 0.0000572148 7.93382e-7 -3.16807e-7 3.15968e-8 -0.0000165488 0.0000107679 0.0000290878 -0.0000362361 0.00000282117 0.0000688300 -0.0000517416 0.0000928233 0.0000200308 0.0000638127 -0.0000302395 0.0000628197 0.000162656 -0.000225442 0.000529634 -0.000154399 0.000535716 0.00661687 0.0431727 0.0260261 -0.0260166 0.0104103 0.00287276 -0.0190251 0.0296661 0.0410170 0.0323878 0.0775917 0.100512 0.0184039 -0.0169511 0.0252990 -0.0108208 -0.0708441 -0.0437387 -0.0217758 -0.0570122 -0.0474711 -0.00594480 -0.00126158 -0.00309069 0.0185421 0.0350291 0.0256120 0.0234757 0.0299144 0.0193638 0.00665381 0.00528166 0.00161231 -0.00999852 -0.0176988 -0.0189784 -0.0223623 -0.0304793 -0.0358682 -0.0329938 -0.0267460 -0.0186215 -0.00868245 -0.00194558 0.00352126 0.00964694 0.0130972 0.0123749 0.00831684 0.00524343 0.00269703 -0.00180396 -0.00633080 -0.00828129 -0.00923898 -0.0112447 -0.0109211 -0.0100377 -0.00898260 -0.00635583 -0.00314984 -0.00107583 -0.000752882 0.000628231 0.00145493 0.00128947 0.00117707 0.00104781 0.000603691 -0.000980780 -0.00270709 -0.00361688 -0.00416243 -0.00483718 -0.00457251 -0.00365306 -0.00373920 -0.00372549 -0.00261765 -0.00193628 -0.00201092 -0.00136287 -0.000586585 -0.000978120 -0.00179541 -0.00129453 -0.000766881 -0.00134607 -0.00162048 -0.00137548 -0.00152942 -0.00246096 -0.00291637 -0.00295157 -0.00304752 -0.00313168 -0.00338483 -0.00277991 -0.00216699 -0.00117530 -0.000362211 -0.0000425247 -0.0000744555 -0.000146626 -0.000307724 -0.00108510 -0.00161170 -0.00162845 -0.00216833 -0.00212976 0.00000 0.00000 0.00000 0.00000 0.00000 0.00000 0.00000 0.00000 0.00000 0.00000 0.00000 0.00000 0.00000 0.00000 0.00000 0.00000 0.00000 0.00000 0.00000 0.00000 0.00000 0.00000 0.00000 0.00000 0.00000 0.00000 0.00000 0.00000 0.00000 0.00000 0.00000 0.00000 0.00000 0.00000 0.00000 0.00000 0.00000 0.00000 0.00000 0.00000 0.00000 0.00000 0.00000 0.00000 0.00000 0.00000 0.00000 0.00000 0.00000 0.00000 0.00000 0.00000 0.00000 0.00000 0.00000 0.00000 0.00000 0.00000 0.00000 0.00000 0.00000 0.00000 0.00000 0.00000 0.00000 0.00000 0.00000 0.00000 0.00000 0.00000 0.00000 0.00000 0.00000 0.00000 0.00000 0.00000 0.00000 0.00000 0.00000 0.00000 0.00000 0.00000 0.00000 0.00000 0.00000 0.00000 0.00000 0.00000 0.00000 0.00000 0.00000 0.00000 0.00000 0.00000 0.00000 0.00000 0.00000 0.00000 0.00000 0.00000 0.00000 0.00000 0.00000 0.00000 0.00000 0.00000 0.00000 0.00000 0.00000 0.00000 0.00000 0.00000 0.00000 0.00000 0.00000 0.00000 0.00000 0.00000 0.00000 0.00000 0.00000 0.00000 0.00000 0.00000 0.00000
-0.00123965 0.00154503 -0.00192975 0.00120108 -0.000636981 -0.0000251980 -0.000419724 0.0559971 0.250154 -0.0100212 -0.221363 -0.0279801 -0.0618806 0.107013 0.170244 0.0652718 0.305010 0.343847 -0.0591511 -0.217920 0.0181579 -0.0904922 -0.296913 -0.176073 -0.0602335 -0.0958791 -0.0969235 0.0378821 0.0396454 -0.00275999 0.0602748 0.100631 0.0661358 0.0321779 0.0449167 0.0120233 -0.0233043 0.00183041 0.0333313 0.00542762 -0.0232162 -0.0217210 -0.0293955 -0.0602745 -0.0998346 -0.106226 -0.0667258 -0.0280941 -0.00753277 0.00753474 0.0225746 0.0362641 0.0446670 0.0464312 0.0339472 0.0220668 0.0145978 0.00745314 -0.00190388 -0.00571517 -0.00858381 -0.0171556 -0.0188076 -0.0176966 -0.0228432 -0.0209214 -0.0126091 -0.0117596 -0.0109294 -0.00559996 -0.000267550 0.00106314 0.00562453 0.0117695 0.0141546 0.00835488 0.00166786 -0.000222795 -0.000903690 -0.00167681 -0.00320198 -0.00353898 -0.00837929 -0.0120494 -0.00954921 -0.00692899 -0.00656834 -0.00370923 -0.000383492 -0.00103723 -0.00346627 -0.000422480 0.00576143 0.00683666 0.00552681 0.00342586 0.0000683166 -0.00274654 -0.00242477 -0.00318744 -0.00535166 -0.00584556 -0.00812155 -0.0105115 -0.00801466 -0.00290325 0.00102128 0.00181865 0.00000309660 -0.00161057 -0.00212525 -0.00253525 -0.00242643 -0.00113676 -0.00215247 -0.00328960 -0.00241427 -0.00137371 -0.000686937 -0.000185005 -0.000288998 -0.00186173 -0.00307631 -0.00283218 -0.00101917 0.00114724 0.00228259 0.00149037 0.000610202 -0.000215078 -0.000818293 0.00000 0.00000 0.00000 0.00000 0.00000 0.00000 0.00000 0.00000 0.00000 0.00000 0.00000 0.00000 0.00000 0.00000 0.00000 0.00000 0.00000 0.00000 0.00000 0.00000 0.00000 0.00000 0.00000 0.00000 0.00000 0.00000 0.00000 0.00000 0.00000 0.00000 0.00000 0.00000 0.00000 0.00000 0.00000 0.00000 0.00000 0.00000 0.00000 0.00000 0.00000 0.00000 0.00000 0.00000 0.00000 0.00000 0.00000 0.00000 0.00000 0.00000 0.00000 0.00000 0.00000 0.00000 0.00000 0.00000 0.00000 0.00000 0.00000 0.00000 0.00000 0.00000 0.00000 0.00000 0.00000 0.00000 0.00000 0.00000 0.00000 0.00000 0.00000 0.00000 0.00000 0.00000 0.00000 0.00000 0.00000 0.00000 0.00000 0.00000 0.00000 0.00000 0.00000 0.00000 0.00000 0.00000 0.00000 0.00000 0.00000 0.00000 0.00000 0.00000 0.00000 0.00000 0.00000 0.00000 0.00000 0.00000 0.00000 0.00000 0.00000 0.00000 0.00000 0.00000 0.00000 0.00000 0.00000 0.00000 0.00000 0.00000 0.00000 0.00000 0.00000 0.00000 0.00000 0.00000 0.00000 0.00000 0.00000 0.00000 0.00000 0.00000 0.00000 0.00000 0.00000 -0.0000190716 -0.0000391143 0.0000188141 -0.0000166105 -0.0000356234 -0.0000120267 0.0000342121 -0.0000265461 0.0000974458 -0.000128583 0.000242719 -0.000320898 0.000403858 -0.000418626 0.000220526 -0.0000875134 0.000659588 0.0000164117 0.0279419 0.0729322 -0.0106384 -0.0344975 0.0233897 -0.0342100 0.00207798 0.0727118 0.0443952 0.0606722 0.136524 0.0835870 -0.0483516 -0.00995375 0.0259153 -0.0803375 -0.106057 -0.0290683 -0.0358832 -0.0714217 -0.0284943 0.00482809 -0.00373469 0.00263399 0.0306412 0.0347448 0.0245033 0.0332693 0.0305037 0.00786762 0.00487387 0.0143486 0.00229548 -0.0122738 -0.0128650 -0.0132847 -0.0217972 -0.0301042 -0.0306797 -0.0274565 -0.0225010 -0.0152472 -0.00896995 -0.00459994 -0.00112013 0.000736655 0.00177668 0.00143343 0.000860442 0.00270368 0.00325245 0.000131368 -0.00116201 -0.00140040 -0.00513776 -0.00826671 -0.00777747 -0.00854178 -0.00875188 -0.00497655 -0.00184128 -0.00192924 -0.00190387 -0.000563120 -0.000194227 -0.000579833 0.000307401 0.00134254 0.0000455304 -0.00228337 -0.00349179 -0.00296280 -0.00342172 -0.00442804 -0.00359220 -0.00332546 -0.00416435 -0.00396837 -0.00264294 -0.00209789 -0.00169862 -0.000318630 0.0000154609 -0.00145713 -0.00193604 -0.00106035 -0.00104169 -0.00168975 -0.00155414 -0.00169055 -0.00258824 -0.00286925 -0.00298399 -0.00300755 -0.00259947 -0.00242586 -0.00282438 -0.00256943 -0.00139949 -0.000818513 -0.000805268 -0.00113091 -0.000995428 -0.000683362 -0.000843974 -0.00129331 -0.00145282 -0.00199961 -0.00274075 -0.00325909 -0.00310919 -0.00297614 -0.00225507 0.00000 0.00000 0.00000 0.00000 0.00000 0.00000 0.00000 0.00000 0.00000 0.00000 0.00000 0.00000 0.00000 0.00000 0.00000 0.00000 0.00000 0.00000 0.00000 0.00000 0.00000 0.00000 0.00000 0.00000 0.00000 0.00000 0.00000 0.00000 0.00000 0.00000 0.00000 0.00000 0.00000 0.00000 0.00000 0.00000 0.00000 0.00000 0.00000 0.00000 0.00000 0.00000 0.00000 0.00000 0.00000 0.00000 0.00000 0.00000 0.00000 0.00000 0.00000 0.00000 0.00000 0.00000 0.00000 0.00000 0.00000 0.00000 0.00000 0.00000 0.00000 0.00000 0.00000 0.00000 0.00000 0.00000 0.00000 0.00000 0.00000 0.00000 0.00000 0.00000 0.00000 0.00000 0.00000 0.00000 0.00000 0.00000 0.00000 0.00000 0.00000 0.00000 0.00000 0.00000 0.00000 0.00000 0.00000 0.00000 0.00000 0.00000 0.00000 0.00000 0.00000 0.00000 0.00000 0.00000 0.00000 0.00000 0.00000 0.00000 0.00000 0.00000 0.00000 0.00000 0.00000 0.00000 0.00000 0.00000 0.00000 0.00000 0.00000 0.00000 0.00000 0.00000 0.00000 0.00000 0.00000 0.00000 0.00000 0.00000 0.00000 0.00000 0.00000 0.00000 0.00000
-0.000171644 0.000394451 -0.000330014 -0.000258160 0.00101149 -0.00233606 0.00350783 -0.00475394 0.00549887 0.0125429 0.190655 0.0733498 -0.208010 0.0304974 -0.0587451 -0.0570065 0.233737 0.0805681 0.0865543 0.341998 0.181710 -0.247858 -0.0928934 0.109250 -0.230920 -0.292604 -0.0203802 -0.0321234 -0.170915 -0.0254910 0.0762922 -0.00833142 0.00861999 0.0919140 0.0953372 0.0372113 0.0617428 0.0591112 -0.0273358 -0.0445865 0.0234941 0.0190164 -0.0344355 -0.0244770 -0.0200934 -0.0429932 -0.0540246 -0.0543259 -0.0684666 -0.0671589 -0.0319189 -0.000286771 0.0113927 0.0198462 0.0304639 0.0419472 0.0396738 0.0261483 0.0180436 0.0117226 0.00281123 -0.00297684 -0.00294128 -0.0119255 -0.0175428 -0.0138088 -0.0170539 -0.0211767 -0.0146215 -0.0126624 -0.0176503 -0.0131968 -0.00371849 -0.000357009 0.00123418 0.00619543 0.0117659 0.0123979 0.00648639 0.00189542 0.00177527 0.000780756 -0.00407795 -0.00368605 -0.00378732 -0.00881830 -0.00905819 -0.00663261 -0.00751869 -0.00779780 -0.00267102 -0.000144067 -0.00310663 -0.00357759 0.00242332 0.00546617 0.00415862 0.00319708 0.00169444 -0.00104338 -0.00197048 -0.00146561 -0.00405682 -0.00513204 -0.00503257 -0.00689818 -0.00735879 -0.00454315 -0.000863843 0.000551440 -0.000755629 -0.00207282 -0.00132508 -0.00112084 -0.00265935 -0.00167833 -0.00127068 -0.00302735 -0.00280648 -0.00175147 -0.00101841 -0.000212512 0.000835818 0.000171383 -0.000967969 -0.000961039 -0.00119226 -0.00157684 -0.00104959 -0.00118591 -0.00100808 0.00000 0.00000 0.00000 0.00000 0.00000 0.00000 0.00000 0.00000 0.00000 0.00000 0.00000 0.00000 0.00000 0.00000 0.00000 0.00000 0.00000 0.00000 0.00000 0.00000 0.00000 0.00000 0.00000 0.00000 0.00000 0.00000 0.00000 0.00000 0.00000 0.00000 0.00000 0.00000 0.00000 0.00000 0.00000 0.00000 0.00000 0.00000 0.00000 0.00000 0.00000 0.00000 0.00000 0.00000 0.00000 0.00000 0.00000 0.00000 0.00000 0.00000 0.00000 0.00000 0.00000 0.00000 0.00000 0.00000 0.00000 0.00000 0.00000 0.00000 0.00000 0.00000 0.00000 0.00000 0.00000 0.00000 0.00000 0.00000 0.00000 0.00000 0.00000 0.00000 0.00000 0.00000 0.00000 0.00000 0.00000 0.00000 0.00000 0.00000 0.00000 0.00000 0.00000 0.00000 0.00000 0.00000 0.00000 0.00000 0.00000 0.00000 0.00000 0.00000 0.00000 0.00000 0.00000 0.00000 0.00000 0.00000 0.00000 0.00000 0.00000 0.00000 0.00000 0.00000 0.00000 0.00000 0.00000 0.00000 0.00000 0.00000 0.00000 0.00000 0.00000 0.00000 0.00000 0.00000 0.00000 0.00000 0.00000 0.00000 0.00000 0.00000 0.00000 0.00000 0.00000 1.47486e-18 -0.0000741063 0.0000449839 0.0000239974 -0.0000235208 0.000143187 -0.000208417 0.000402935 -0.000623156 0.000720911 -0.000890267 0.000862954 -0.000996747 0.00129829 0.000404353 0.0511492 0.101541 -0.0449344 -0.0428697 0.0316908 -0.0680439 0.0246127 0.113155 0.0486900 0.0971607 0.194427 0.0634355 -0.101770 -0.00215164 0.0101985 -0.155468 -0.139250 -0.0166130 -0.0523859 -0.0894130 -0.00405070 0.0265473 -0.00393187 0.0133144 0.0510800 0.0372116 0.0215026 0.0414523 0.0318674 -0.00304151 -0.000403734 0.0169218 -0.000697613 -0.0169959 -0.0172295 -0.0250694 -0.0374549 -0.0389602 -0.0318992 -0.0265345 -0.0191038 -0.00544991 0.00467016 0.00738088 0.00591182 0.00440870 0.00536859 0.00440945 0.00288921 0.00125603 -0.00108345 -0.00375636 -0.00443977 -0.00512639 -0.0106644 -0.0130448 -0.00974278 -0.00979911 -0.00888391 -0.00423306 -0.00223037 -0.00265943 -0.00120627 0.00157564 0.00228018 0.00174046 0.00218119 0.00273539 0.000926925 -0.00241629 -0.00388813 -0.00339882 -0.00475418 -0.00511474 -0.00299732 -0.00261307 -0.00397905 -0.00325981 -0.00168704 -0.00256881 -0.00277879 -0.00183556 -0.00203086 -0.00356553 -0.00242731 0.000426035 0.000386314 -0.000425063 -0.000931503 -0.00190204 -0.00320794 -0.00320353 -0.00285430 -0.00322682 -0.00245045 -0.00206876 -0.00245605 -0.00192722 -0.000628416 0.000782572 0.000661089 -0.000447008 -0.00127835 -0.00157764 -0.00202013 -0.00288204 -0.00323679 -0.00408449 -0.00450570 -0.00328104 -0.00246551 -0.00213059 -0.00171833 -0.00118266 -0.00117844 -0.00109012 0.00000 0.00000 0.00000 0.00000 0.00000 0.00000 0.00000 0.00000 0.00000 0.00000 0.00000 0.00000 0.00000 0.00000 0.00000 0.00000 0.00000 0.00000 0.00000 0.00000 0.00000 0.00000 0.00000 0.00000 0.00000 0.00000 0.00000 0.00000 0.00000 0.00000 0.00000 0.00000 0.00000 0.00000 0.00000 0.00000 0.00000 0.00000 0.00000 0.00000 0.00000 0.00000 0.00000 0.00000 0.00000 0.00000 0.00000 0.00000 0.00000 0.00000 0.00000 0.00000 0.00000 0.00000 0.00000 0.00000 0.00000 0.00000 0.00000 0.00000 0.00000 0.00000 0.00000 0.00000 0.00000 0.00000 0.00000 0.00000 0.00000 0.00000 0.00000 0.00000 0.00000 0.00000 0.00000 0.00000 0.00000 0.00000 0.00000 0.00000 0.00000 0.00000 0.00000 0.00000 0.00000 0.00000 0.00000 0.00000 0.00000 0.00000 0.00000 0.00000 0.00000 0.00000 0.00000 0.00000 0.00000 0.00000 0.00000 0.00000 0.00000 0.00000 0.00000 0.00000 0.00000 0.00000 0.00000 0.00000 0.00000 0.00000 0.00000 0.00000 0.00000 0.00000 0.00000 0.00000 0.00000 0.00000 0.00000 0.00000 0.00000 0.00000 0.00000 0.00000 0.00000
rate 96000 directions 24 taps 512
0.0000953580 -0.000141641 -0.000126726 0.000264046 0.000387639 -0.000138776 -0.000486453 0.000126263 0.000759400 0.0000687900 -0.00101723 -0.000403187 0.00121986 0.000831320 -0.00146102 -0.00159055 0.00138329 0.00235066 -0.00116023 -0.00301719 0.00106708 0.00345286 -0.000541464 0.00920732 0.0597610 0.132693 0.153987 0.0702799 -0.0683822 -0.139806 -0.0829185 0.0252052 0.0551730 -0.0226142 -0.105355 -0.0821560 0.0398016 0.152299 0.168919 0.104668 0.0420734 0.0477592 0.126414 0.227265 0.274989 0.213247 0.0526859 -0.116373 -0.183040 -0.111327 0.0210185 0.0878251 0.0239813 -0.124875 -0.250285 -0.271118 -0.187461 -0.0680356 0.00534168 -0.00595271 -0.0747607 -0.133167 -0.127683 -0.0605991 0.0179339 0.0573458 0.0469471 0.0147614 -0.00428098 0.00494915 0.0349291 0.0672129 0.0841582 0.0775007 0.0538993 0.0316819 0.0264902 0.0374856 0.0488328 0.0451156 0.0244653 -0.00176916 -0.0187601 -0.0178374 -0.00157173 0.0170860 0.0230001 0.0105933 -0.0114316 -0.0283490 -0.0324357 -0.0273021 -0.0212583 -0.0195179 -0.0228199 -0.0299972 -0.0391333 -0.0472751 -0.0514573 -0.0508334 -0.0472734 -0.0434177 -0.0401312 -0.0359104 -0.0287603 -0.0186712 -0.00829394 -0.00101386 0.00189841 0.00218353 0.00272720 0.00524814 0.00984590 0.0158199 0.0219864 0.0264942 0.0275400 0.0249431 0.0205418 0.0166260 0.0142395 0.0129966 0.0119084 0.0100072 0.00664163 0.00201321 -0.00241493 -0.00481828 -0.00483943 -0.00428768 -0.00555287 -0.00921198 -0.0133916 -0.0156144 -0.0151283 -0.0134119 -0.0126532 -0.0138342 -0.0160672 -0.0175123 -0.0169265 -0.0145760 -0.0119202 -0.0104397 -0.0105593 -0.0113890 -0.0113921 -0.00953668 -0.00611720 -0.00250760 0.00000442106 0.00118896 0.00175044 0.00247783 0.00373489 0.00557721 0.00782532 0.00983247 0.0105867 0.00946431 0.00685617 0.00385000 0.00137576 -0.000168804 -0.000708018 -0.000437102 -0.0000706322 -0.000616586 -0.00243835 -0.00466501 -0.00593996 -0.00581079 -0.00514548 -0.00511686 -0.00600986 -0.00711062 -0.00753154 -0.00693374 -0.00560565 -0.00415764 -0.00318706 -0.00297736 -0.00329413 -0.00349100 -0.00297026 -0.00169032 -0.000305853 0.000213403 -0.000703112 -0.00266053 -0.00440980 -0.00471970 -0.00333480 -0.00112681 0.000689180 0.00145758 0.00130882 0.000775259 0.000366217 0.000347073 0.000601397 0.000639811 -0.0000141012 -0.00127044 -0.00242003 -0.00280653 -0.00250936 -0.00221986 -0.00246590 -0.00310945 -0.00362263 -0.00370009 -0.00350538 -0.00342131 -0.00368104 -0.00419749 -0.00462005 -0.00453899 -0.00374114 -0.00236375 -0.000813202 0.000481124 0.00125289 0.00141736 0.00103055 0.000299105 -0.000429849 -0.000821037 -0.000794868 -0.000635545 -0.000806071 -0.00156800 -0.00271553 -0.00368878 -0.00401481 -0.00369737 -0.00318895 -0.00297712 -0.00318990 -0.00355918 -0.00369361 -0.00337560 -0.00268221 -0.00190629 -0.00134047 -0.00106051 -0.000900938 -0.000677263 -0.000417637 -0.000318958 -0.000488686 -0.000810957 -0.00107742 -0.00116460 -0.00106424 -0.000854672 -0.000709607 -0.000812460 -0.00112400 -0.00130658 -0.00104860 -0.000457521 0.00000 0.00000 0.00000 0.00000 0.00000 0.00000 0.00000 0.00000 0.00000 0.00000 0.00000 0.00000 0.00000 0.00000 0.00000 0.00000 0.00000 0.00000 0.00000 0.00000 0.00000 0.00000 0.00000 0.00000 0.00000 0.00000 0.00000 0.00000 0.00000 0.00000 0.00000 0.00000 0.00000 0.00000 0.00000 0.00000 0.00000 0.00000 0.00000 0.00000 0.00000 0.00000 0.00000 0.00000 0.00000 0.00000 0.00000 0.00000 0.00000 0.00000 0.00000 0.00000 0.00000 0.00000 0.00000 0.00000 0.00000 0.00000 0.00000 0.00000 0.00000 0.00000 0.00000 0.00000 0.00000 0.00000 0.00000 0.00000 0.00000 0.00000 0.00000 0.00000 0.00000 0.00000 0.00000 0.00000 0.00000 0.00000 0.00000 0.00000 0.00000 0.00000 0.00000 0.00000 0.00000 0.00000 0.00000 0.00000 0.00000 0.00000 0.00000 0.00000 0.00000 0.00000 0.00000 0.00000 0.00000 0.00000 0.00000 0.00000 0.00000 0.00000 0.00000 0.00000 0.00000 0.00000 0.00000 0.00000 0.00000 0.00000 0.00000 0.00000 0.00000 0.00000 0.00000 0.00000 0.00000 0.00000 0.00000 0.00000 0.00000 0.00000 0.00000 0.00000 0.00000 0.00000 0.00000 0.00000 0.00000 0.00000 0.00000 0.00000 0.00000 0.00000 0.00000 0.00000 0.00000 0.00000 0.00000 0.00000 0.00000 0.00000 0.00000 0.00000 0.00000 0.00000 0.00000 0.00000 0.00000 0.00000 0.00000 0.00000 0.00000 0.00000 0.00000 0.00000 0.00000 0.00000 0.00000 0.00000 0.00000 0.00000 0.00000 0.00000 0.00000 0.00000 0.00000 0.00000 0.00000 0.00000 0.00000 0.00000 0.00000 0.00000 0.00000 0.00000 0.00000 0.00000 0.00000 0.00000 0.00000 0.00000 0.00000 0.00000 0.00000 0.00000 0.00000 0.00000 0.00000 0.00000 0.00000 0.00000 0.00000 0.00000 0.00000 0.00000 0.00000 0.00000 0.00000 0.00000 0.00000 0.00000 0.00000 0.00000 0.00000 0.00000 0.00000 0.00000 0.00000 0.00000 0.00000 0.00000 0.00000 0.00000 0.00000 0.00000 0.00000 0.00000 0.00000 0.00000 0.00000 0.00000 0.00000 0.00000 0.00000 0.00000 0.00000 0.00000 0.00000 0.00000 0.00000 0.00000 0.00000 0.00000 0.00000 0.00000 0.00000 0.00000 0.00000 0.00000 0.00000 0.00000 0.00000 0.00000 0.00000 0.00000 0.00000 0.00000 0.00000 0.00000 0.0000953580 -0.000141641 -0.000126726 0.000264046 0.000387639 -0.000138776 -0.000486453 0.000126263 0.000759400 0.0000687900 -0.00101723 -0.000403187 0.00121986 0.000831320 -0.00146102 -0.00159055 0.00138329 0.00235066 -0.00116023 -0.00301719 0.00106708 0.00345286 -0.000541464 0.00920732 0.0597610 0.132693 0.153987 0.0702799 -0.0683822 -0.139806 -0.0829185 0.0252052 0.0551730 -0.0226142 -0.105355 -0.0821560 0.0398016 0.152299 0.168919 0.104668 0.0420734 0.0477592 0.126414 0.227265 0.274989 0.213247 0.0526859 -0.116373 -0.183040 -0.111327 0.0210185 0.0878251 0.0239813 -0.124875 -0.250285 -0.271118 -0.187461 -0.0680356 0.00534168 -0.00595271 -0.0747607 -0.133167 -0.127683 -0.0605991 0.0179339 0.0573458 0.0469471 0.0147614 -0.00428098 0.00494915 0.0349291 0.0672129 0.0841582 0.0775007 0.0538993 0.0316819 0.0264902 0.0374856 0.0488328 0.0451156 0.0244653 -0.00176916 -0.0187601 -0.0178374 -0.00157173 0.0170860 0.0230001 0.0105933 -0.0114316 -0.0283490 -0.0324357 -0.0273021 -0.0212583 -0.0195179 -0.0228199 -0.0299972 -0.0391333 -0.0472751 -0.0514573 -0.0508334 -0.0472734 -0.0434177 -0.0401312 -0.0359104 -0.0287603 -0.0186712 -0.00829394 -0.00101386 0.00189841 0.00218353 0.00272720 0.00524814 0.00984590 0.0158199 0.0219864 0.0264942 0.0275400 0.0249431 0.0205418 0.0166260 0.0142395 0.0129966 0.0119084 0.0100072 0.00664163 0.00201321 -0.00241493 -0.00481828 -0.00483943 -0.00428768 -0.00555287 -0.00921198 -0.0133916 -0.0156144 -0.0151283 -0.0134119 -0.0126532 -0.0138342 -0.0160672 -0.0175123 -0.0169265 -0.0145760 -0.0119202 -0.0104397 -0.0105593 -0.0113890 -0.0113921 -0.00953668 -0.00611720 -0.00250760 0.00000442106 0.00118896 0.00175044 0.00247783 0.00373489 0.00557721 0.00782532 0.00983247 0.0105867 0.00946431 0.00685617 0.00385000 0.00137576 -0.000168804 -0.000708018 -0.000437102 -0.0000706322 -0.000616586 -0.00243835 -0.00466501 -0.00593996 -0.00581079 -0.00514548 -0.00511686 -0.00600986 -0.00711062 -0.00753154 -0.00693374 -0.00560565 -0.00415764 -0.00318706 -0.00297736 -0.00329413 -0.00349100 -0.00297026 -0.00169032 -0.000305853 0.000213403 -0.000703112 -0.00266053 -0.00440980 -0.00471970 -0.00333480 -0.00112681 0.000689180 0.00145758 0.00130882 0.000775259 0.000366217 0.000347073 0.000601397 0.000639811 -0.0000141012 -0.00127044 -0.00242003 -0.00280653 -0.00250936 -0.00221986 -0.00246590 -0.00310945 -0.00362263 -0.00370009 -0.00350538 -0.00342131 -0.00368104 -0.00419749 -0.00462005 -0.00453899 -0.00374114 -0.00236375 -0.000813202 0.000481124 0.00125289 0.00141736 0.00103055 0.000299105 -0.000429849 -0.000821037 -0.000794868 -0.000635545 -0.000806071 -0.00156800 -0.00271553 -0.00368878 -0.00401481 -0.00369737 -0.00318895 -0.00297712 -0.00318990 -0.00355918 -0.00369361 -0.00337560 -0.00268221 -0.00190629 -0.00134047 -0.00106051 -0.000900938 -0.000677263 -0.000417637 -0.000318958 -0.000488686 -0.000810957 -0.00107742 -0.00116460 -0.00106424 -0.000854672 -0.000709607 -0.000812460 -0.00112400 -0.00130658 -0.00104860 -0.000457521 0.00000 0.00000 0.00000 0.00000 0.00000 0.00000 0.00000 0.00000 0.00000 0.00000 0.00000 0.00000 0.00000 0.00000 0.00000 0.00000 0.00000 0.00000 0.00000 0.00000 0.00000 0.00000 0.00000 0.00000 0.00000 0.00000 0.00000 0.00000 0.00000 0.00000 0.00000 0.00000 0.00000 0.00000 0.00000 0.00000 0.00000 0.00000 0.00000 0.00000 0.00000 0.00000 0.00000 0.00000 0.00000 0.00000 0.00000 0.00000 0.00000 0.00000 0.00000 0.00000 0.00000 0.00000 0.00000 0.00000 0.00000 0.00000 0.00000 0.00000 0.00000 0.00000 0.00000 0.00000 0.00000 0.00000 0.00000 0.00000 0.00000 0.00000 0.00000 0.00000 0.00000 0.00000 0.00000 0.00000 0.00000 0.00000 0.00000 0.00000 0.00000 0.00000 0.00000 0.00000 0.00000 0.00000 0.00000 0.00000 0.00000 0.00000 0.00000 0.00000 0.00000 0.00000 0.00000 0.00000 0.00000 0.00000 0.00000 0.00000 0.00000 0.00000 0.00000 0.00000 0.00000 0.00000 0.00000 0.00000 0.00000 0.00000 0.00000 0.00000 0.00000 0.00000 0.00000 0.00000 0.00000 0.00000 0.00000 0.00000 0.00000 0.00000 0.00000 0.00000 0.00000 0.00000 0.00000 0.00000 0.00000 0.00000 0.00000 0.00000 0.00000 0.00000 0.00000 0.00000 0.00000 0.00000 0.00000 0.00000 0.00000 0.00000 0.00000 0.00000 0.00000 0.00000 0.00000 0.00000 0.00000 0.00000 0.00000 0.00000 0.00000 0.00000 0.00000 0.00000 0.00000 0.00000 0.00000 0.00000 0.00000 0.00000 0.00000 0.00000 0.00000 0.00000 0.00000 0.00000 0.00000 0.00000 0.00000 0.00000 0.00000 0.00000 0.00000 0.00000 0.00000 0.00000 0.00000 0.00000 0.00000 0.00000 0.00000 0.00000 0.00000 0.00000 0.00000 0.00000 0.00000 0.00000 0.00000 0.00000 0.00000 0.00000 0.00000 0.00000 0.00000 0.00000 0.00000 0.00000 0.00000 0.00000 0.00000 0.00000 0.00000 0.00000 0.00000 0.00000 0.00000 0.00000 0.00000 0.00000 0.00000 0.00000 0.00000 0.00000 0.00000 0.00000 0.00000 0.00000 0.00000 0.00000 0.00000 0.00000 0.00000 0.00000 0.00000 0.00000 0.00000 0.00000 0.00000 0.00000 0.00000 0.00000 0.00000 0.00000 0.00000 0.00000 0.00000 0.00000 0.00000 0.00000 0.00000 0.00000 0.00000 0.00000 0.00000 0.00000 0.00000 0.00000
1.47486e-18 -0.0000191667 -0.0000741063 -0.0000696715 0.0000449839 0.000125579 0.0000239974 -0.000115084 -0.0000235208 0.000197872 0.000143187 -0.000181149 -0.000208417 0.000230319 0.000402935 -0.000162095 -0.000623156 -0.0000576155 0.000720911 0.000242016 -0.000890267 -0.000607142 0.000862954 0.000819769 -0.000996747 -0.00109411 0.00129829 0.00155338 0.000404353 0.0127375 0.0511492 0.0965441 0.101541 0.0411532 -0.0449344 -0.0823814 -0.0428697 0.0202996 0.0316908 -0.0192742 -0.0680439 -0.0511355 0.0246127 0.0960172 0.113155 0.0824405 0.0486900 0.0511989 0.0971607 0.160217 0.194427 0.161471 0.0634355 -0.0470945 -0.101770 -0.0735882 -0.00215164 0.0402848 0.0101985 -0.0746990 -0.155468 -0.180084 -0.139250 -0.0678630 -0.0166130 -0.0151450 -0.0523859 -0.0886128 -0.0894130 -0.0523358 -0.00405070 0.0256186 0.0265473 0.0102725 -0.00393187 -0.00317589 0.0133144 0.0359146 0.0510800 0.0504300 0.0372116 0.0238724 0.0215026 0.0305765 0.0414523 0.0431531 0.0318674 0.0129971 -0.00304151 -0.00776331 -0.000403734 0.0113034 0.0169218 0.0115934 -0.000697613 -0.0118403 -0.0169959 -0.0173765 -0.0172295 -0.0196627 -0.0250694 -0.0318161 -0.0374549 -0.0399826 -0.0389602 -0.0356424 -0.0318992 -0.0289038 -0.0265345 -0.0236672 -0.0191038 -0.0126381 -0.00544991 0.000672737 0.00467016 0.00670049 0.00738088 0.00702835 0.00591182 0.00476431 0.00440870 0.00488194 0.00536859 0.00517342 0.00440945 0.00358219 0.00288921 0.00216481 0.00125603 0.000167591 -0.00108345 -0.00247767 -0.00375636 -0.00446066 -0.00443977 -0.00429993 -0.00512639 -0.00749716 -0.0106644 -0.0129219 -0.0130448 -0.0114355 -0.00974278 -0.00926927 -0.00979911 -0.0100091 -0.00888391 -0.00661019 -0.00423306 -0.00269291 -0.00223037 -0.00244438 -0.00265943 -0.00230153 -0.00120627 0.000284952 0.00157564 0.00224366 0.00228018 0.00198846 0.00174046 0.00179609 0.00218119 0.00263437 0.00273539 0.00217332 0.000926925 -0.000749443 -0.00241629 -0.00356550 -0.00388813 -0.00360134 -0.00339882 -0.00383993 -0.00475418 -0.00537610 -0.00511474 -0.00410049 -0.00299732 -0.00242894 -0.00261307 -0.00331667 -0.00397905 -0.00401177 -0.00325981 -0.00222924 -0.00168704 -0.00193770 -0.00256881 -0.00293707 -0.00277879 -0.00229557 -0.00183556 -0.00168369 -0.00203086 -0.00282398 -0.00356553 -0.00353014 -0.00242731 -0.000796597 0.000426035 0.000739541 0.000386314 -0.0000953637 -0.000425063 -0.000657432 -0.000931503 -0.00133062 -0.00190204 -0.00260421 -0.00320794 -0.00341974 -0.00320353 -0.00289114 -0.00285430 -0.00308934 -0.00322682 -0.00297168 -0.00245045 -0.00206825 -0.00206876 -0.00230867 -0.00245605 -0.00231971 -0.00192722 -0.00135520 -0.000628416 0.000166765 0.000782572 0.000957250 0.000661089 0.000113115 -0.000447008 -0.000919112 -0.00127835 -0.00148935 -0.00157764 -0.00170193 -0.00202013 -0.00248603 -0.00288204 -0.00308669 -0.00323679 -0.00356327 -0.00408449 -0.00451409 -0.00450570 -0.00399560 -0.00328104 -0.00273439 -0.00246551 -0.00231471 -0.00213059 -0.00192153 -0.00171833 -0.00146745 -0.00118266 -0.00105046 -0.00117844 -0.00131835 -0.00109012 -0.000495509 0.00000 0.00000 0.00000 0.00000 0.00000 0.00000 0.00000 0.00000 0.00000 0.00000 0.00000 0.00000 0.00000 0.00000 0.00000 0.00000 0.00000 0.00000 0.00000 0.00000 0.00000 0.00000 0.00000 0.00000 0.00000 0.00000 0.00000 0.00000 0.00000 0.00000 0.00000 0.00000 0.00000 0.00000 0.00000 0.00000 0.00000 0.00000 0.00000 0.00000 0.00000 0.00000 0.00000 0.00000 0.00000 0.00000 0.00000 0.00000 0.00000 0.00000 0.00000 0.00000 0.00000 0.00000 0.00000 0.00000 0.00000 0.00000 0.00000 0.00000 0.00000 0.00000 0.00000 0.00000 0.00000 0.00000 0.00000 0.00000 0.00000 0.00000 0.00000 0.00000 0.00000 0.00000 0.00000 0.00000 0.00000 0.00000 0.00000 0.00000 0.00000 0.00000 0.00000 0.00000 0.00000 0.00000 0.00000 0.00000 0.00000 0.00000 0.00000 0.00000 0.00000 0.00000 0.00000 0.00000 0.00000 0.00000 0.00000 0.00000 0.00000 0.00000 0.00000 0.00000 0.00000 0.00000 0.00000 0.00000 0.00000 0.00000 0.00000 0.00000 0.00000 0.00000 0.00000 0.00000 0.00000 0.00000 0.00000 0.00000 0.00000 0.00000 0.00000 0.00000 0.00000 0.00000 0.00000 0.00000 0.00000 0.00000 0.00000 0.00000 0.00000 0.00000 0.00000 0.00000 0.00000 0.00000 0.00000 0.00000 0.00000 0.00000 0.00000 0.00000 0.00000 0.00000 0.00000 0.00000 0.00000 0.00000 0.00000 0.00000 0.00000 0.00000 0.00000 0.00000 0.00000 0.00000 0.00000 0.00000 0.00000 0.00000 0.00000 0.00000 0.00000 0.00000 0.00000 0.00000 0.00000 0.00000 0.00000 0.00000 0.00000 0.00000 0.00000 0.00000 0.00000 0.00000 0.00000 0.00000 0.00000 0.00000 0.00000 0.00000 0.00000 0.00000 0.00000 0.00000 0.00000 0.00000 0.00000 0.00000 0.00000 0.00000 0.00000 0.00000 0.00000 0.00000 0.00000 0.00000 0.00000 0.00000 0.00000 0.00000 0.00000 0.00000 0.00000 0.00000 0.00000 0.00000 0.00000 0.00000 0.00000 0.00000 0.00000 0.00000 0.00000 0.00000 0.00000 0.00000 0.00000 0.00000 0.00000 0.00000 0.00000 0.00000 0.00000 0.00000 0.00000 0.00000 0.00000 0.00000 0.00000 0.00000 0.00000 0.00000 0.00000 0.00000 0.00000 0.00000 0.00000 0.00000 0.00000 0.00000 0.00000 0.00000 0.00000 0.00000 0.00000 0.00000 -0.000171644 -0.000609442 0.000394451 0.00113606 -0.000330014 -0.00187343 -0.000258160 0.00237141 0.00101149 -0.00289625 -0.00233606 0.00281039 0.00350783 -0.00270549 -0.00475394 0.00263820 0.00549887 -0.00225774 0.0125429 0.0884233 0.190655 0.207833 0.0733498 -0.123962 -0.208010 -0.113311 0.0304974 0.0509444 -0.0587451 -0.136967 -0.0570065 0.122087 0.233737 0.195046 0.0805681 0.0236031 0.0865543 0.226276 0.341998 0.338549 0.181710 -0.0624074 -0.247858 -0.253003 -0.0928934 0.0805476 0.109250 -0.0333602 -0.230920 -0.336927 -0.292604 -0.151855 -0.0203802 0.0224199 -0.0321234 -0.124392 -0.170915 -0.127737 -0.0254910 0.0598507 0.0762922 0.0361973 -0.00833142 -0.0182892 0.00861999 0.0526554 0.0919140 0.108840 0.0953372 0.0624013 0.0372113 0.0396721 0.0617428 0.0751584 0.0591112 0.0175191 -0.0273358 -0.0519163 -0.0445865 -0.0118653 0.0234941 0.0364109 0.0190164 -0.0127231 -0.0344355 -0.0354085 -0.0244770 -0.0169472 -0.0200934 -0.0309768 -0.0429932 -0.0512307 -0.0540246 -0.0534399 -0.0543259 -0.0600886 -0.0684666 -0.0726729 -0.0671589 -0.0519238 -0.0319189 -0.0133763 -0.000286771 0.00711655 0.0113927 0.0152916 0.0198462 0.0248710 0.0304639 0.0366871 0.0419472 0.0433782 0.0396738 0.0328043 0.0261483 0.0214012 0.0180436 0.0150348 0.0117226 0.00761587 0.00281123 -0.00128658 -0.00297684 -0.00260569 -0.00294128 -0.00632943 -0.0119255 -0.0164650 -0.0175428 -0.0157400 -0.0138088 -0.0141825 -0.0170539 -0.0202947 -0.0211767 -0.0187016 -0.0146215 -0.0120253 -0.0126624 -0.0154789 -0.0176503 -0.0169366 -0.0131968 -0.00809694 -0.00371849 -0.00122736 -0.000357009 0.0000956771 0.00123418 0.00337701 0.00619543 0.00919039 0.0117659 0.0130779 0.0123979 0.00984227 0.00648639 0.00359923 0.00189542 0.00144016 0.00177527 0.00191443 0.000780756 -0.00169314 -0.00407795 -0.00472801 -0.00368605 -0.00281112 -0.00378732 -0.00636568 -0.00881830 -0.00973824 -0.00905819 -0.00767152 -0.00663261 -0.00661705 -0.00751869 -0.00832834 -0.00779780 -0.00558433 -0.00267102 -0.000559872 -0.000144067 -0.00129715 -0.00310663 -0.00425138 -0.00357759 -0.000944837 0.00242332 0.00482027 0.00546617 0.00491773 0.00415862 0.00363055 0.00319708 0.00260819 0.00169444 0.000391427 -0.00104338 -0.00197555 -0.00197048 -0.00145809 -0.00146561 -0.00252287 -0.00405682 -0.00504815 -0.00513204 -0.00486858 -0.00503257 -0.00584902 -0.00689818 -0.00754442 -0.00735879 -0.00627610 -0.00454315 -0.00258516 -0.000863843 0.000244990 0.000551440 0.000116884 -0.000755629 -0.00162401 -0.00207282 -0.00190721 -0.00132508 -0.000888189 -0.00112084 -0.00195614 -0.00265935 -0.00252350 -0.00167833 -0.00102330 -0.00127068 -0.00220961 -0.00302735 -0.00318993 -0.00280648 -0.00225384 -0.00175147 -0.00134308 -0.00101841 -0.000690455 -0.000212512 0.000399277 0.000835818 0.000755731 0.000171383 -0.000533338 -0.000967969 -0.00104494 -0.000961039 -0.000974235 -0.00119226 -0.00148209 -0.00157684 -0.00136033 -0.00104959 -0.000981284 -0.00118591 -0.00130283 -0.00100808 -0.000425123 0.00000 0.00000 0.00000 0.00000 0.00000 0.00000 0.00000 0.00000 0.00000 0.00000 0.00000 0.00000 0.00000 0.00000 0.00000 0.00000 0.00000 0.00000 0.00000 0.00000 0.00000 0.00000 0.00000 0.00000 0.00000 0.00000 0.00000 0.00000 0.00000 0.00000 0.00000 0.00000 0.00000 0.00000 0.00000 0.00000 0.00000 0.00000 0.00000 0.00000 0.00000 0.00000 0.00000 0.00000 0.00000 0.00000 0.00000 0.00000 0.00000 0.00000 0.00000 0.00000 0.00000 0.00000 0.00000 0.00000 0.00000 0.00000 0.00000 0.00000 0.00000 0.00000 0.00000 0.00000 0.00000 0.00000 0.00000 0.00000 0.00000 0.00000 0.00000 0.00000 0.00000 0.00000 0.00000 0.00000 0.00000 0.00000 0.00000 0.00000 0.00000 0.00000 0.00000 0.00000 0.00000 0.00000 0.00000 0.00000 0.00000 0.00000 0.00000 0.00000 0.00000 0.00000 0.00000 0.00000 0.00000 0.00000 0.00000 0.00000 0.00000 0.00000 0.00000 0.00000 0.00000 0.00000 0.00000 0.00000 0.00000 0.00000 0.00000 0.00000 0.00000 0.00000 0.00000 0.00000 0.00000 0.00000 0.00000 0.00000 0.00000 0.00000 0.00000 0.00000 0.00000 0.00000 0.00000 0.00000 0.00000 0.00000 0.00000 0.00000 0.00000 0.00000 0.00000 0.00000 0.00000 0.00000 0.00000 0.00000 0.00000 0.00000 0.00000 0.00000 0.00000 0.00000 0.00000 0.00000 0.00000 0.00000 0.00000 0.00000 0.00000 0.00000 0.00000 0.00000 0.00000 0.00000 0.00000 0.00000 0.00000 0.00000 0.00000 0.00000 0.00000 0.00000 0.00000 0.00000 0.00000 0.00000 0.00000 0.00000 0.00000 0.00000 0.00000 0.00000 0.00000 0.00000 0.00000 0.00000 0.00000 0.00000 0.00000 0.00000 0.00000 0.00000 0.00000 0.00000 0.00000 0.00000 0.00000 0.00000 0.00000 0.00000 0.00000 0.00000 0.00000 0.00000 0.00000 0.00000 0.00000 0.00000 0.00000 0.00000 0.00000 0.00000 0.00000 0.00000 0.00000 0.00000 0.00000 0.00000 0.00000 0.00000 0.00000 0.00000 0.00000 0.00000 0.00000 0.00000 0.00000 0.00000 0.00000 0.00000 0.00000 0.00000 0.00000 0.00000 0.00000 0.00000 0.00000 0.00000 0.00000 0.00000 0.00000 0.00000 0.00000 0.00000 0.00000 0.00000 0.00000 0.00000 0.00000 0.00000 0.00000 0.00000 0.00000 0.00000 0.00000 0.00000
-0.0000190716 -0.0000436748 -0.0000391143 -0.00000481681 0.0000188141 0.00000732719 -0.0000166105 -0.0000269712 -0.0000356234 -0.0000417313 -0.0000120267 0.0000384610 0.0000342121 -0.0000274754 -0.0000265461 0.0000728144 0.0000974458 -0.0000487876 -0.000128583 0.0000654185 0.000242719 0.0000163493 -0.000320898 -0.000125405 0.000403858 0.000322564 -0.000418626 -0.000597903 0.000220526 0.000657969 -0.0000875134 -0.000435471 0.000659588 0.000986808 0.0000164117 0.00571471 0.0279419 0.0597690 0.0729322 0.0445424 -0.0106384 -0.0468111 -0.0344975 0.00509319 0.0233897 0.000272549 -0.0342100 -0.0364765 0.00207798 0.0500513 0.0727118 0.0639490 0.0443952 0.0392333 0.0606722 0.101537 0.136524 0.134664 0.0835870 0.00694116 -0.0483516 -0.0502716 -0.00995375 0.0284136 0.0259153 -0.0206574 -0.0803375 -0.114746 -0.106057 -0.0670361 -0.0290683 -0.0180468 -0.0358832 -0.0617752 -0.0714217 -0.0566148 -0.0284943 -0.00473439 0.00482809 0.00227060 -0.00373469 -0.00488466 0.00263399 0.0167393 0.0306412 0.0372654 0.0347448 0.0280405 0.0245033 0.0273631 0.0332693 0.0356836 0.0305037 0.0192424 0.00786762 0.00249257 0.00487387 0.0110222 0.0143486 0.0109409 0.00229548 -0.00674256 -0.0122738 -0.0136917 -0.0128650 -0.0121712 -0.0132847 -0.0167440 -0.0217972 -0.0267717 -0.0301042 -0.0312453 -0.0306797 -0.0292457 -0.0274565 -0.0252959 -0.0225010 -0.0190221 -0.0152472 -0.0117818 -0.00896995 -0.00667758 -0.00459994 -0.00268186 -0.00112013 -0.0000265401 0.000736655 0.00135168 0.00177668 0.00181602 0.00143343 0.000938425 0.000860442 0.00153781 0.00270368 0.00353009 0.00325245 0.00185227 0.000131368 -0.000969427 -0.00116201 -0.00100335 -0.00140040 -0.00287960 -0.00513776 -0.00722311 -0.00826671 -0.00819769 -0.00777747 -0.00785477 -0.00854178 -0.00912426 -0.00875188 -0.00718959 -0.00497655 -0.00298381 -0.00184128 -0.00162906 -0.00192924 -0.00214621 -0.00190387 -0.00125585 -0.000563120 -0.000176150 -0.000194227 -0.000438370 -0.000579833 -0.000337756 0.000307401 0.00102740 0.00134254 0.000980466 0.0000455304 -0.00114261 -0.00228337 -0.00313568 -0.00349179 -0.00332398 -0.00296280 -0.00292392 -0.00342172 -0.00411185 -0.00442804 -0.00415215 -0.00359220 -0.00323599 -0.00332546 -0.00374115 -0.00416435 -0.00428721 -0.00396837 -0.00331797 -0.00264294 -0.00222626 -0.00209789 -0.00201838 -0.00169862 -0.00105889 -0.000318630 0.000135685 0.0000154609 -0.000641409 -0.00145713 -0.00196445 -0.00193604 -0.00151520 -0.00106035 -0.000875897 -0.00104169 -0.00140305 -0.00168975 -0.00171772 -0.00155414 -0.00147257 -0.00169055 -0.00214981 -0.00258824 -0.00281575 -0.00286925 -0.00290175 -0.00298399 -0.00305155 -0.00300755 -0.00283203 -0.00259947 -0.00243015 -0.00242586 -0.00260006 -0.00282438 -0.00286875 -0.00256943 -0.00199360 -0.00139949 -0.00100247 -0.000818513 -0.000760966 -0.000805268 -0.000960236 -0.00113091 -0.00115483 -0.000995428 -0.000790407 -0.000683362 -0.000707051 -0.000843974 -0.00106931 -0.00129331 -0.00140613 -0.00145282 -0.00162582 -0.00199961 -0.00241837 -0.00274075 -0.00301317 -0.00325909 -0.00331382 -0.00310919 -0.00292052 -0.00297614 -0.00294319 -0.00225507 -0.000985786 0.00000 0.00000 0.00000 0.00000 0.00000 0.00000 0.00000 0.00000 0.00000 0.00000 0.00000 0.00000 0.00000 0.00000 0.00000 0.00000 0.00000 0.00000 0.00000 0.00000 0.00000 0.00000 0.00000 0.00000 0.00000 0.00000 0.00000 0.00000 0.00000 0.00000 0.00000 0.00000 0.00000 0.00000 0.00000 0.00000 0.00000 0.00000 0.00000 0.00000 0.00000 0.00000 0.00000 0.00000 0.00000 0.00000 0.00000 0.00000 0.00000 0.00000 0.00000 0.00000 0.00000 0.00000 0.00000 0.00000 0.00000 0.00000 0.00000 0.00000 0.00000 0.00000 0.00000 0.00000 0.00000 0.00000 0.00000 0.00000 0.00000 0.00000 0.00000 0.00000 0.00000 0.00000 0.00000 0.00000 0.00000 0.00000 0.00000 0.00000 0.00000 0.00000 0.00000 0.00000 0.00000 0.00000 0.00000 0.00000 0.00000 0.00000 0.00000 0.00000 0.00000 0.00000 0.00000 0.00000 0.00000 0.00000 0.00000 0.00000 0.00000 0.00000 0.00000 0.00000 0.00000 0.00000 0.00000 0.00000 0.00000 0.00000 0.00000 0.00000 0.00000 0.00000 0.00000 0.00000 0.00000 0.00000 0.00000 0.00000 0.00000 0.00000 0.00000 0.00000 0.00000 0.00000 0.00000 0.00000 0.00000 0.00000 0.00000 0.00000 0.00000 0.00000 0.00000 0.00000 0.00000 0.00000 0.00000 0.00000 0.00000 0.00000 0.00000 0.00000 0.00000 0.00000 0.00000 0.00000 0.00000 0.00000 0.00000 0.00000 0.00000 0.00000 0.00000 0.00000 0.00000 0.00000 0.00000 0.00000 0.00000 0.00000 0.00000 0.00000 0.00000 0.00000 0.00000 0.00000 0.00000 0.00000 0.00000 0.00000 0.00000 0.00000 0.00000 0.00000 0.00000 0.00000 0.00000 0.00000 0.00000 0.00000 0.00000 0.00000 0.00000 0.00000 0.00000 0.00000 0.00000 0.00000 0.00000 0.00000 0.00000 0.00000 0.00000 0.00000 0.00000 0.00000 0.00000 0.00000 0.00000 0.00000 0.00000 0.00000 0.00000 0.00000 0.00000 0.00000 0.00000 0.00000 0.00000 0.00000 0.00000 0.00000 0.00000 0.00000 0.00000 0.00000 0.00000 0.00000 0.00000 0.00000 0.00000 0.00000 0.00000 0.00000 0.00000 0.00000 0.00000 0.00000 0.00000 0.00000 0.00000 0.00000 0.00000 0.00000 0.00000 0.00000 0.00000 0.00000 0.00000 0.00000 0.00000 0.00000 0.00000 0.00000 0.00000 0.00000 0.00000 0.00000 -0.00123965 -0.000603812 0.00154503 0.00141943 -0.00192975 -0.00302551 0.00120108 0.00401993 -0.000636981 -0.00523954 -0.0000251980 0.00624593 -0.000419724 0.0000298750 0.0559971 0.169930 0.250154 0.187018 -0.0100212 -0.192150 -0.221363 -0.119373 -0.0279801 -0.0304378 -0.0618806 -0.0152803 0.107013 0.194382 0.170244 0.0874156 0.0652718 0.158087 0.305010 0.392389 0.343847 0.165564 -0.0591511 -0.212946 -0.217920 -0.100759 0.0181579 0.0244363 -0.0904922 -0.231536 -0.296913 -0.262326 -0.176073 -0.0982353 -0.0602335 -0.0651083 -0.0958791 -0.118031 -0.0969235 -0.0311336 0.0378821 0.0632641 0.0396454 0.00479152 -0.00275999 0.0225486 0.0602748 0.0896296 0.100631 0.0909792 0.0661358 0.0413508 0.0321779 0.0387663 0.0449167 0.0356171 0.0120233 -0.0119978 -0.0233043 -0.0173099 0.00183041 0.0231450 0.0333313 0.0255400 0.00542762 -0.0138275 -0.0232162 -0.0236686 -0.0217210 -0.0228305 -0.0293955 -0.0420805 -0.0602745 -0.0812526 -0.0998346 -0.109678 -0.106226 -0.0899006 -0.0667258 -0.0446200 -0.0280941 -0.0165843 -0.00753277 0.000388404 0.00753474 0.0147242 0.0225746 0.0302063 0.0362641 0.0407945 0.0446670 0.0472638 0.0464312 0.0413225 0.0339472 0.0271571 0.0220668 0.0181028 0.0145978 0.0112389 0.00745314 0.00278814 -0.00190388 -0.00488718 -0.00571517 -0.00621192 -0.00858381 -0.0129256 -0.0171556 -0.0191965 -0.0188076 -0.0176008 -0.0176966 -0.0199368 -0.0228432 -0.0236367 -0.0209214 -0.0162571 -0.0126091 -0.0114247 -0.0117596 -0.0119017 -0.0109294 -0.00872689 -0.00559996 -0.00240151 -0.000267550 0.000517518 0.00106314 0.00271542 0.00562453 0.00890559 0.0117695 0.0137595 0.0141546 0.0122137 0.00835488 0.00432567 0.00166786 0.000430789 -0.000222795 -0.000699597 -0.000903690 -0.00106066 -0.00167681 -0.00264156 -0.00320198 -0.00316882 -0.00353898 -0.00537564 -0.00837929 -0.0110365 -0.0120494 -0.0112868 -0.00954921 -0.00786312 -0.00692899 -0.00674197 -0.00656834 -0.00558489 -0.00370923 -0.00168804 -0.000383492 -0.000190913 -0.00103723 -0.00245369 -0.00346627 -0.00291482 -0.000422480 0.00301327 0.00576143 0.00693092 0.00683666 0.00624283 0.00552681 0.00462999 0.00342586 0.00187915 0.0000683166 -0.00166682 -0.00274654 -0.00285286 -0.00242477 -0.00237505 -0.00318744 -0.00444260 -0.00535166 -0.00565091 -0.00584556 -0.00662351 -0.00812155 -0.00972657 -0.0105115 -0.00989917 -0.00801466 -0.00547660 -0.00290325 -0.000657836 0.00102128 0.00188411 0.00181865 0.00104473 0.00000309660 -0.000938873 -0.00161057 -0.00197622 -0.00212525 -0.00227037 -0.00253525 -0.00270894 -0.00242643 -0.00170766 -0.00113676 -0.00130680 -0.00215247 -0.00300654 -0.00328960 -0.00297971 -0.00241427 -0.00185628 -0.00137371 -0.000980913 -0.000686937 -0.000437140 -0.000185005 -0.0000543663 -0.000288998 -0.000968282 -0.00186173 -0.00262850 -0.00307631 -0.00315812 -0.00283218 -0.00207864 -0.00101917 0.000117950 0.00114724 0.00193070 0.00228259 0.00207652 0.00149037 0.000934687 0.000610202 0.000302640 -0.000215078 -0.000733390 -0.000818293 -0.000418539 0.00000 0.00000 0.00000 0.00000 0.00000 0.00000 0.00000 0.00000 0.00000 0.00000 0.00000 0.00000 0.00000 0.00000 0.00000 0.00000 0.00000 0.00000 0.00000 0.00000 0.00000 0.00000 0.00000 0.00000 0.00000 0.00000 0.00000 0.00000 0.00000 0.00000 0.00000 0.00000 0.00000 0.00000 0.00000 0.00000 0.00000 0.00000 0.00000 0.00000 0.00000 0.00000 0.00000 0.00000 0.00000 0.00000 0.00000 0.00000 0.00000 0.00000 0.00000 0.00000 0.00000 0.00000 0.00000 0.00000 0.00000 0.00000 0.00000 0.00000 0.00000 0.00000 0.00000 0.00000 0.00000 0.00000 0.00000 0.00000 0.00000 0.00000 0.00000 0.00000 0.00000 0.00000 0.00000 0.00000 0.00000 0.00000 0.00000 0.00000 0.00000 0.00000 0.00000 0.00000 0.00000 0.00000 0.00000 0.00000 0.00000 0.00000 0.00000 0.00000 0.00000 0.00000 0.00000 0.00000 0.00000 0.00000 0.00000 0.00000 0.00000 0.00000 0.00000 0.00000 0.00000 0.00000 0.00000 0.00000 0.00000 0.00000 0.00000 0.00000 0.00000 0.00000 0.00000 0.00000 0.00000 0.00000 0.00000 0.00000 0.00000 0.00000 0.00000 0.00000 0.00000 0.00000 0.00000 0.00000 0.00000 0.00000 0.00000 0.00000 0.00000 0.00000 0.00000 0.00000 0.00000 0.00000 0.00000 0.00000 0.00000 0.00000 0.00000 0.00000 0.00000 0.00000 0.00000 0.00000 0.00000 0.00000 0.00000 0.00000 0.00000 0.00000 0.00000 0.00000 0.00000 0.00000 0.00000 0.00000 0.00000 0.00000 0.00000 0.00000 0.00000 0.00000 0.00000 0.00000 0.00000 0.00000 0.00000 0.00000 0.00000 0.00000 0.00000 0.00000 0.00000 0.00000 0.00000 0.00000 0.00000 0.00000 0.00000 0.00000 0.00000 0.00000 0.00000 0.00000 0.00000 0.00000 0.00000 0.00000 0.00000 0.00000 0.00000 0.00000 0.00000 0.00000 0.00000 0.00000 0.00000 0.00000 0.00000 0.00000 0.00000 0.00000 0.00000 0.00000 0.00000 0.00000 0.00000 0.00000 0.00000 0.00000 0.00000 0.00000 0.00000 0.00000 0.00000 0.00000 0.00000 0.00000 0.00000 0.00000 0.00000 0.00000 0.00000 0.00000 0.00000 0.00000 0.00000 0.00000 0.00000 0.00000 0.00000 0.00000 0.00000 0.00000 0.00000 0.00000 0.00000 0.00000 0.00000 0.00000 0.00000 0.00000 0.00000 0.00000 0.00000 0.00000
0.0000572148 0.0000292373 7.93382e-7 -0.00000481975 -3.16807e-7 3.36942e-7 3.15968e-8 -0.00000331036 -0.0000165488 -0.0000181673 0.0000107679 0.0000397816 0.0000290878 -0.0000103326 -0.0000362361 -0.0000302251 0.00000282117 0.0000482684 0.0000688300 0.0000200291 -0.0000517416 -0.0000265966 0.0000928233 0.000131405 0.0000200308 -0.0000465824 0.0000638127 0.000136716 -0.0000302395 -0.000167698 0.0000628197 0.000362677 0.000162656 -0.000309384 -0.000225442 0.000395792 0.000529634 -0.0000437312 -0.000154399 0.000516412 0.000535716 0.000611944 0.00661687 0.0232886 0.0431727 0.0476829 0.0260261 -0.00807546 -0.0260166 -0.0141701 0.0104103 0.0189008 0.00287276 -0.0178748 -0.0190251 0.00270329 0.0296661 0.0435530 0.0410170 0.0325790 0.0323878 0.0487185 0.0775917 0.101788 0.100512 0.0670180 0.0184039 -0.0155691 -0.0169511 0.00558522 0.0252990 0.0201308 -0.0108208 -0.0488138 -0.0708441 -0.0663093 -0.0437387 -0.0234991 -0.0217758 -0.0381402 -0.0570122 -0.0615814 -0.0474711 -0.0243501 -0.00594480 0.000843894 -0.00126158 -0.00469226 -0.00309069 0.00554372 0.0185421 0.0301631 0.0350291 0.0320696 0.0256120 0.0218336 0.0234757 0.0278696 0.0299144 0.0266791 0.0193638 0.0116454 0.00665381 0.00508487 0.00528166 0.00469302 0.00161231 -0.00383652 -0.00999852 -0.0149433 -0.0176988 -0.0186383 -0.0189784 -0.0199758 -0.0223623 -0.0261218 -0.0304793 -0.0341328 -0.0358682 -0.0352877 -0.0329938 -0.0299746 -0.0267460 -0.0230901 -0.0186215 -0.0135384 -0.00868245 -0.00481996 -0.00194558 0.000628503 0.00352126 0.00670478 0.00964694 0.0118507 0.0130972 0.0132945 0.0123749 0.0105146 0.00831684 0.00648791 0.00524343 0.00416731 0.00269703 0.000635836 -0.00180396 -0.00425583 -0.00633080 -0.00768501 -0.00828129 -0.00859096 -0.00923898 -0.0103202 -0.0112447 -0.0114152 -0.0109211 -0.0103541 -0.0100377 -0.00971132 -0.00898260 -0.00780021 -0.00635583 -0.00477130 -0.00314984 -0.00180189 -0.00107583 -0.000902093 -0.000752882 -0.000199148 0.000628231 0.00125976 0.00145493 0.00138014 0.00128947 0.00124168 0.00117707 0.00109992 0.00104781 0.000942718 0.000603691 -0.0000688889 -0.000980780 -0.00192046 -0.00270709 -0.00326361 -0.00361688 -0.00387337 -0.00416243 -0.00452488 -0.00483718 -0.00488542 -0.00457251 -0.00405654 -0.00365306 -0.00357135 -0.00373920 -0.00387598 -0.00372549 -0.00324392 -0.00261765 -0.00212523 -0.00193628 -0.00198198 -0.00201092 -0.00180534 -0.00136287 -0.000878981 -0.000586585 -0.000623043 -0.000978120 -0.00147094 -0.00179541 -0.00171597 -0.00129453 -0.000872478 -0.000766881 -0.00100028 -0.00134607 -0.00157803 -0.00162048 -0.00151856 -0.00137548 -0.00133526 -0.00152942 -0.00196206 -0.00246096 -0.00280399 -0.00291637 -0.00291713 -0.00295157 -0.00302276 -0.00304752 -0.00304326 -0.00313168 -0.00331526 -0.00338483 -0.00316930 -0.00277991 -0.00244483 -0.00216699 -0.00175371 -0.00117530 -0.000658074 -0.000362211 -0.000193876 -0.0000425247 0.0000180396 -0.0000744555 -0.000175322 -0.000146626 -0.000117970 -0.000307724 -0.000694891 -0.00108510 -0.00139001 -0.00161170 -0.00168466 -0.00162845 -0.00172843 -0.00216833 -0.00252881 -0.00212976 -0.000981538 0.00000 0.00000 0.00000 0.00000 0.00000 0.00000 0.00000 0.00000 0.00000 0.00000 0.00000 0.00000 0.00000 0.00000 0.00000 0.00000 0.00000 0.00000 0.00000 0.00000 0.00000 0.00000 0.00000 0.00000 0.00000 0.00000 0.00000 0.00000 0.00000 0.00000 0.00000 0.00000 0.00000 0.00000 0.00000 0.00000 0.00000 0.00000 0.00000 0.00000 0.00000 0.00000 0.00000 0.00000 0.00000 0.00000 0.00000 0.00000 0.00000 0.00000 0.00000 0.00000 0.00000 0.00000 0.00000 0.00000 0.00000 0.00000 0.00000 0.00000 0.00000 0.00000 0.00000 0.00000 0.00000 0.00000 0.00000 0.00000 0.00000 0.00000 0.00000 0.00000 0.00000 0.00000 0.00000 0.00000 0.00000 0.00000 0.00000 0.00000 0.00000 0.00000 0.00000 0.00000 0.00000 0.00000 0.00000 0.00000 0.00000 0.00000 0.00000 0.00000 0.00000 0.00000 0.00000 0.00000 0.00000 0.00000 0.00000 0.00000 0.00000 0.00000 0.00000 0.00000 0.00000 0.00000 0.00000 0.00000 0.00000 0.00000 0.00000 0.00000 0.00000 0.00000 0.00000 0.00000 0.00000 0.00000 0.00000 0.00000 0.00000 0.00000 0.00000 0.00000 0.00000 0.00000 0.00000 0.00000 0.00000 0.00000 0.00000 0.00000 0.00000 0.00000 0.00000 0.00000 0.00000 0.00000 0.00000 0.00000 0.00000 0.00000 0.00000 0.00000 0.00000 0.00000 0.00000 0.00000 0.00000 0.00000 0.00000 0.00000 0.00000 0.00000 0.00000 0.00000 0.00000 0.00000 0.00000 0.00000 0.00000 0.00000 0.00000 0.00000 0.00000 0.00000 0.00000 0.00000 0.00000 0.00000 0.00000 0.00000 0.00000 0.00000 0.00000 0.00000 0.00000 0.00000 0.00000 0.00000 0.00000 0.00000 0.00000 0.00000 0.00000 0.00000 0.00000 0.00000 0.00000 0.00000 0.00000 0.00000 0.00000 0.00000 0.00000 0.00000 0.00000 0.00000 0.00000 0.00000 0.00000 0.00000 0.00000 0.00000 0.00000 0.00000 0.00000 0.00000 0.00000 0.00000 0.00000 0.00000 0.00000 0.00000 0.00000 0.00000 0.00000 0.00000 0.00000 0.00000 0.00000 0.00000 0.00000 0.00000 0.00000 0.00000 0.00000 0.00000 0.00000 0.00000 0.00000 0.00000 0.00000 0.00000 0.00000 0.00000 0.00000 0.00000 0.00000 0.00000 0.00000 0.00000 0.00000 0.00000 0.00000 0.00000 0.00000 0.00000 0.00000 0.00000 -0.00152573 -0.00170600 0.00169574 0.00320544 -0.00142691 -0.00485937 0.000879279 0.00632743 -0.00168294 -0.00311112 0.0502328 0.165651 0.261081 0.227056 0.0498677 -0.154985 -0.253394 -0.219249 -0.129307 -0.0521899 0.0141741 0.0896465 0.145046 0.132540 0.0712937 0.0559848 0.156537 0.326791 0.435361 0.386197 0.200557 -0.0100728 -0.134995 -0.135734 -0.0583355 0.00677123 -0.00823185 -0.0967495 -0.187729 -0.216843 -0.188607 -0.160040 -0.167637 -0.188983 -0.181838 -0.141007 -0.0976118 -0.0721099 -0.0529154 -0.0251357 0.00183105 0.0107612 0.00849597 0.0216094 0.0601685 0.100821 0.111794 0.0861669 0.0452997 0.0166649 0.0145479 0.0357462 0.0635948 0.0768201 0.0638565 0.0329266 0.00461907 -0.00747748 -0.00619453 -0.00132708 0.00299943 0.00798989 0.0123400 0.0116528 0.00522343 -0.00234107 -0.00839099 -0.0175081 -0.0362319 -0.0635682 -0.0893856 -0.102809 -0.101152 -0.0903872 -0.0781927 -0.0680242 -0.0593693 -0.0510956 -0.0426042 -0.0326413 -0.0197335 -0.00490500 0.00772296 0.0147492 0.0173069 0.0195686 0.0238738 0.0290012 0.0330818 0.0359239 0.0378487 0.0382544 0.0367623 0.0345519 0.0327899 0.0303154 0.0247220 0.0158281 0.00656159 0.0000103636 -0.00331292 -0.00482512 -0.00569124 -0.00634961 -0.00751917 -0.0101470 -0.0139759 -0.0172039 -0.0183574 -0.0181516 -0.0188607 -0.0218747 -0.0261638 -0.0290158 -0.0280882 -0.0231017 -0.0160939 -0.0100706 -0.00702052 -0.00682930 -0.00781731 -0.00810562 -0.00659666 -0.00328803 0.000801164 0.00424187 0.00631384 0.00761041 0.00924367 0.0114874 0.0135584 0.0146361 0.0145054 0.0130901 0.0101046 0.00576244 0.00138055 -0.00154537 -0.00286806 -0.00376739 -0.00508615 -0.00631029 -0.00647741 -0.00555766 -0.00443717 -0.00385982 -0.00396641 -0.00474534 -0.00626212 -0.00819201 -0.00958328 -0.00954029 -0.00812037 -0.00633720 -0.00526192 -0.00515804 -0.00536492 -0.00489441 -0.00325401 -0.000892186 0.00113947 0.00203727 0.00177557 0.000845229 -0.000286361 -0.00128717 -0.00175599 -0.00130894 0.0000536877 0.00190240 0.00378235 0.00546609 0.00672687 0.00711682 0.00622330 0.00408904 0.00122348 -0.00173569 -0.00423889 -0.00584080 -0.00634465 -0.00605698 -0.00568335 -0.00573015 -0.00602877 -0.00599252 -0.00536308 -0.00460583 -0.00452498 -0.00552695 -0.00725497 -0.00885305 -0.00952468 -0.00890420 -0.00705843 -0.00430896 -0.00114155 0.00178164 0.00373587 0.00427841 0.00354711 0.00214344 0.000659851 -0.000653346 -0.00177721 -0.00263667 -0.00306601 -0.00300821 -0.00259660 -0.00203042 -0.00150371 -0.00127791 -0.00163223 -0.00258345 -0.00373433 -0.00456710 -0.00488453 -0.00484658 -0.00459766 -0.00403840 -0.00304049 -0.00175860 -0.000597370 0.0000985757 0.000245312 -0.0000475165 -0.000638371 -0.00141340 -0.00222099 -0.00280029 -0.00285128 -0.00225484 -0.00121975 -0.000133203 0.000748726 0.00139566 0.00181771 0.00194673 0.00176265 0.00138752 0.000939928 0.000412533 -0.000185718 -0.000685579 -0.000903650 -0.000822659 -0.000468993 0.000226384 0.00117310 0.00184850 0.00168273 0.000787960 0.00000 0.00000 0.00000 0.00000 0.00000 0.00000 0.00000 0.00000 0.00000 0.00000 0.00000 0.00000 0.00000 0.00000 0.00000 0.00000 0.00000 0.00000 0.00000 0.00000 0.00000 0.00000 0.00000 0.00000 0.00000 0.00000 0.00000 0.00000 0.00000 0.00000 0.00000 0.00000 0.00000 0.00000 0.00000 0.00000 0.00000 0.00000 0.00000 0.00000 0.00000 0.00000 0.00000 0.00000 0.00000 0.00000 0.00000 0.00000 0.00000 0.00000 0.00000 0.00000 0.00000 0.00000 0.00000 0.00000 0.00000 0.00000 0.00000 0.00000 0.00000 0.00000 0.00000 0.00000 0.00000 0.00000 0.00000 0.00000 0.00000 0.00000 0.00000 0.00000 0.00000 0.00000 0.00000 0.00000 0.00000 0.00000 0.00000 0.00000 0.00000 0.00000 0.00000 0.00000 0.00000 0.00000 0.00000 0.00000 0.00000 0.00000 0.00000 0.00000 0.00000 0.00000 0.00000 0.00000 0.00000 0.00000 0.00000 0.00000 0.00000 0.00000 0.00000 0.00000 0.00000 0.00000 0.00000 0.00000 0.00000 0.00000 0.00000 0.00000 0.00000 0.00000 0.00000 0.00000 0.00000 0.00000 0.00000 0.00000 0.00000 0.00000 0.00000 0.00000 0.00000 0.00000 0.00000 0.00000 0.00000 0.00000 0.00000 0.00000 0.00000 0.00000 0.00000 0.00000 0.00000 0.00000 0.00000 0.00000 0.00000 0.00000 0.00000 0.00000 0.00000 0.00000 0.00000 0.00000 0.00000 0.00000 0.00000 0.00000 0.00000 0.00000 0.00000 0.00000 0.00000 0.00000 0.00000 0.00000 0.00000 0.00000 0.00000 0.00000 0.00000 0.00000 0.00000 0.00000 0.00000 0.00000 0.00000 0.00000 0.00000 0.00000 0.00000 0.00000 0.00000 0.00000 0.00000 0.00000 0.00000 0.00000 0.00000 0.00000 0.00000 0.00000 0.00000 0.00000 0.00000 0.00000 0.00000 0.00000 0.00000 0.00000 0.00000 0.00000 0.00000 0.00000 0.00000 0.00000 0.00000 0.00000 0.00000 0.00000 0.00000 0.00000 0.00000 0.00000 0.00000 0.00000 0.00000 0.00000 0.00000 0.00000 0.00000 0.00000 0.00000 0.00000 0.00000 0.00000 0.00000 0.00000 0.00000 0.00000 0.00000 0.00000 0.00000 0.00000 0.00000 0.00000 0.00000 0.00000 0.00000 0.00000 0.00000 0.00000 0.00000 0.00000 0.00000 0.00000 0.00000 0.00000 0.00000 0.00000 0.00000 0.00000 0.00000 0.00000 0.00000 0.00000
-0.0000190716 -0.00000604092 2.67280e-8 -0.00000425215 -0.00000106363 0.0000100032 0.0000182470 0.0000192300 0.0000186923 0.0000211918 0.0000204366 0.0000116373 0.00000178088 -0.00000472610 -0.0000147143 -0.0000277529 -0.0000362907 -0.0000388462 -0.0000383988 -0.0000359124 -0.0000254874 -0.0000124555 -0.0000122732 -0.0000257324 -0.0000269985 -0.0000114123 -0.00000799571 -0.0000283209 -0.0000347495 -0.00000820685 -0.00000334428 -0.0000594255 -0.0000993477 -0.0000289120 0.0000815049 0.0000845733 0.0000113987 0.0000318104 0.000111407 0.0000132170 -0.000220833 -0.000170057 0.000271203 0.000533335 0.000231813 -0.0000940528 0.0000653678 0.000112244 -0.0000345825 0.00263204 0.0120491 0.0260184 0.0337565 0.0254751 0.00546293 -0.00882740 -0.00462954 0.0110094 0.0182297 0.00673304 -0.0125971 -0.0200327 -0.00792450 0.0133385 0.0280331 0.0299486 0.0252025 0.0247728 0.0360325 0.0579058 0.0800162 0.0874709 0.0715119 0.0387723 0.00876709 -0.00105083 0.0101837 0.0264213 0.0286946 0.0103493 -0.0190927 -0.0427268 -0.0491723 -0.0398678 -0.0264864 -0.0212111 -0.0274073 -0.0379125 -0.0420371 -0.0348023 -0.0202097 -0.00649349 0.00107991 0.00317322 0.00387090 0.00659593 0.0121040 0.0188004 0.0238992 0.0248138 0.0208046 0.0139571 0.00808879 0.00588074 0.00668498 0.00716300 0.00422573 -0.00237401 -0.00989909 -0.0147956 -0.0153324 -0.0127755 -0.0103102 -0.0105545 -0.0136296 -0.0173358 -0.0191309 -0.0180491 -0.0150542 -0.0120180 -0.0105342 -0.0112976 -0.0139373 -0.0171365 -0.0191992 -0.0189878 -0.0166027 -0.0131983 -0.0100670 -0.00781240 -0.00626720 -0.00498463 -0.00364302 -0.00209026 -0.000283758 0.00165361 0.00341107 0.00469047 0.00543919 0.00579298 0.00579261 0.00529535 0.00418932 0.00259560 0.000785972 -0.00101677 -0.00265606 -0.00395729 -0.00483401 -0.00548791 -0.00631066 -0.00746658 -0.00863172 -0.00926293 -0.00912613 -0.00850261 -0.00790519 -0.00765786 -0.00770828 -0.00773459 -0.00740607 -0.00662623 -0.00562048 -0.00477773 -0.00433297 -0.00416423 -0.00391588 -0.00333469 -0.00248527 -0.00165205 -0.00107236 -0.000787897 -0.000701795 -0.000688133 -0.000620329 -0.000376291 0.0000681214 0.000528514 0.000688496 0.000385881 -0.000188338 -0.000646065 -0.000782690 -0.000751608 -0.000840622 -0.00114723 -0.00155395 -0.00196874 -0.00245032 -0.00304584 -0.00362072 -0.00397908 -0.00413106 -0.00430677 -0.00465196 -0.00499356 -0.00500435 -0.00458193 -0.00398165 -0.00355890 -0.00343931 -0.00346826 -0.00342279 -0.00320887 -0.00287546 -0.00252302 -0.00223966 -0.00207845 -0.00202179 -0.00195364 -0.00172430 -0.00129940 -0.000840186 -0.000585460 -0.000625315 -0.000806507 -0.000881426 -0.000741653 -0.000492195 -0.000319509 -0.000326256 -0.000496806 -0.000767812 -0.00107451 -0.00133217 -0.00144750 -0.00141440 -0.00138398 -0.00156060 -0.00198724 -0.00247517 -0.00279873 -0.00293229 -0.00303162 -0.00319449 -0.00332782 -0.00328702 -0.00308052 -0.00287035 -0.00279378 -0.00284100 -0.00290629 -0.00291251 -0.00286134 -0.00277520 -0.00262064 -0.00232842 -0.00190522 -0.00147725 -0.00116220 -0.000930690 -0.000685068 -0.000452079 -0.000358248 -0.000394275 -0.000383917 -0.000285866 -0.000339635 -0.000708184 -0.00110293 -0.00104777 -0.000506520 0.00000 0.00000 0.00000 0.00000 0.00000 0.00000 0.00000 0.00000 0.00000 0.00000 0.00000 0.00000 0.00000 0.00000 0.00000 0.00000 0.00000 0.00000 0.00000 0.00000 0.00000 0.00000 0.00000 0.00000 0.00000 0.00000 0.00000 0.00000 0.00000 0.00000 0.00000 0.00000 0.00000 0.00000 0.00000 0.00000 0.00000 0.00000 0.00000 0.00000 0.00000 0.00000 0.00000 0.00000 0.00000 0.00000 0.00000 0.00000 0.00000 0.00000 0.00000 0.00000 0.00000 0.00000 0.00000 0.00000 0.00000 0.00000 0.00000 0.00000 0.00000 0.00000 0.00000 0.00000 0.00000 0.00000 0.00000 0.00000 0.00000 0.00000 0.00000 0.00000 0.00000 0.00000 0.00000 0.00000 0.00000 0.00000 0.00000 0.00000 0.00000 0.00000 0.00000 0.00000 0.00000 0.00000 0.00000 0.00000 0.00000 0.00000 0.00000 0.00000 0.00000 0.00000 0.00000 0.00000 0.00000 0.00000 0.00000 0.00000 0.00000 0.00000 0.00000 0.00000 0.00000 0.00000 0.00000 0.00000 0.00000 0.00000 0.00000 0.00000 0.00000 0.00000 0.00000 0.00000 0.00000 0.00000 0.00000 0.00000 0.00000 0.00000 0.00000 0.00000 0.00000 0.00000 0.00000 0.00000 0.00000 0.00000 0.00000 0.00000 0.00000 0.00000 0.00000 0.00000 0.00000 0.00000 0.00000 0.00000 0.00000 0.00000 0.00000 0.00000 0.00000 0.00000 0.00000 0.00000 0.00000 0.00000 0.00000 0.00000 0.00000 0.00000 0.00000 0.00000 0.00000 0.00000 0.00000 0.00000 0.00000 0.00000 0.00000 0.00000 0.00000 0.00000 0.00000 0.00000 0.00000 0.00000 0.00000 0.00000 0.00000 0.00000 0.00000 0.00000 0.00000 0.00000 0.00000 0.00000 0.00000 0.00000 0.00000 0.00000 0.00000 0.00000 0.00000 0.00000 0.00000 0.00000 0.00000 0.00000 0.00000 0.00000 0.00000 0.00000 0.00000 0.00000 0.00000 0.00000 0.00000 0.00000 0.00000 0.00000 0.00000 0.00000 0.00000 0.00000 0.00000 0.00000 0.00000 0.00000 0.00000 0.00000 0.00000 0.00000 0.00000 0.00000 0.00000 0.00000 0.00000 0.00000 0.00000 0.00000 0.00000 0.00000 0.00000 0.00000 0.00000 0.00000 0.00000 0.00000 0.00000 0.00000 0.00000 0.00000 0.00000 0.00000 0.00000 0.00000 0.00000 0.00000 0.00000 0.00000 0.00000 0.00000 0.00000 0.00000 0.00000 0.00000 0.00291796 -0.00118445 -0.00466585 -0.0000945410 0.00611324 0.000127152 -0.00460429 0.0411004 0.161074 0.283872 0.277020 0.0848872 -0.184274 -0.344415 -0.305667 -0.139268 0.0233192 0.113573 0.136148 0.108870 0.0513240 0.0220099 0.0993405 0.285965 0.459959 0.468472 0.279231 0.0192063 -0.143043 -0.141204 -0.0418565 0.0394650 0.0351513 -0.0417677 -0.128694 -0.169447 -0.157045 -0.133730 -0.144395 -0.186183 -0.211474 -0.184383 -0.122847 -0.0743153 -0.0591109 -0.0554194 -0.0387771 -0.0156104 -0.00678503 -0.0122024 -0.00999198 0.0117337 0.0384773 0.0492516 0.0420428 0.0326577 0.0353499 0.0521280 0.0762736 0.0970775 0.102232 0.0851694 0.0538808 0.0269469 0.0166342 0.0188154 0.0218719 0.0207610 0.0173426 0.0106968 -0.00456137 -0.0291586 -0.0548834 -0.0730147 -0.0830458 -0.0893468 -0.0925654 -0.0897149 -0.0817598 -0.0752910 -0.0745041 -0.0749911 -0.0682298 -0.0508475 -0.0274766 -0.00556171 0.0101805 0.0187013 0.0212306 0.0204667 0.0195911 0.0202575 0.0217285 0.0227601 0.0237135 0.0257057 0.0283526 0.0297387 0.0287713 0.0265773 0.0249500 0.0239856 0.0219819 0.0174679 0.0107695 0.00371605 -0.00171028 -0.00448958 -0.00507695 -0.00525258 -0.00703513 -0.0110078 -0.0156781 -0.0190123 -0.0206927 -0.0224222 -0.0258364 -0.0304890 -0.0341122 -0.0345397 -0.0311251 -0.0247182 -0.0169870 -0.00988616 -0.00504457 -0.00285806 -0.00212720 -0.00107751 0.00105265 0.00364874 0.00589658 0.00779776 0.00967213 0.0111690 0.0115470 0.0109288 0.0105602 0.0114148 0.0128773 0.0132165 0.0112484 0.00728901 0.00267651 -0.00124728 -0.00375490 -0.00493543 -0.00559505 -0.00663915 -0.00811312 -0.00894552 -0.00802479 -0.00559798 -0.00331532 -0.00277480 -0.00419133 -0.00649516 -0.00840258 -0.00918740 -0.00875098 -0.00747082 -0.00606426 -0.00519429 -0.00487300 -0.00431976 -0.00266433 0.000110906 0.00298914 0.00471585 0.00476493 0.00356412 0.00193048 0.000430843 -0.000719682 -0.00133733 -0.00109398 0.000230885 0.00239758 0.00472350 0.00647242 0.00718023 0.00664769 0.00481125 0.00180205 -0.00187869 -0.00540865 -0.00799885 -0.00926421 -0.00931560 -0.00858560 -0.00755638 -0.00653232 -0.00556069 -0.00458295 -0.00371482 -0.00334492 -0.00387101 -0.00530905 -0.00718055 -0.00875765 -0.00937393 -0.00858500 -0.00628063 -0.00284872 0.000804704 0.00360776 0.00487635 0.00460957 0.00331804 0.00162855 0.00000604175 -0.00131483 -0.00227082 -0.00285071 -0.00297687 -0.00252116 -0.00151005 -0.000317864 0.000438724 0.000299630 -0.000714619 -0.00217955 -0.00364833 -0.00493041 -0.00602318 -0.00686040 -0.00721067 -0.00683654 -0.00572476 -0.00414534 -0.00250529 -0.00115200 -0.000277083 0.0000656204 -0.0000914244 -0.000644855 -0.00139187 -0.00200354 -0.00207871 -0.00133535 0.000143756 0.00184823 0.00312434 0.00362631 0.00350142 0.00310597 0.00257666 0.00175670 0.000529635 -0.000896996 -0.00211105 -0.00281718 -0.00294134 -0.00248518 -0.00147062 -0.000106003 0.00112950 0.00174603 0.00162470 0.00107861 0.000532797 0.000199229 0.0000515774 0.00000 0.00000 0.00000 0.00000 0.00000 0.00000 0.00000 0.00000 0.00000 0.00000 0.00000 0.00000 0.00000 0.00000 0.00000 0.00000 0.00000 0.00000 0.00000 0.00000 0.00000 0.00000 0.00000 0.00000 0.00000 0.00000 0.00000 0.00000 0.00000 0.00000 0.00000 0.00000 0.00000 0.00000 0.00000 0.00000 0.00000 0.00000 0.00000 0.00000 0.00000 0.00000 0.00000 0.00000 0.00000 0.00000 0.00000 0.00000 0.00000 0.00000 0.00000 0.00000 0.00000 0.00000 0.00000 0.00000 0.00000 0.00000 0.00000 0.00000 0.00000 0.00000 0.00000 0.00000 0.00000 0.00000 0.00000 0.00000 0.00000 0.00000 0.00000 0.00000 0.00000 0.00000 0.00000 0.00000 0.00000 0.00000 0.00000 0.00000 0.00000 0.00000 0.00000 0.00000 0.00000 0.00000 0.00000 0.00000 0.00000 0.00000 0.00000 0.00000 0.00000 0.00000 0.00000 0.00000 0.00000 0.00000 0.00000 0.00000 0.00000 0.00000 0.00000 0.00000 0.00000 0.00000 0.00000 0.00000 0.00000 0.00000 0.00000 0.00000 0.00000 0.00000 0.00000 0.00000 0.00000 0.00000 0.00000 0.00000 0.00000 0.00000 0.00000 0.00000 0.00000 0.00000 0.00000 0.00000 0.00000 0.00000 0.00000 0.00000 0.00000 0.00000 0.00000 0.00000 0.00000 0.00000 0.00000 0.00000 0.00000 0.00000 0.00000 0.00000 0.00000 0.00000 0.00000 0.00000 0.00000 0.00000 0.00000 0.00000 0.00000 0.00000 0.00000 0.00000 0.00000 0.00000 0.00000 0.00000 0.00000 0.00000 0.00000 0.00000 0.00000 0.00000 0.00000 0.00000 0.00000 0.00000 0.00000 0.00000 0.00000 0.00000 0.00000 0.00000 0.00000 0.00000 0.00000 0.00000 0.00000 0.00000 0.00000 0.00000 0.00000 0.00000 0.00000 0.00000 0.00000 0.00000 0.00000 0.00000 0.00000 0.00000 0.00000 0.00000 0.00000 0.00000 0.00000 0.00000 0.00000 0.00000 0.00000 0.00000 0.00000 0.00000 0.00000 0.00000 0.00000 0.00000 0.00000 0.00000 0.00000 0.00000 0.00000 0.00000 0.00000 0.00000 0.00000 0.00000 0.00000 0.00000 0.00000 0.00000 0.00000 0.00000 0.00000 0.00000 0.00000 0.00000 0.00000 0.00000 0.00000 0.00000 0.00000 0.00000 0.00000 0.00000 0.00000 0.00000 0.00000 0.00000 0.00000 0.00000 0.00000 0.00000 0.00000 0.00000 0.00000 0.00000
-5.24556e-20 0.00000214469 2.46926e-7 -0.00000790801 -0.0000182396 -0.0000239495 -0.0000203091 -0.0000100973 -0.00000104508 6.58248e-7 -6.02535e-7 0.00000447952 0.0000159085 0.0000217709 0.0000188476 0.0000220667 0.0000339650 0.0000399796 0.0000274629 0.00000781124 -9.31866e-7 0.00000210306 0.00000231790 -0.00000211275 -0.00000200893 0.00000171110 0.00000201695 -0.00000115363 -0.00000127987 8.68095e-7 0.00000173300 -0.00000101830 -0.00000806862 -0.0000231049 -0.0000261856 0.0000116809 0.0000654171 0.0000461571 -0.0000621675 -0.000110313 0.0000507601 0.000300674 0.000326736 0.0000474034 -0.000208838 -0.000119068 0.000192596 0.000360705 0.000310297 0.000250825 0.000196039 -0.0000436974 -0.000310623 -0.000148001 0.000303241 0.000310664 0.000402395 0.00344854 0.0117852 0.0225291 0.0278046 0.0221405 0.00948363 0.000508013 0.00179409 0.00902802 0.0122747 0.00704373 -0.00154754 -0.00510365 -0.000321185 0.00938546 0.0184971 0.0240386 0.0269073 0.0308392 0.0399334 0.0548098 0.0698112 0.0754434 0.0660169 0.0457420 0.0263739 0.0177371 0.0199516 0.0244033 0.0218160 0.00975482 -0.00630643 -0.0180307 -0.0206831 -0.0162806 -0.0116002 -0.0128104 -0.0208260 -0.0309485 -0.0369005 -0.0356895 -0.0292990 -0.0223731 -0.0185196 -0.0183207 -0.0199084 -0.0208533 -0.0198201 -0.0172171 -0.0146834 -0.0136976 -0.0142216 -0.0145658 -0.0127876 -0.00844841 -0.00307324 0.00110674 0.00288886 0.00275391 0.00212836 0.00221895 0.00342384 0.00543868 0.00760023 0.00918713 0.00970359 0.00907788 0.00756829 0.00543481 0.00277543 -0.000282232 -0.00338004 -0.00610670 -0.00834769 -0.0102754 -0.0119628 -0.0131914 -0.0137712 -0.0139176 -0.0140730 -0.0143413 -0.0143130 -0.0135611 -0.0121521 -0.0105267 -0.00899902 -0.00757682 -0.00623222 -0.00509223 -0.00425956 -0.00360916 -0.00293161 -0.00220190 -0.00157869 -0.00116057 -0.000868718 -0.000589121 -0.000321207 -0.000138195 -0.0000925576 -0.000225223 -0.000593945 -0.00119862 -0.00188133 -0.00237894 -0.00253159 -0.00243876 -0.00239410 -0.00264955 -0.00321298 -0.00385557 -0.00433167 -0.00459271 -0.00478122 -0.00502646 -0.00529010 -0.00541895 -0.00530512 -0.00495522 -0.00445088 -0.00390411 -0.00344219 -0.00315535 -0.00302035 -0.00289924 -0.00265244 -0.00225747 -0.00181963 -0.00148722 -0.00135529 -0.00141220 -0.00155052 -0.00164802 -0.00166370 -0.00165072 -0.00166635 -0.00170047 -0.00172351 -0.00177459 -0.00193350 -0.00218954 -0.00240023 -0.00243433 -0.00233453 -0.00227958 -0.00237839 -0.00254750 -0.00261698 -0.00252510 -0.00237202 -0.00229694 -0.00234350 -0.00245590 -0.00257064 -0.00267524 -0.00277321 -0.00282572 -0.00276325 -0.00255622 -0.00224178 -0.00186930 -0.00145591 -0.00102818 -0.000671589 -0.000476355 -0.000436455 -0.000456892 -0.000467407 -0.000475313 -0.000497605 -0.000513851 -0.000530446 -0.000632269 -0.000897986 -0.00128324 -0.00165075 -0.00192138 -0.00215072 -0.00244242 -0.00281614 -0.00318561 -0.00346005 -0.00363949 -0.00377933 -0.00387069 -0.00382438 -0.00361736 -0.00337934 -0.00323134 -0.00309165 -0.00279581 -0.00240056 -0.00217192 -0.00220664 -0.00226298 -0.00209716 -0.00178459 -0.00152171 -0.00127943 -0.000925194 -0.000583296 -0.000530972 -0.000720664 -0.000744466 -0.000395106 0.00000 0.00000 0.00000 0.00000 0.00000 0.00000 0.00000 0.00000 0.00000 0.00000 0.00000 0.00000 0.00000 0.00000 0.00000 0.00000 0.00000 0.00000 0.00000 0.00000 0.00000 0.00000 0.00000 0.00000 0.00000 0.00000 0.00000 0.00000 0.00000 0.00000 0.00000 0.00000 0.00000 0.00000 0.00000 0.00000 0.00000 0.00000 0.00000 0.00000 0.00000 0.00000 0.00000 0.00000 0.00000 0.00000 0.00000 0.00000 0.00000 0.00000 0.00000 0.00000 0.00000 0.00000 0.00000 0.00000 0.00000 0.00000 0.00000 0.00000 0.00000 0.00000 0.00000 0.00000 0.00000 0.00000 0.00000 0.00000 0.00000 0.00000 0.00000 0.00000 0.00000 0.00000 0.00000 0.00000 0.00000 0.00000 0.00000 0.00000 0.00000 0.00000 0.00000 0.00000 0.00000 0.00000 0.00000 0.00000 0.00000 0.00000 0.00000 0.00000 0.00000 0.00000 0.00000 0.00000 0.00000 0.00000 0.00000 0.00000 0.00000 0.00000 0.00000 0.00000 0.00000 0.00000 0.00000 0.00000 0.00000 0.00000 0.00000 0.00000 0.00000 0.00000 0.00000 0.00000 0.00000 0.00000 0.00000 0.00000 0.00000 0.00000 0.00000 0.00000 0.00000 0.00000 0.00000 0.00000 0.00000 0.00000 0.00000 0.00000 0.00000 0.00000 0.00000 0.00000 0.00000 0.00000 0.00000 0.00000 0.00000 0.00000 0.00000 0.00000 0.00000 0.00000 0.00000 0.00000 0.00000 0.00000 0.00000 0.00000 0.00000 0.00000 0.00000 0.00000 0.00000 0.00000 0.00000 0.00000 0.00000 0.00000 0.00000 0.00000 0.00000 0.00000 0.00000 0.00000 0.00000 0.00000 0.00000 0.00000 0.00000 0.00000 0.00000 0.00000 0.00000 0.00000 0.00000 0.00000 0.00000 0.00000 0.00000 0.00000 0.00000 0.00000 0.00000 0.00000 0.00000 0.00000 0.00000 0.00000 0.00000 0.00000 0.00000 0.00000 0.00000 0.00000 0.00000 0.00000 0.00000 0.00000 0.00000 0.00000 0.00000 0.00000 0.00000 0.00000 0.00000 0.00000 0.00000 0.00000 0.00000 0.00000 0.00000 0.00000 0.00000 0.00000 0.00000 0.00000 0.00000 0.00000 0.00000 0.00000 0.00000 0.00000 0.00000 0.00000 0.00000 0.00000 0.00000 0.00000 0.00000 0.00000 0.00000 0.00000 0.00000 0.00000 0.00000 0.00000 0.00000 0.00000 0.00000 0.00000 0.00000 0.00000 0.00000 0.00000 0.00000 0.00000 -0.00335660 -0.00334620 0.00479608 0.00514328 -0.00759270 0.0118353 0.119941 0.279668 0.338023 0.169350 -0.159012 -0.414374 -0.414616 -0.192150 0.0661690 0.203428 0.191745 0.0944541 0.000479705 -0.00334038 0.131387 0.351363 0.500000 0.437532 0.181451 -0.0944271 -0.213812 -0.143298 0.00935327 0.111448 0.104681 0.0166564 -0.0854830 -0.146032 -0.152479 -0.137128 -0.142301 -0.174336 -0.196321 -0.172339 -0.110919 -0.0541930 -0.0303596 -0.0323032 -0.0422388 -0.0574960 -0.0798619 -0.0928605 -0.0709773 -0.0140221 0.0427397 0.0620692 0.0424474 0.0157776 0.0125931 0.0370824 0.0722891 0.0982037 0.102376 0.0834944 0.0534876 0.0323075 0.0321009 0.0454804 0.0536658 0.0458217 0.0260614 0.00278975 -0.0210885 -0.0444825 -0.0617548 -0.0673705 -0.0649875 -0.0654318 -0.0745553 -0.0872794 -0.0948503 -0.0940980 -0.0873286 -0.0764037 -0.0608678 -0.0413357 -0.0211873 -0.00373048 0.0100199 0.0196780 0.0237638 0.0215626 0.0157647 0.0112973 0.0114069 0.0158401 0.0223436 0.0283141 0.0313282 0.0301351 0.0261969 0.0232009 0.0235480 0.0254141 0.0243600 0.0179729 0.00829316 -0.000204220 -0.00429016 -0.00381124 -0.00125115 -0.000258669 -0.00362736 -0.0112094 -0.0196442 -0.0250280 -0.0262554 -0.0255502 -0.0258769 -0.0282687 -0.0314362 -0.0330887 -0.0313719 -0.0258393 -0.0178386 -0.00994876 -0.00452207 -0.00237205 -0.00261247 -0.00344220 -0.00304084 -0.000350883 0.00418704 0.00861033 0.0107838 0.0102831 0.00885685 0.00882238 0.0110734 0.0145950 0.0174106 0.0177004 0.0145859 0.00878082 0.00264446 -0.00119941 -0.00199793 -0.00158664 -0.00257459 -0.00570494 -0.00912206 -0.0102398 -0.00818402 -0.00448512 -0.00171061 -0.00158370 -0.00410070 -0.00787787 -0.0110730 -0.0122842 -0.0111936 -0.00873027 -0.00647223 -0.00545564 -0.00529828 -0.00456417 -0.00219021 0.00139491 0.00458830 0.00596988 0.00529198 0.00333452 0.00116216 -0.000396842 -0.000929032 -0.000518976 0.000354294 0.00126553 0.00225010 0.00360064 0.00522123 0.00636461 0.00613061 0.00415745 0.000820360 -0.00304421 -0.00647635 -0.00865422 -0.00919382 -0.00835709 -0.00687920 -0.00546670 -0.00442446 -0.00369965 -0.00317246 -0.00287471 -0.00302712 -0.00392305 -0.00567347 -0.00793403 -0.00989193 -0.0106308 -0.00960053 -0.00684696 -0.00298292 0.000937764 0.00370294 0.00451003 0.00350069 0.00164410 -0.0000758824 -0.00135213 -0.00240088 -0.00329041 -0.00368384 -0.00325655 -0.00212700 -0.000755472 0.000416899 0.00108435 0.000998089 0.0000446865 -0.00157228 -0.00340952 -0.00509486 -0.00645089 -0.00731730 -0.00745129 -0.00672877 -0.00534714 -0.00370756 -0.00214034 -0.000818942 0.000115895 0.000463528 0.0000377209 -0.00114117 -0.00266866 -0.00379112 -0.00378308 -0.00245461 -0.000317684 0.00176749 0.00311882 0.00352088 0.00320946 0.00265027 0.00217769 0.00171900 0.000943844 -0.000248971 -0.00149051 -0.00223000 -0.00213027 -0.00117528 0.000320479 0.00166485 0.00208691 0.00142590 0.000338403 -0.000494041 -0.00113349 -0.00194165 -0.00261449 -0.00236371 -0.00113192 0.00000 0.00000 0.00000 0.00000 0.00000 0.00000 0.00000 0.00000 0.00000 0.00000 0.00000 0.00000 0.00000 0.00000 0.00000 0.00000 0.00000 0.00000 0.00000 0.00000 0.00000 0.00000 0.00000 0.00000 0.00000 0.00000 0.00000 0.00000 0.00000 0.00000 0.00000 0.00000 0.00000 0.00000 0.00000 0.00000 0.00000 0.00000 0.00000 0.00000 0.00000 0.00000 0.00000 0.00000 0.00000 0.00000 0.00000 0.00000 0.00000 0.00000 0.00000 0.00000 0.00000 0.00000 0.00000 0.00000 0.00000 0.00000 0.00000 0.00000 0.00000 0.00000 0.00000 0.00000 0.00000 0.00000 0.00000 0.00000 0.00000 0.00000 0.00000 0.00000 0.00000 0.00000 0.00000 0.00000 0.00000 0.00000 0.00000 0.00000 0.00000 0.00000 0.00000 0.00000 0.00000 0.00000 0.00000 0.00000 0.00000 0.00000 0.00000 0.00000 0.00000 0.00000 0.00000 0.00000 0.00000 0.00000 0.00000 0.00000 0.00000 0.00000 0.00000 0.00000 0.00000 0.00000 0.00000 0.00000 0.00000 0.00000 0.00000 0.00000 0.00000 0.00000 0.00000 0.00000 0.00000 0.00000 0.00000 0.00000 0.00000 0.00000 0.00000 0.00000 0.00000 0.00000 0.00000 0.00000 0.00000 0.00000 0.00000 0.00000 0.00000 0.00000 0.00000 0.00000 0.00000 0.00000 0.00000 0.00000 0.00000 0.00000 0.00000 0.00000 0.00000 0.00000 0.00000 0.00000 0.00000 0.00000 0.00000 0.00000 0.00000 0.00000 0.00000 0.00000 0.00000 0.00000 0.00000 0.00000 0.00000 0.00000 0.00000 0.00000 0.00000 0.00000 0.00000 0.00000 0.00000 0.00000 0.00000 0.00000 0.00000 0.00000 0.00000 0.00000 0.00000 0.00000 0.00000 0.00000 0.00000 0.00000 0.00000 0.00000 0.00000 0.00000 0.00000 0.00000 0.00000 0.00000 0.00000 0.00000 0.00000 0.00000 0.00000 0.00000 0.00000 0.00000 0.00000 0.00000 0.00000 0.00000 0.00000 0.00000 0.00000 0.00000 0.00000 0.00000 0.00000 0.00000 0.00000 0.00000 0.00000 0.00000 0.00000 0.00000 0.00000 0.00000 0.00000 0.00000 0.00000 0.00000 0.00000 0.00000 0.00000 0.00000 0.00000 0.00000 0.00000 0.00000 0.00000 0.00000 0.00000 0.00000 0.00000 0.00000 0.00000 0.00000 0.00000 0.00000 0.00000 0.00000 0.00000 0.00000 0.00000 0.00000 0.00000 0.00000 0.00000 0.00000
-1.70062e-20 -0.00000875852 -0.0000187475 -0.0000226356 -0.0000195286 -0.0000164413 -0.0000185170 -0.0000221315 -0.0000201210 -0.0000154530 -0.0000175602 -0.0000243480 -0.0000222679 -0.00000825621 8.17006e-7 -0.00000745472 -0.0000191305 -0.0000121004 0.0000105495 0.0000229845 0.00000964123 -0.0000119908 -0.0000228627 -0.0000114547 0.00000968262 0.0000225306 0.0000138017 -0.00000977257 -0.0000236093 -0.0000129063 0.00000348757 -0.00000633433 -0.0000383539 -0.0000596834 -0.0000504420 -0.0000361396 -0.0000375451 -0.0000355512 0.00000570764 0.0000628783 0.0000725707 0.0000133488 -0.0000520733 -0.0000563049 0.00000297726 0.0000935566 0.000207885 0.000319274 0.000329450 0.000175836 -0.0000108875 -0.00000450007 0.000193247 0.000286086 0.0000708409 -0.000262563 -0.000421455 -0.000379197 0.0000112578 0.00165042 0.00551917 0.0107277 0.0139863 0.0125198 0.00789986 0.00565022 0.00967087 0.0173825 0.0218336 0.0190878 0.0124990 0.00888226 0.0111675 0.0159413 0.0179093 0.0153829 0.0109227 0.00783773 0.00731697 0.00876602 0.0118474 0.0178057 0.0290861 0.0473395 0.0706144 0.0919227 0.101680 0.0936106 0.0697160 0.0397048 0.0149443 0.00165085 -0.00183654 -0.00254651 -0.00750713 -0.0191025 -0.0339746 -0.0461302 -0.0518969 -0.0525941 -0.0525849 -0.0547481 -0.0579068 -0.0585024 -0.0543200 -0.0463722 -0.0375963 -0.0303735 -0.0253251 -0.0217354 -0.0183981 -0.0141629 -0.00843236 -0.00167775 0.00468975 0.00939238 0.0123741 0.0146857 0.0172775 0.0200608 0.0221453 0.0227119 0.0215164 0.0188547 0.0154746 0.0124723 0.0107427 0.0101255 0.00923974 0.00656776 0.00186564 -0.00360345 -0.00824732 -0.0113882 -0.0133509 -0.0146997 -0.0157764 -0.0168847 -0.0183957 -0.0203171 -0.0219682 -0.0224757 -0.0216397 -0.0200543 -0.0183077 -0.0163261 -0.0137103 -0.0105287 -0.00743830 -0.00499004 -0.00309502 -0.00132828 0.000430454 0.00190334 0.00287922 0.00349843 0.00397076 0.00422846 0.00406877 0.00354413 0.00297787 0.00254629 0.00205273 0.00125727 0.000283849 -0.000521077 -0.00108884 -0.00173365 -0.00267239 -0.00365104 -0.00426248 -0.00451687 -0.00483997 -0.00548537 -0.00620170 -0.00658758 -0.00659677 -0.00650547 -0.00650254 -0.00653848 -0.00655832 -0.00662604 -0.00671285 -0.00654336 -0.00584701 -0.00471516 -0.00355069 -0.00266224 -0.00203016 -0.00148819 -0.000989450 -0.000604895 -0.000345010 -0.000113634 0.000165937 0.000465669 0.000708394 0.000837586 0.000802492 0.000538039 0.0000302102 -0.000604907 -0.00116448 -0.00150742 -0.00165172 -0.00172552 -0.00184273 -0.00203431 -0.00227833 -0.00256525 -0.00291016 -0.00329313 -0.00360015 -0.00367069 -0.00344685 -0.00307564 -0.00281579 -0.00281376 -0.00298217 -0.00311159 -0.00307248 -0.00287880 -0.00258996 -0.00222894 -0.00181953 -0.00144008 -0.00117753 -0.00104150 -0.000976671 -0.000965013 -0.00106596 -0.00131968 -0.00163773 -0.00184662 -0.00186224 -0.00178678 -0.00179212 -0.00192350 -0.00207352 -0.00215353 -0.00221225 -0.00233256 -0.00247779 -0.00254121 -0.00252612 -0.00256076 -0.00270981 -0.00288311 -0.00299428 -0.00311017 -0.00333610 -0.00360970 -0.00372766 -0.00356251 -0.00315536 -0.00260859 -0.00200360 -0.00143586 -0.00100608 -0.000716381 -0.000462847 -0.000192052 0.00000 0.00000 0.00000 0.00000 0.00000 0.00000 0.00000 0.00000 0.00000 0.00000 0.00000 0.00000 0.00000 0.00000 0.00000 0.00000 0.00000 0.00000 0.00000 0.00000 0.00000 0.00000 0.00000 0.00000 0.00000 0.00000 0.00000 0.00000 0.00000 0.00000 0.00000 0.00000 0.00000 0.00000 0.00000 0.00000 0.00000 0.00000 0.00000 0.00000 0.00000 0.00000 0.00000 0.00000 0.00000 0.00000 0.00000 0.00000 0.00000 0.00000 0.00000 0.00000 0.00000 0.00000 0.00000 0.00000 0.00000 0.00000 0.00000 0.00000 0.00000 0.00000 0.00000 0.00000 0.00000 0.00000 0.00000 0.00000 0.00000 0.00000 0.00000 0.00000 0.00000 0.00000 0.00000 0.00000 0.00000 0.00000 0.00000 0.00000 0.00000 0.00000 0.00000 0.00000 0.00000 0.00000 0.00000 0.00000 0.00000 0.00000 0.00000 0.00000 0.00000 0.00000 0.00000 0.00000 0.00000 0.00000 0.00000 0.00000 0.00000 0.00000 0.00000 0.00000 0.00000 0.00000 0.00000 0.00000 0.00000 0.00000 0.00000 0.00000 0.00000 0.00000 0.00000 0.00000 0.00000 0.00000 0.00000 0.00000 0.00000 0.00000 0.00000 0.00000 0.00000 0.00000 0.00000 0.00000 0.00000 0.00000 0.00000 0.00000 0.00000 0.00000 0.00000 0.00000 0.00000 0.00000 0.00000 0.00000 0.00000 0.00000 0.00000 0.00000 0.00000 0.00000 0.00000 0.00000 0.00000 0.00000 0.00000 0.00000 0.00000 0.00000 0.00000 0.00000 0.00000 0.00000 0.00000 0.00000 0.00000 0.00000 0.00000 0.00000 0.00000 0.00000 0.00000 0.00000 0.00000 0.00000 0.00000 0.00000 0.00000 0.00000 0.00000 0.00000 0.00000 0.00000 0.00000 0.00000 0.00000 0.00000 0.00000 0.00000 0.00000 0.00000 0.00000 0.00000 0.00000 0.00000 0.00000 0.00000 0.00000 0.00000 0.00000 0.00000 0.00000 0.00000 0.00000 0.00000 0.00000 0.00000 0.00000 0.00000 0.00000 0.00000 0.00000 0.00000 0.00000 0.00000 0.00000 0.00000 0.00000 0.00000 0.00000 0.00000 0.00000 0.00000 0.00000 0.00000 0.00000 0.00000 0.00000 0.00000 0.00000 0.00000 0.00000 0.00000 0.00000 0.00000 0.00000 0.00000 0.00000 0.00000 0.00000 0.00000 0.00000 0.00000 0.00000 0.00000 0.00000 0.00000 0.00000 0.00000 0.00000 0.00000 0.00000 0.00000 0.00000 0.00000 -0.00638899 0.000531907 0.0100254 0.000751247 -0.0133855 0.0356893 0.185163 0.336939 0.306977 0.0284634 -0.327122 -0.489549 -0.349843 -0.0464907 0.195043 0.257609 0.171690 0.0394652 -0.0280218 0.0506816 0.263467 0.466583 0.474655 0.236226 -0.0940857 -0.285375 -0.230767 -0.0162221 0.181704 0.238855 0.145793 -0.0181758 -0.148816 -0.182891 -0.137987 -0.0920146 -0.107009 -0.167469 -0.201001 -0.159121 -0.0673685 0.00501788 0.0114908 -0.0414029 -0.113993 -0.164806 -0.165760 -0.109915 -0.0205704 0.0541755 0.0737013 0.0401257 -0.00260449 -0.00942054 0.0268985 0.0768729 0.107175 0.106294 0.0831676 0.0535007 0.0319754 0.0280136 0.0382184 0.0448394 0.0309902 -0.000531811 -0.0293131 -0.0395595 -0.0345438 -0.0274039 -0.0252851 -0.0280796 -0.0364769 -0.0517212 -0.0683682 -0.0760855 -0.0715076 -0.0625688 -0.0577057 -0.0551591 -0.0470045 -0.0309056 -0.0130081 0.0000437852 0.00700545 0.00924636 0.00693550 0.000965251 -0.00412941 -0.00303815 0.00471032 0.0142924 0.0207197 0.0226056 0.0214815 0.0198333 0.0199949 0.0228054 0.0261621 0.0260204 0.0201106 0.0103526 0.00121066 -0.00364292 -0.00309693 0.00124457 0.00549811 0.00529958 -0.000902464 -0.0101136 -0.0174120 -0.0205292 -0.0211717 -0.0221888 -0.0247785 -0.0284156 -0.0317410 -0.0326208 -0.0287939 -0.0202334 -0.0104751 -0.00413837 -0.00293474 -0.00484078 -0.00688795 -0.00757372 -0.00653271 -0.00351218 0.00109869 0.00552058 0.00777777 0.00779924 0.00758103 0.00907966 0.0123859 0.0159052 0.0176495 0.0162825 0.0118263 0.00599387 0.00135857 -0.000587986 -0.000659844 -0.00101840 -0.00301663 -0.00606292 -0.00826723 -0.00795306 -0.00495568 -0.00105889 0.000934315 -0.000762876 -0.00539333 -0.0102123 -0.0126484 -0.0119594 -0.00918077 -0.00607658 -0.00415079 -0.00388601 -0.00431029 -0.00359607 -0.000780591 0.00297684 0.00523461 0.00452343 0.00160259 -0.00145743 -0.00305840 -0.00291208 -0.00167239 -0.000222636 0.000864201 0.00162941 0.00257844 0.00400601 0.00544086 0.00591105 0.00474180 0.00198658 -0.00172721 -0.00543030 -0.00799931 -0.00865463 -0.00756504 -0.00572460 -0.00402867 -0.00264601 -0.00142035 -0.000536265 -0.000423579 -0.00120399 -0.00266982 -0.00474158 -0.00743608 -0.0102165 -0.0118167 -0.0111236 -0.00815018 -0.00396727 0.000124807 0.00310990 0.00426618 0.00334232 0.000956089 -0.00160079 -0.00335294 -0.00433391 -0.00507717 -0.00561094 -0.00534308 -0.00392292 -0.00182717 0.0000587219 0.00116410 0.00136674 0.000693081 -0.000758174 -0.00265005 -0.00446925 -0.00583536 -0.00661982 -0.00677867 -0.00625453 -0.00508500 -0.00347285 -0.00171014 -0.000137673 0.000849936 0.000955958 0.000211498 -0.00105349 -0.00246118 -0.00364740 -0.00411999 -0.00339864 -0.00150912 0.000826490 0.00268889 0.00359064 0.00357222 0.00291073 0.00192157 0.000867935 -0.000180378 -0.00132200 -0.00249239 -0.00327359 -0.00322124 -0.00228973 -0.000811757 0.000740853 0.00180538 0.00186336 0.000928363 -0.000290799 -0.00113973 -0.00175866 -0.00257402 -0.00323916 -0.00285254 -0.00135284 0.00000 0.00000 0.00000 0.00000 0.00000 0.00000 0.00000 0.00000 0.00000 0.00000 0.00000 0.00000 0.00000 0.00000 0.00000 0.00000 0.00000 0.00000 0.00000 0.00000 0.00000 0.00000 0.00000 0.00000 0.00000 0.00000 0.00000 0.00000 0.00000 0.00000 0.00000 0.00000 0.00000 0.00000 0.00000 0.00000 0.00000 0.00000 0.00000 0.00000 0.00000 0.00000 0.00000 0.00000 0.00000 0.00000 0.00000 0.00000 0.00000 0.00000 0.00000 0.00000 0.00000 0.00000 0.00000 0.00000 0.00000 0.00000 0.00000 0.00000 0.00000 0.00000 0.00000 0.00000 0.00000 0.00000 0.00000 0.00000 0.00000 0.00000 0.00000 0.00000 0.00000 0.00000 0.00000 0.00000 0.00000 0.00000 0.00000 0.00000 0.00000 0.00000 0.00000 0.00000 0.00000 0.00000 0.00000 0.00000 0.00000 0.00000 0.00000 0.00000 0.00000 0.00000 0.00000 0.00000 0.00000 0.00000 0.00000 0.00000 0.00000 0.00000 0.00000 0.00000 0.00000 0.00000 0.00000 0.00000 0.00000 0.00000 0.00000 0.00000 0.00000 0.00000 0.00000 0.00000 0.00000 0.00000 0.00000 0.00000 0.00000 0.00000 0.00000 0.00000 0.00000 0.00000 0.00000 0.00000 0.00000 0.00000 0.00000 0.00000 0.00000 0.00000 0.00000 0.00000 0.00000 0.00000 0.00000 0.00000 0.00000 0.00000 0.00000 0.00000 0.00000 0.00000 0.00000 0.00000 0.00000 0.00000 0.00000 0.00000 0.00000 0.00000 0.00000 0.00000 0.00000 0.00000 0.00000 0.00000 0.00000 0.00000 0.00000 0.00000 0.00000 0.00000 0.00000 0.00000 0.00000 0.00000 0.00000 0.00000 0.00000 0.00000 0.00000 0.00000 0.00000 0.00000 0.00000 0.00000 0.00000 0.00000 0.00000 0.00000 0.00000 0.00000 0.00000 0.00000 0.00000 0.00000 0.00000 0.00000 0.00000 0.00000 0.00000 0.00000 0.00000 0.00000 0.00000 0.00000 0.00000 0.00000 0.00000 0.00000 0.00000 0.00000 0.00000 0.00000 0.00000 0.00000 0.00000 0.00000 0.00000 0.00000 0.00000 0.00000 0.00000 0.00000 0.00000 0.00000 0.00000 0.00000 0.00000 0.00000 0.00000 0.00000 0.00000 0.00000 0.00000 0.00000 0.00000 0.00000 0.00000 0.00000 0.00000 0.00000 0.00000 0.00000 0.00000 0.00000 0.00000 0.00000 0.00000 0.00000 0.00000 0.00000 0.00000 0.00000 0.00000 0.00000
0.0000190716 0.00000868860 -4.96656e-8 0.0000122138 0.0000363621 0.0000431675 0.0000229281 -0.00000190462 -0.00000306621 0.0000179705 0.0000364521 0.0000316868 0.00000677491 -0.0000115738 -0.00000591398 0.0000129210 0.0000208588 0.0000124568 0.00000211040 -8.66122e-7 -2.30539e-7 -1.73335e-7 -1.97437e-7 -6.50952e-7 -0.00000236186 0.00000499064 0.0000257259 0.0000422373 0.0000331117 0.0000125351 0.00000963340 0.0000233915 0.0000267534 0.0000164502 0.0000149795 0.0000193210 0.0000100616 -1.52710e-7 0.0000138025 0.0000170272 -0.0000242559 -0.0000347880 0.0000895913 0.000250707 0.000212940 -0.0000152333 -0.0000931161 0.000150935 0.000390101 0.000292841 0.000104355 0.000212839 0.000335262 0.0000623816 0.000483563 0.00407719 0.0115895 0.0192460 0.0207406 0.0131942 0.000817831 -0.00818498 -0.00855732 -0.00182058 0.00614083 0.0104007 0.0100712 0.00744473 0.00529492 0.00513769 0.00753511 0.0134006 0.0241346 0.0394947 0.0551297 0.0634909 0.0590258 0.0432686 0.0242113 0.00992779 0.00274889 -0.000351141 -0.00254910 -0.00346565 -0.000630429 0.00653875 0.0152043 0.0214449 0.0234985 0.0226367 0.0214396 0.0215894 0.0228742 0.0234894 0.0210837 0.0142277 0.00374294 -0.00726773 -0.0153034 -0.0190369 -0.0202958 -0.0224839 -0.0278127 -0.0355673 -0.0425322 -0.0451493 -0.0420323 -0.0351047 -0.0282363 -0.0242391 -0.0229091 -0.0219710 -0.0196578 -0.0159898 -0.0118029 -0.00743098 -0.00281716 0.00165444 0.00524646 0.00776365 0.00976086 0.0116863 0.0132591 0.0139512 0.0137460 0.0130528 0.0120439 0.0104665 0.00811696 0.00519100 0.00206824 -0.000994815 -0.00379547 -0.00601431 -0.00737821 -0.00799020 -0.00833132 -0.00887193 -0.00973122 -0.0107003 -0.0114967 -0.0119642 -0.0121167 -0.0120755 -0.0119800 -0.0119128 -0.0118694 -0.0117352 -0.0112812 -0.0102861 -0.00878094 -0.00715646 -0.00590564 -0.00520205 -0.00478744 -0.00428525 -0.00353473 -0.00258698 -0.00153385 -0.000490003 0.000346707 0.000827431 0.00106319 0.00132944 0.00168620 0.00183218 0.00145162 0.000606807 -0.000338995 -0.00111415 -0.00170767 -0.00219015 -0.00257658 -0.00293155 -0.00343722 -0.00418286 -0.00495385 -0.00538076 -0.00532690 -0.00502362 -0.00479591 -0.00473680 -0.00470231 -0.00454091 -0.00423597 -0.00384736 -0.00341358 -0.00295517 -0.00253193 -0.00223953 -0.00212459 -0.00211523 -0.00206641 -0.00190273 -0.00170017 -0.00158430 -0.00154380 -0.00140550 -0.00103904 -0.000552550 -0.000225243 -0.000245326 -0.000554368 -0.000937854 -0.00120684 -0.00128400 -0.00120267 -0.00110292 -0.00119045 -0.00159482 -0.00222866 -0.00283419 -0.00320289 -0.00332917 -0.00333781 -0.00331320 -0.00324818 -0.00313500 -0.00303542 -0.00303550 -0.00315723 -0.00333826 -0.00348512 -0.00352923 -0.00343723 -0.00319466 -0.00280780 -0.00233398 -0.00189260 -0.00161112 -0.00153852 -0.00161420 -0.00172343 -0.00177511 -0.00173886 -0.00164821 -0.00159084 -0.00166537 -0.00190458 -0.00223417 -0.00252062 -0.00266232 -0.00263682 -0.00247970 -0.00223374 -0.00191730 -0.00154449 -0.00117891 -0.000932080 -0.000861143 -0.000891089 -0.000909661 -0.000926734 -0.00103544 -0.00120429 -0.00125486 -0.00112811 -0.00102376 -0.00111306 -0.00121732 -0.000998723 -0.000452774 0.00000 0.00000 0.00000 0.00000 0.00000 0.00000 0.00000 0.00000 0.00000 0.00000 0.00000 0.00000 0.00000 0.00000 0.00000 0.00000 0.00000 0.00000 0.00000 0.00000 0.00000 0.00000 0.00000 0.00000 0.00000 0.00000 0.00000 0.00000 0.00000 0.00000 0.00000 0.00000 0.00000 0.00000 0.00000 0.00000 0.00000 0.00000 0.00000 0.00000 0.00000 0.00000 0.00000 0.00000 0.00000 0.00000 0.00000 0.00000 0.00000 0.00000 0.00000 0.00000 0.00000 0.00000 0.00000 0.00000 0.00000 0.00000 0.00000 0.00000 0.00000 0.00000 0.00000 0.00000 0.00000 0.00000 0.00000 0.00000 0.00000 0.00000 0.00000 0.00000 0.00000 0.00000 0.00000 0.00000 0.00000 0.00000 0.00000 0.00000 0.00000 0.00000 0.00000 0.00000 0.00000 0.00000 0.00000 0.00000 0.00000 0.00000 0.00000 0.00000 0.00000 0.00000 0.00000 0.00000 0.00000 0.00000 0.00000 0.00000 0.00000 0.00000 0.00000 0.00000 0.00000 0.00000 0.00000 0.00000 0.00000 0.00000 0.00000 0.00000 0.00000 0.00000 0.00000 0.00000 0.00000 0.00000 0.00000 0.00000 0.00000 0.00000 0.00000 0.00000 0.00000 0.00000 0.00000 0.00000 0.00000 0.00000 0.00000 0.00000 0.00000 0.00000 0.00000 0.00000 0.00000 0.00000 0.00000 0.00000 0.00000 0.00000 0.00000 0.00000 0.00000 0.00000 0.00000 0.00000 0.00000 0.00000 0.00000 0.00000 0.00000 0.00000 0.00000 0.00000 0.00000 0.00000 0.00000 0.00000 0.00000 0.00000 0.00000 0.00000 0.00000 0.00000 0.00000 0.00000 0.00000 0.00000 0.00000 0.00000 0.00000 0.00000 0.00000 0.00000 0.00000 0.00000 0.00000 0.00000 0.00000 0.00000 0.00000 0.00000 0.00000 0.00000 0.00000 0.00000 0.00000 0.00000 0.00000 0.00000 0.00000 0.00000 0.00000 0.00000 0.00000 0.00000 0.00000 0.00000 0.00000 0.00000 0.00000 0.00000 0.00000 0.00000 0.00000 0.00000 0.00000 0.00000 0.00000 0.00000 0.00000 0.00000 0.00000 0.00000 0.00000 0.00000 0.00000 0.00000 0.00000 0.00000 0.00000 0.00000 0.00000 0.00000 0.00000 0.00000 0.00000 0.00000 0.00000 0.00000 0.00000 0.00000 0.00000 0.00000 0.00000 0.00000 0.00000 0.00000 0.00000 0.00000 0.00000 0.00000 0.00000 0.00000 0.00000 0.00000 0.00000 0.00000 0.000610291 -0.00809503 -0.00249908 0.0100783 0.00248645 -0.0125035 0.0351047 0.179047 0.317378 0.274595 0.000499048 -0.329287 -0.460371 -0.303270 -0.00322095 0.218651 0.253941 0.147923 0.0204775 -0.0165596 0.0882363 0.283922 0.422461 0.362215 0.105555 -0.178058 -0.289474 -0.165566 0.0842447 0.281649 0.309313 0.170542 -0.0336390 -0.178228 -0.198115 -0.129563 -0.0701174 -0.0850807 -0.149105 -0.181289 -0.134058 -0.0419318 0.0149765 -0.0119098 -0.0996377 -0.181226 -0.203676 -0.160672 -0.0817777 -0.00365612 0.0474751 0.0601939 0.0410093 0.0144869 0.00898701 0.0337349 0.0710190 0.0938766 0.0900299 0.0680772 0.0455880 0.0353716 0.0388215 0.0450868 0.0373974 0.00788053 -0.0309082 -0.0543470 -0.0496212 -0.0284385 -0.0131689 -0.0141495 -0.0251317 -0.0371628 -0.0483160 -0.0586450 -0.0637798 -0.0594240 -0.0485579 -0.0383510 -0.0310569 -0.0229187 -0.0117380 -0.000810552 0.00539688 0.00589586 0.00235509 -0.00322685 -0.00812266 -0.00872993 -0.00356337 0.00453570 0.0110339 0.0139040 0.0142039 0.0136069 0.0130710 0.0134524 0.0152614 0.0173055 0.0171167 0.0133409 0.00701370 0.000532318 -0.00372843 -0.00404048 -0.000462605 0.00383294 0.00409544 -0.00143326 -0.00925754 -0.0143593 -0.0155674 -0.0158501 -0.0179403 -0.0215567 -0.0249118 -0.0267580 -0.0260452 -0.0215514 -0.0136630 -0.00563006 -0.00126709 -0.00145715 -0.00396948 -0.00627994 -0.00721609 -0.00622547 -0.00304395 0.00125088 0.00433598 0.00494497 0.00439700 0.00500471 0.00750768 0.0107482 0.0131577 0.0135987 0.0113542 0.00668034 0.00149587 -0.00162815 -0.00178049 -0.000558355 -0.000318772 -0.00200512 -0.00474937 -0.00684786 -0.00674472 -0.00393499 0.000138207 0.00246374 0.000839820 -0.00387121 -0.00841816 -0.0101725 -0.00902200 -0.00651232 -0.00413509 -0.00274930 -0.00261482 -0.00304350 -0.00252258 -0.000200857 0.00275799 0.00404446 0.00255660 -0.000597047 -0.00341426 -0.00470801 -0.00445170 -0.00321550 -0.00175155 -0.000668107 0.0000713005 0.00116287 0.00304080 0.00503233 0.00580299 0.00460126 0.00179814 -0.00163059 -0.00470179 -0.00656287 -0.00668426 -0.00529807 -0.00335891 -0.00172214 -0.000516173 0.000445419 0.000909166 0.000297385 -0.00149921 -0.00391396 -0.00635223 -0.00858890 -0.0103223 -0.0107864 -0.00929032 -0.00605805 -0.00221011 0.00103715 0.00292924 0.00313331 0.00168324 -0.000831593 -0.00335424 -0.00498663 -0.00553926 -0.00538509 -0.00489094 -0.00411642 -0.00296690 -0.00147573 0.0000480376 0.00106500 0.00107155 -0.0000322099 -0.00183671 -0.00375378 -0.00539607 -0.00656415 -0.00703404 -0.00663384 -0.00552193 -0.00411393 -0.00263974 -0.00101491 0.000701213 0.00195749 0.00210264 0.00105722 -0.000611858 -0.00221360 -0.00329284 -0.00353680 -0.00271640 -0.000955112 0.00110187 0.00262794 0.00316646 0.00280803 0.00190699 0.000748544 -0.000522710 -0.00178792 -0.00287656 -0.00360072 -0.00380964 -0.00339667 -0.00234107 -0.000861417 0.000506447 0.00118246 0.00101308 0.000369253 -0.000313112 -0.000934504 -0.00152225 -0.00182870 -0.00150563 -0.000675193 0.00000 0.00000 0.00000 0.00000 0.00000 0.00000 0.00000 0.00000 0.00000 0.00000 0.00000 0.00000 0.00000 0.00000 0.00000 0.00000 0.00000 0.00000 0.00000 0.00000 0.00000 0.00000 0.00000 0.00000 0.00000 0.00000 0.00000 0.00000 0.00000 0.00000 0.00000 0.00000 0.00000 0.00000 0.00000 0.00000 0.00000 0.00000 0.00000 0.00000 0.00000 0.00000 0.00000 0.00000 0.00000 0.00000 0.00000 0.00000 0.00000 0.00000 0.00000 0.00000 0.00000 0.00000 0.00000 0.00000 0.00000 0.00000 0.00000 0.00000 0.00000 0.00000 0.00000 0.00000 0.00000 0.00000 0.00000 0.00000 0.00000 0.00000 0.00000 0.00000 0.00000 0.00000 0.00000 0.00000 0.00000 0.00000 0.00000 0.00000 0.00000 0.00000 0.00000 0.00000 0.00000 0.00000 0.00000 0.00000 0.00000 0.00000 0.00000 0.00000 0.00000 0.00000 0.00000 0.00000 0.00000 0.00000 0.00000 0.00000 0.00000 0.00000 0.00000 0.00000 0.00000 0.00000 0.00000 0.00000 0.00000 0.00000 0.00000 0.00000 0.00000 0.00000 0.00000 0.00000 0.00000 0.00000 0.00000 0.00000 0.00000 0.00000 0.00000 0.00000 0.00000 0.00000 0.00000 0.00000 0.00000 0.00000 0.00000 0.00000 0.00000 0.00000 0.00000 0.00000 0.00000 0.00000 0.00000 0.00000 0.00000 0.00000 0.00000 0.00000 0.00000 0.00000 0.00000 0.00000 0.00000 0.00000 0.00000 0.00000 0.00000 0.00000 0.00000 0.00000 0.00000 0.00000 0.00000 0.00000 0.00000 0.00000 0.00000 0.00000 0.00000 0.00000 0.00000 0.00000 0.00000 0.00000 0.00000 0.00000 0.00000 0.00000 0.00000 0.00000 0.00000 0.00000 0.00000 0.00000 0.00000 0.00000 0.00000 0.00000 0.00000 0.00000 0.00000 0.00000 0.00000 0.00000 0.00000 0.00000 0.00000 0.00000 0.00000 0.00000 0.00000 0.00000 0.00000 0.00000 0.00000 0.00000 0.00000 0.00000 0.00000 0.00000 0.00000 0.00000 0.00000 0.00000 0.00000 0.00000 0.00000 0.00000 0.00000 0.00000 0.00000 0.00000 0.00000 0.00000 0.00000 0.00000 0.00000 0.00000 0.00000 0.00000 0.00000 0.00000 0.00000 0.00000 0.00000 0.00000 0.00000 0.00000 0.00000 0.00000 0.00000 0.00000 0.00000 0.00000 0.00000 0.00000 0.00000 0.00000 0.00000 0.00000 0.00000 0.00000 0.00000 0.00000
0.0000190716 0.0000271005 0.0000196229 0.00000847256 0.0000169872 0.0000408673 0.0000564697 0.0000529744 0.0000403454 0.0000294084 0.0000208784 0.0000124468 0.00000288166 -0.00000813166 -0.0000176909 -0.0000174578 -0.00000524182 0.00000624127 0.00000387924 -0.00000284701 0.00000831633 0.0000311876 0.0000326769 0.00000124484 -0.0000234626 -0.00000599547 0.0000299713 0.0000355879 0.0000188962 0.0000250213 0.0000448606 0.0000279949 -0.00000346013 0.0000396460 0.000137360 0.000138866 0.00000892269 -0.0000539623 0.0000700701 0.000172736 0.0000458438 -0.0000974562 0.0000595691 0.000308526 0.000194283 -0.0000747780 0.000177838 0.000726075 0.000526434 0.000313696 0.00394006 0.0144393 0.0279535 0.0339785 0.0245308 0.00335580 -0.0156777 -0.0203567 -0.0101345 0.00510206 0.0145913 0.0143902 0.00756349 -0.000159475 -0.00371277 0.000539670 0.0142812 0.0354419 0.0570190 0.0695462 0.0670379 0.0518002 0.0331636 0.0204441 0.0162905 0.0163943 0.0150926 0.0107065 0.00563031 0.00231396 0.000182341 -0.00345743 -0.0101534 -0.0183898 -0.0247826 -0.0269605 -0.0253872 -0.0226466 -0.0210662 -0.0208754 -0.0203625 -0.0175503 -0.0117287 -0.00373634 0.00474822 0.0120532 0.0170708 0.0195884 0.0203618 0.0206683 0.0213477 0.0219689 0.0209963 0.0171235 0.0107222 0.00386982 -0.00137320 -0.00480847 -0.00803300 -0.0124546 -0.0176042 -0.0215794 -0.0229340 -0.0218749 -0.0198124 -0.0181696 -0.0175977 -0.0178217 -0.0179215 -0.0169997 -0.0149118 -0.0123659 -0.0102292 -0.00885044 -0.00808699 -0.00765738 -0.00717264 -0.00605080 -0.00389099 -0.00105029 0.00148380 0.00299571 0.00363826 0.00400262 0.00432251 0.00434251 0.00383660 0.00294025 0.00194733 0.00103696 0.000266405 -0.000376147 -0.00106906 -0.00214255 -0.00373468 -0.00549047 -0.00680030 -0.00737632 -0.00746848 -0.00749535 -0.00762575 -0.00780800 -0.00804110 -0.00840069 -0.00881044 -0.00898802 -0.00871677 -0.00808106 -0.00735091 -0.00669482 -0.00610667 -0.00558598 -0.00525899 -0.00523074 -0.00535092 -0.00520838 -0.00442283 -0.00297285 -0.00125110 0.000205307 0.00106849 0.00136548 0.00134393 0.00123279 0.00111700 0.000972735 0.000757248 0.000453651 0.0000675368 -0.000374129 -0.000810737 -0.00115451 -0.00134246 -0.00139195 -0.00140403 -0.00150180 -0.00175716 -0.00215625 -0.00261439 -0.00301862 -0.00328635 -0.00341435 -0.00347218 -0.00352716 -0.00357703 -0.00358225 -0.00356841 -0.00365194 -0.00391933 -0.00429597 -0.00458070 -0.00461472 -0.00437798 -0.00392564 -0.00331076 -0.00262473 -0.00204890 -0.00174446 -0.00166273 -0.00155330 -0.00123568 -0.000826921 -0.000628567 -0.000803217 -0.00123849 -0.00172715 -0.00217756 -0.00259395 -0.00293963 -0.00313314 -0.00315901 -0.00308923 -0.00298780 -0.00286626 -0.00273492 -0.00262167 -0.00252389 -0.00241726 -0.00233628 -0.00237723 -0.00258306 -0.00287366 -0.00311200 -0.00319580 -0.00308517 -0.00281327 -0.00248142 -0.00217076 -0.00185388 -0.00147644 -0.00111450 -0.000920261 -0.000895031 -0.000863308 -0.000712019 -0.000499459 -0.000281429 -0.0000248126 0.000219676 0.000277454 0.000121733 -0.0000346757 -0.0000929027 -0.000268834 -0.000702930 -0.00113984 -0.00134858 -0.00160247 -0.00222325 -0.00278787 -0.00244909 -0.00115579 0.00000 0.00000 0.00000 0.00000 0.00000 0.00000 0.00000 0.00000 0.00000 0.00000 0.00000 0.00000 0.00000 0.00000 0.00000 0.00000 0.00000 0.00000 0.00000 0.00000 0.00000 0.00000 0.00000 0.00000 0.00000 0.00000 0.00000 0.00000 0.00000 0.00000 0.00000 0.00000 0.00000 0.00000 0.00000 0.00000 0.00000 0.00000 0.00000 0.00000 0.00000 0.00000 0.00000 0.00000 0.00000 0.00000 0.00000 0.00000 0.00000 0.00000 0.00000 0.00000 0.00000 0.00000 0.00000 0.00000 0.00000 0.00000 0.00000 0.00000 0.00000 0.00000 0.00000 0.00000 0.00000 0.00000 0.00000 0.00000 0.00000 0.00000 0.00000 0.00000 0.00000 0.00000 0.00000 0.00000 0.00000 0.00000 0.00000 0.00000 0.00000 0.00000 0.00000 0.00000 0.00000 0.00000 0.00000 0.00000 0.00000 0.00000 0.00000 0.00000 0.00000 0.00000 0.00000 0.00000 0.00000 0.00000 0.00000 0.00000 0.00000 0.00000 0.00000 0.00000 0.00000 0.00000 0.00000 0.00000 0.00000 0.00000 0.00000 0.00000 0.00000 0.00000 0.00000 0.00000 0.00000 0.00000 0.00000 0.00000 0.00000 0.00000 0.00000 0.00000 0.00000 0.00000 0.00000 0.00000 0.00000 0.00000 0.00000 0.00000 0.00000 0.00000 0.00000 0.00000 0.00000 0.00000 0.00000 0.00000 0.00000 0.00000 0.00000 0.00000 0.00000 0.00000 0.00000 0.00000 0.00000 0.00000 0.00000 0.00000 0.00000 0.00000 0.00000 0.00000 0.00000 0.00000 0.00000 0.00000 0.00000 0.00000 0.00000 0.00000 0.00000 0.00000 0.00000 0.00000 0.00000 0.00000 0.00000 0.00000 0.00000 0.00000 0.00000 0.00000 0.00000 0.00000 0.00000 0.00000 0.00000 0.00000 0.00000 0.00000 0.00000 0.00000 0.00000 0.00000 0.00000 0.00000 0.00000 0.00000 0.00000 0.00000 0.00000 0.00000 0.00000 0.00000 0.00000 0.00000 0.00000 0.00000 0.00000 0.00000 0.00000 0.00000 0.00000 0.00000 0.00000 0.00000 0.00000 0.00000 0.00000 0.00000 0.00000 0.00000 0.00000 0.00000 0.00000 0.00000 0.00000 0.00000 0.00000 0.00000 0.00000 0.00000 0.00000 0.00000 0.00000 0.00000 0.00000 0.00000 0.00000 0.00000 0.00000 0.00000 0.00000 0.00000 0.00000 0.00000 0.00000 0.00000 0.00000 0.00000 0.00000 0.00000 0.00000 0.00000 0.00000 0.00000 -0.000953580 0.00499666 0.00252242 -0.00610270 -0.00481891 0.00683564 0.00601863 -0.00960554 0.00996904 0.110888 0.241214 0.260601 0.0853781 -0.191340 -0.364460 -0.307993 -0.0819525 0.143877 0.238824 0.184860 0.0561274 -0.0339468 0.00422916 0.164179 0.321109 0.323495 0.139221 -0.0985673 -0.207647 -0.115593 0.0953408 0.274824 0.316229 0.207510 0.0189640 -0.143892 -0.204160 -0.163324 -0.0927992 -0.0656411 -0.0925904 -0.126097 -0.120694 -0.0801062 -0.0464858 -0.0543549 -0.100617 -0.152806 -0.176943 -0.157352 -0.0999270 -0.0266340 0.0332443 0.0569022 0.0433777 0.0163583 0.00609030 0.0244266 0.0574870 0.0818440 0.0849806 0.0706950 0.0509802 0.0371429 0.0347047 0.0394509 0.0377969 0.0174198 -0.0185090 -0.0505267 -0.0599392 -0.0458677 -0.0237400 -0.00958714 -0.00934244 -0.0208722 -0.0391187 -0.0566046 -0.0643715 -0.0582841 -0.0436676 -0.0300408 -0.0215505 -0.0154777 -0.00908188 -0.00364041 -0.00115681 -0.000833893 -0.000858761 -0.00125607 -0.00250987 -0.00290343 0.000131791 0.00641169 0.0126902 0.0159552 0.0158673 0.0140684 0.0124817 0.0125673 0.0146523 0.0169841 0.0164809 0.0114784 0.00354176 -0.00382716 -0.00792771 -0.00812805 -0.00558814 -0.00289727 -0.00318884 -0.00778113 -0.0143651 -0.0187352 -0.0188564 -0.0165385 -0.0149239 -0.0153330 -0.0170068 -0.0186201 -0.0187953 -0.0160568 -0.0100726 -0.00306823 0.00141016 0.00173577 -0.000570492 -0.00301901 -0.00442127 -0.00454836 -0.00298164 0.000279713 0.00366212 0.00505343 0.00424724 0.00335835 0.00445786 0.00746252 0.0105286 0.0117417 0.0101213 0.00589607 0.000701339 -0.00293053 -0.00336139 -0.00142423 0.000248859 -0.000338466 -0.00292944 -0.00561471 -0.00654259 -0.00515549 -0.00252270 -0.000801495 -0.00178055 -0.00529782 -0.00914934 -0.0108959 -0.00979062 -0.00696741 -0.00417256 -0.00258943 -0.00241310 -0.00285050 -0.00257849 -0.000845984 0.00160700 0.00305170 0.00240705 0.000210856 -0.00204257 -0.00318151 -0.00289639 -0.00152902 0.000207948 0.00151829 0.00204548 0.00219278 0.00263391 0.00344512 0.00394585 0.00342342 0.00177521 -0.000573131 -0.00302812 -0.00492688 -0.00563836 -0.00499392 -0.00356613 -0.00221604 -0.00136738 -0.000940368 -0.000896874 -0.00145278 -0.00267606 -0.00425684 -0.00587422 -0.00746383 -0.00883460 -0.00930877 -0.00821220 -0.00570811 -0.00280265 -0.000501420 0.000762118 0.000921255 0.0000105788 -0.00161990 -0.00317231 -0.00393367 -0.00391378 -0.00366705 -0.00349998 -0.00313749 -0.00222492 -0.000888525 0.000356524 0.00106896 0.00107155 0.000326258 -0.00111162 -0.00298311 -0.00483533 -0.00623029 -0.00691665 -0.00683233 -0.00605942 -0.00480627 -0.00333600 -0.00187062 -0.000617433 0.000138911 0.000129103 -0.000636551 -0.00179109 -0.00286248 -0.00350748 -0.00347082 -0.00255729 -0.000896612 0.000863736 0.00193722 0.00205442 0.00158851 0.00102174 0.000501391 -0.0000363624 -0.000585701 -0.00109866 -0.00158556 -0.00194581 -0.00183235 -0.000971327 0.000394219 0.00160082 0.00212038 0.00187287 0.00107343 0.0000577804 -0.000722707 -0.000877494 -0.000456918 0.00000 0.00000 0.00000 0.00000 0.00000 0.00000 0.00000 0.00000 0.00000 0.00000 0.00000 0.00000 0.00000 0.00000 0.00000 0.00000 0.00000 0.00000 0.00000 0.00000 0.00000 0.00000 0.00000 0.00000 0.00000 0.00000 0.00000 0.00000 0.00000 0.00000 0.00000 0.00000 0.00000 0.00000 0.00000 0.00000 0.00000 0.00000 0.00000 0.00000 0.00000 0.00000 0.00000 0.00000 0.00000 0.00000 0.00000 0.00000 0.00000 0.00000 0.00000 0.00000 0.00000 0.00000 0.00000 0.00000 0.00000 0.00000 0.00000 0.00000 0.00000 0.00000 0.00000 0.00000 0.00000 0.00000 0.00000 0.00000 0.00000 0.00000 0.00000 0.00000 0.00000 0.00000 0.00000 0.00000 0.00000 0.00000 0.00000 0.00000 0.00000 0.00000 0.00000 0.00000 0.00000 0.00000 0.00000 0.00000 0.00000 0.00000 0.00000 0.00000 0.00000 0.00000 0.00000 0.00000 0.00000 0.00000 0.00000 0.00000 0.00000 0.00000 0.00000 0.00000 0.00000 0.00000 0.00000 0.00000 0.00000 0.00000 0.00000 0.00000 0.00000 0.00000 0.00000 0.00000 0.00000 0.00000 0.00000 0.00000 0.00000 0.00000 0.00000 0.00000 0.00000 0.00000 0.00000 0.00000 0.00000 0.00000 0.00000 0.00000 0.00000 0.00000 0.00000 0.00000 0.00000 0.00000 0.00000 0.00000 0.00000 0.00000 0.00000 0.00000 0.00000 0.00000 0.00000 0.00000 0.00000 0.00000 0.00000 0.00000 0.00000 0.00000 0.00000 0.00000 0.00000 0.00000 0.00000 0.00000 0.00000 0.00000 0.00000 0.00000 0.00000 0.00000 0.00000 0.00000 0.00000 0.00000 0.00000 0.00000 0.00000 0.00000 0.00000 0.00000 0.00000 0.00000 0.00000 0.00000 0.00000 0.00000 0.00000 0.00000 0.00000 0.00000 0.00000 0.00000 0.00000 0.00000 0.00000 0.00000 0.00000 0.00000 0.00000 0.00000 0.00000 0.00000 0.00000 0.00000 0.00000 0.00000 0.00000 0.00000 0.00000 0.00000 0.00000 0.00000 0.00000 0.00000 0.00000 0.00000 0.00000 0.00000 0.00000 0.00000 0.00000 0.00000 0.00000 0.00000 0.00000 0.00000 0.00000 0.00000 0.00000 0.00000 0.00000 0.00000 0.00000 0.00000 0.00000 0.00000 0.00000 0.00000 0.00000 0.00000 0.00000 0.00000 0.00000 0.00000 0.00000 0.00000 0.00000 0.00000 0.00000 0.00000 0.00000 0.00000 0.00000 0.00000
0.0000572148 0.0000467832 0.00000202002 -0.0000226761 -0.00000274132 0.0000129869 -0.0000137039 -0.0000417162 -0.0000253225 0.00000210696 -0.0000112947 -0.0000390718 -0.0000278045 8.22344e-7 -0.00000829296 -0.0000369261 -0.0000286999 -0.00000979009 -0.0000379795 -0.0000699077 -0.0000211718 0.0000540087 0.0000291938 -0.0000605256 -0.0000532450 0.0000407846 0.0000329467 -0.0000846434 -0.0000761275 0.000107713 0.000166802 -0.0000397175 -0.000176972 0.0000137479 0.000187337 -0.0000367135 -0.000293942 -0.0000113352 0.000455382 0.000258701 -0.000323299 -0.0000748153 0.000858319 0.000819916 0.000677504 0.00623691 0.0223246 0.0430212 0.0516468 0.0353456 0.000274843 -0.0307833 -0.0379033 -0.0206619 0.00421444 0.0190080 0.0175099 0.00514393 -0.00747415 -0.00956838 0.00634570 0.0396941 0.0784445 0.103466 0.100911 0.0732123 0.0381399 0.0154660 0.0123929 0.0202219 0.0242696 0.0170097 0.00255456 -0.00998042 -0.0161252 -0.0192435 -0.0254617 -0.0365195 -0.0476626 -0.0520822 -0.0472018 -0.0368252 -0.0275346 -0.0233029 -0.0234055 -0.0245325 -0.0237707 -0.0196589 -0.0120114 -0.00222650 0.00650801 0.0108578 0.0101472 0.00727844 0.00633197 0.00915930 0.0142808 0.0187014 0.0204577 0.0196837 0.0178495 0.0163007 0.0153910 0.0147343 0.0140403 0.0134794 0.0131671 0.0125420 0.0106207 0.00698595 0.00235683 -0.00195884 -0.00515693 -0.00750437 -0.00999300 -0.0135207 -0.0182256 -0.0233453 -0.0276617 -0.0302383 -0.0308718 -0.0298785 -0.0276048 -0.0243366 -0.0205730 -0.0170070 -0.0140089 -0.0112886 -0.00832747 -0.00510358 -0.00216692 0.0000141565 0.00156834 0.00298426 0.00448860 0.00583419 0.00664293 0.00681831 0.00659658 0.00625353 0.00579508 0.00495660 0.00353325 0.00170221 -0.0000495273 -0.00136416 -0.00232174 -0.00325952 -0.00435014 -0.00546900 -0.00642614 -0.00717415 -0.00775024 -0.00813828 -0.00828555 -0.00820611 -0.00799094 -0.00773383 -0.00747907 -0.00718924 -0.00673340 -0.00599423 -0.00508317 -0.00437472 -0.00416912 -0.00431793 -0.00433458 -0.00392065 -0.00325666 -0.00271201 -0.00240138 -0.00214583 -0.00175838 -0.00118811 -0.000417186 0.000574951 0.00166276 0.00251734 0.00282308 0.00253260 0.00186555 0.00109912 0.000399321 -0.000207780 -0.000795319 -0.00145171 -0.00215253 -0.00269709 -0.00285332 -0.00261691 -0.00229850 -0.00229813 -0.00278718 -0.00361324 -0.00447496 -0.00513282 -0.00546463 -0.00542185 -0.00503570 -0.00447268 -0.00399728 -0.00379494 -0.00381404 -0.00381484 -0.00359935 -0.00319430 -0.00281120 -0.00264499 -0.00272158 -0.00292012 -0.00310673 -0.00322575 -0.00327732 -0.00324749 -0.00309363 -0.00278915 -0.00234947 -0.00181466 -0.00125007 -0.000782473 -0.000581385 -0.000745171 -0.00121057 -0.00180556 -0.00236723 -0.00277790 -0.00294270 -0.00283453 -0.00256295 -0.00230600 -0.00213423 -0.00195969 -0.00168290 -0.00133229 -0.00103310 -0.000896675 -0.000964529 -0.00119487 -0.00146261 -0.00162334 -0.00161636 -0.00147985 -0.00128079 -0.00110478 -0.00109036 -0.00133257 -0.00172333 -0.00203127 -0.00218810 -0.00233519 -0.00252465 -0.00258810 -0.00243526 -0.00225533 -0.00220894 -0.00213791 -0.00187880 -0.00166980 -0.00182365 -0.00207983 -0.00178961 -0.000844780 0.00000 0.00000 0.00000 0.00000 0.00000 0.00000 0.00000 0.00000 0.00000 0.00000 0.00000 0.00000 0.00000 0.00000 0.00000 0.00000 0.00000 0.00000 0.00000 0.00000 0.00000 0.00000 0.00000 0.00000 0.00000 0.00000 0.00000 0.00000 0.00000 0.00000 0.00000 0.00000 0.00000 0.00000 0.00000 0.00000 0.00000 0.00000 0.00000 0.00000 0.00000 0.00000 0.00000 0.00000 0.00000 0.00000 0.00000 0.00000 0.00000 0.00000 0.00000 0.00000 0.00000 0.00000 0.00000 0.00000 0.00000 0.00000 0.00000 0.00000 0.00000 0.00000 0.00000 0.00000 0.00000 0.00000 0.00000 0.00000 0.00000 0.00000 0.00000 0.00000 0.00000 0.00000 0.00000 0.00000 0.00000 0.00000 0.00000 0.00000 0.00000 0.00000 0.00000 0.00000 0.00000 0.00000 0.00000 0.00000 0.00000 0.00000 0.00000 0.00000 0.00000 0.00000 0.00000 0.00000 0.00000 0.00000 0.00000 0.00000 0.00000 0.00000 0.00000 0.00000 0.00000 0.00000 0.00000 0.00000 0.00000 0.00000 0.00000 0.00000 0.00000 0.00000 0.00000 0.00000 0.00000 0.00000 0.00000 0.00000 0.00000 0.00000 0.00000 0.00000 0.00000 0.00000 0.00000 0.00000 0.00000 0.00000 0.00000 0.00000 0.00000 0.00000 0.00000 0.00000 0.00000 0.00000 0.00000 0.00000 0.00000 0.00000 0.00000 0.00000 0.00000 0.00000 0.00000 0.00000 0.00000 0.00000 0.00000 0.00000 0.00000 0.00000 0.00000 0.00000 0.00000 0.00000 0.00000 0.00000 0.00000 0.00000 0.00000 0.00000 0.00000 0.00000 0.00000 0.00000 0.00000 0.00000 0.00000 0.00000 0.00000 0.00000 0.00000 0.00000 0.00000 0.00000 0.00000 0.00000 0.00000 0.00000 0.00000 0.00000 0.00000 0.00000 0.00000 0.00000 0.00000 0.00000 0.00000 0.00000 0.00000 0.00000 0.00000 0.00000 0.00000 0.00000 0.00000 0.00000 0.00000 0.00000 0.00000 0.00000 0.00000 0.00000 0.00000 0.00000 0.00000 0.00000 0.00000 0.00000 0.00000 0.00000 0.00000 0.00000 0.00000 0.00000 0.00000 0.00000 0.00000 0.00000 0.00000 0.00000 0.00000 0.00000 0.00000 0.00000 0.00000 0.00000 0.00000 0.00000 0.00000 0.00000 0.00000 0.00000 0.00000 0.00000 0.00000 0.00000 0.00000 0.00000 0.00000 0.00000 0.00000 0.00000 0.00000 0.00000 0.00000 0.00000 0.00101079 0.000828580 -0.00140932 -0.00181813 0.00151097 0.00306816 -0.00132278 -0.00468176 0.000644680 0.00600013 -0.00127516 -0.00436371 0.0388509 0.134437 0.209065 0.164618 -0.0102673 -0.203149 -0.270987 -0.167408 0.0254864 0.175214 0.197101 0.0987567 -0.0336630 -0.0884808 -0.00560208 0.165168 0.289031 0.258327 0.0945819 -0.0658121 -0.0926257 0.0292553 0.198977 0.289156 0.237243 0.0760052 -0.0992019 -0.195313 -0.180040 -0.0978031 -0.0297716 -0.0283846 -0.0816819 -0.135423 -0.146516 -0.116841 -0.0824889 -0.0764301 -0.100922 -0.130103 -0.134428 -0.103156 -0.0487750 0.00421502 0.0342719 0.0337428 0.0132593 -0.00366746 0.00332727 0.0350798 0.0719211 0.0906065 0.0827911 0.0583008 0.0341080 0.0220270 0.0232755 0.0293384 0.0277068 0.0114114 -0.0140275 -0.0344663 -0.0398684 -0.0328336 -0.0241801 -0.0220213 -0.0267026 -0.0342776 -0.0411335 -0.0447418 -0.0432838 -0.0372246 -0.0302258 -0.0261590 -0.0249954 -0.0231729 -0.0181817 -0.0112990 -0.00557115 -0.00252102 -0.00148864 -0.00104580 0.000134354 0.00315648 0.00820906 0.0138410 0.0177536 0.0185951 0.0169379 0.0146776 0.0136223 0.0143359 0.0157474 0.0157291 0.0126293 0.00665457 -0.000215975 -0.00553422 -0.00771043 -0.00674937 -0.00443711 -0.00365387 -0.00643124 -0.0119891 -0.0171314 -0.0191629 -0.0182267 -0.0165286 -0.0157936 -0.0160787 -0.0165741 -0.0164791 -0.0149778 -0.0114784 -0.00655783 -0.00208141 0.000320600 0.000686038 0.000229748 -0.000142722 -0.000167040 0.000525558 0.00235312 0.00476693 0.00619607 0.00563951 0.00392718 0.00292096 0.00370238 0.00584870 0.00805675 0.00893609 0.00756944 0.00417960 0.000427620 -0.00163192 -0.00141466 -0.000466979 -0.000976744 -0.00369059 -0.00735352 -0.00991499 -0.0100929 -0.00813887 -0.00564692 -0.00460372 -0.00603401 -0.00912184 -0.0117302 -0.0120460 -0.00988952 -0.00660169 -0.00388082 -0.00264828 -0.00259443 -0.00249679 -0.00118866 0.00137363 0.00392429 0.00496336 0.00409896 0.00227919 0.000828874 0.000467550 0.00112810 0.00226753 0.00317125 0.00330777 0.00275693 0.00219872 0.00219734 0.00251326 0.00233390 0.00116456 -0.000708576 -0.00259302 -0.00394918 -0.00453461 -0.00433763 -0.00364045 -0.00300567 -0.00290620 -0.00333413 -0.00391192 -0.00436922 -0.00475989 -0.00523643 -0.00582351 -0.00647153 -0.00713048 -0.00762814 -0.00761007 -0.00679117 -0.00525933 -0.00344282 -0.00182258 -0.000742529 -0.000366141 -0.000599249 -0.00105464 -0.00129490 -0.00120663 -0.00103802 -0.00101680 -0.00105437 -0.000908618 -0.000525071 -0.0000956887 0.000141790 0.0000176338 -0.000609489 -0.00180743 -0.00340261 -0.00497033 -0.00609459 -0.00661183 -0.00657679 -0.00609542 -0.00529742 -0.00440431 -0.00364988 -0.00309035 -0.00260534 -0.00214265 -0.00185979 -0.00192330 -0.00222034 -0.00237410 -0.00204359 -0.00115680 0.0000923068 0.00135352 0.00223944 0.00249991 0.00219403 0.00165572 0.00122809 0.00103320 0.000976601 0.000880240 0.000589024 0.0000821775 -0.000413104 -0.000518230 -0.0000764909 0.000588526 0.000936242 0.000755261 0.000330172 0.0000500346 0.00000 0.00000 0.00000 0.00000 0.00000 0.00000 0.00000 0.00000 0.00000 0.00000 0.00000 0.00000 0.00000 0.00000 0.00000 0.00000 0.00000 0.00000 0.00000 0.00000 0.00000 0.00000 0.00000 0.00000 0.00000 0.00000 0.00000 0.00000 0.00000 0.00000 0.00000 0.00000 0.00000 0.00000 0.00000 0.00000 0.00000 0.00000 0.00000 0.00000 0.00000 0.00000 0.00000 0.00000 0.00000 0.00000 0.00000 0.00000 0.00000 0.00000 0.00000 0.00000 0.00000 0.00000 0.00000 0.00000 0.00000 0.00000 0.00000 0.00000 0.00000 0.00000 0.00000 0.00000 0.00000 0.00000 0.00000 0.00000 0.00000 0.00000 0.00000 0.00000 0.00000 0.00000 0.00000 0.00000 0.00000 0.00000 0.00000 0.00000 0.00000 0.00000 0.00000 0.00000 0.00000 0.00000 0.00000 0.00000 0.00000 0.00000 0.00000 0.00000 0.00000 0.00000 0.00000 0.00000 0.00000 0.00000 0.00000 0.00000 0.00000 0.00000 0.00000 0.00000 0.00000 0.00000 0.00000 0.00000 0.00000 0.00000 0.00000 0.00000 0.00000 0.00000 0.00000 0.00000 0.00000 0.00000 0.00000 0.00000 0.00000 0.00000 0.00000 0.00000 0.00000 0.00000 0.00000 0.00000 0.00000 0.00000 0.00000 0.00000 0.00000 0.00000 0.00000 0.00000 0.00000 0.00000 0.00000 0.00000 0.00000 0.00000 0.00000 0.00000 0.00000 0.00000 0.00000 0.00000 0.00000 0.00000 0.00000 0.00000 0.00000 0.00000 0.00000 0.00000 0.00000 0.00000 0.00000 0.00000 0.00000 0.00000 0.00000 0.00000 0.00000 0.00000 0.00000 0.00000 0.00000 0.00000 0.00000 0.00000 0.00000 0.00000 0.00000 0.00000 0.00000 0.00000 0.00000 0.00000 0.00000 0.00000 0.00000 0.00000 0.00000 0.00000 0.00000 0.00000 0.00000 0.00000 0.00000 0.00000 0.00000 0.00000 0.00000 0.00000 0.00000 0.00000 0.00000 0.00000 0.00000 0.00000 0.00000 0.00000 0.00000 0.00000 0.00000 0.00000 0.00000 0.00000 0.00000 0.00000 0.00000 0.00000 0.00000 0.00000 0.00000 0.00000 0.00000 0.00000 0.00000 0.00000 0.00000 0.00000 0.00000 0.00000 0.00000 0.00000 0.00000 0.00000 0.00000 0.00000 0.00000 0.00000 0.00000 0.00000 0.00000 0.00000 0.00000 0.00000 0.00000 0.00000 0.00000 0.00000 0.00000 0.00000 0.00000 0.00000 0.00000 0.00000
-0.0000190716 -0.0000551386 -0.0000579903 -0.0000326517 -0.0000189345 -0.0000269676 -0.0000371200 -0.0000427071 -0.0000546796 -0.0000566441 -0.0000272607 -0.00000372373 -0.0000389521 -0.0000969095 -0.0000812894 3.87464e-7 0.0000218375 -0.0000526220 -0.0000738429 0.0000389306 0.000111599 -0.0000111038 -0.000142645 -0.0000213183 0.000182403 0.0000740567 -0.000239479 -0.000210494 0.000176457 0.000226914 -0.000256613 -0.000413879 0.000225768 0.000633299 -0.0000692121 -0.000690193 0.000211721 0.00124145 0.000555566 0.00242196 0.0164311 0.0444693 0.0699352 0.0675584 0.0287827 -0.0250320 -0.0589157 -0.0541962 -0.0216079 0.0119788 0.0255856 0.0154934 -0.00613238 -0.0182338 -0.00143624 0.0480050 0.109836 0.149249 0.141858 0.0936882 0.0370428 0.00514234 0.00785007 0.0282230 0.0399273 0.0287874 0.00125244 -0.0245308 -0.0353945 -0.0332623 -0.0312236 -0.0402715 -0.0589707 -0.0750431 -0.0767185 -0.0629792 -0.0436425 -0.0303866 -0.0278797 -0.0323687 -0.0366895 -0.0354869 -0.0270209 -0.0129214 0.00224083 0.0125863 0.0147990 0.0114173 0.00927548 0.0135229 0.0230373 0.0318142 0.0343996 0.0297984 0.0211357 0.0128531 0.00812105 0.00744441 0.00864568 0.00850957 0.00532527 0.000174251 -0.00429585 -0.00621006 -0.00555149 -0.00350319 -0.00143311 -0.000473684 -0.00127319 -0.00353719 -0.00601056 -0.00748322 -0.00799432 -0.00876902 -0.0107084 -0.0130754 -0.0140467 -0.0126462 -0.00985388 -0.00764506 -0.00713831 -0.00793233 -0.00905326 -0.00999067 -0.0106161 -0.0106119 -0.00959656 -0.00782061 -0.00623872 -0.00556544 -0.00551322 -0.00522056 -0.00426126 -0.00296471 -0.00187817 -0.00129238 -0.00134128 -0.00213422 -0.00346192 -0.00459520 -0.00475826 -0.00384098 -0.00243598 -0.00119215 -0.000341945 0.000128891 0.000193643 -0.000118495 -0.000568512 -0.000955601 -0.00142985 -0.00225636 -0.00324727 -0.00372952 -0.00325126 -0.00214650 -0.00122683 -0.00101044 -0.00141195 -0.00207776 -0.00275471 -0.00328400 -0.00350660 -0.00340986 -0.00328506 -0.00352172 -0.00417282 -0.00481390 -0.00489106 -0.00418779 -0.00297897 -0.00183145 -0.00127330 -0.00150607 -0.00226981 -0.00298088 -0.00314335 -0.00274212 -0.00224005 -0.00214272 -0.00253658 -0.00303181 -0.00313496 -0.00267433 -0.00191343 -0.00131335 -0.00119650 -0.00156773 -0.00216312 -0.00262710 -0.00269909 -0.00234957 -0.00181721 -0.00147872 -0.00157334 -0.00198364 -0.00230872 -0.00221471 -0.00174356 -0.00127757 -0.00119856 -0.00157696 -0.00216664 -0.00266403 -0.00295504 -0.00313456 -0.00333378 -0.00356378 -0.00372290 -0.00371831 -0.00355009 -0.00329320 -0.00304405 -0.00290514 -0.00297797 -0.00330163 -0.00377342 -0.00416634 -0.00426987 -0.00402334 -0.00350869 -0.00283873 -0.00208439 -0.00129221 -0.000514637 0.000191182 0.000748178 0.00102326 0.000866237 0.000246450 -0.000666465 -0.00160137 -0.00234789 -0.00279771 -0.00289607 -0.00266086 -0.00224356 -0.00186834 -0.00167385 -0.00166897 -0.00183368 -0.00215958 -0.00256989 -0.00291514 -0.00311170 -0.00320117 -0.00322266 -0.00312616 -0.00288010 -0.00256224 -0.00226193 -0.00199588 -0.00180577 -0.00180272 -0.00198095 -0.00212719 -0.00210119 -0.00206981 -0.00220379 -0.00224732 -0.00175298 -0.000774440 0.00000 0.00000 0.00000 0.00000 0.00000 0.00000 0.00000 0.00000 0.00000 0.00000 0.00000 0.00000 0.00000 0.00000 0.00000 0.00000 0.00000 0.00000 0.00000 0.00000 0.00000 0.00000 0.00000 0.00000 0.00000 0.00000 0.00000 0.00000 0.00000 0.00000 0.00000 0.00000 0.00000 0.00000 0.00000 0.00000 0.00000 0.00000 0.00000 0.00000 0.00000 0.00000 0.00000 0.00000 0.00000 0.00000 0.00000 0.00000 0.00000 0.00000 0.00000 0.00000 0.00000 0.00000 0.00000 0.00000 0.00000 0.00000 0.00000 0.00000 0.00000 0.00000 0.00000 0.00000 0.00000 0.00000 0.00000 0.00000 0.00000 0.00000 0.00000 0.00000 0.00000 0.00000 0.00000 0.00000 0.00000 0.00000 0.00000 0.00000 0.00000 0.00000 0.00000 0.00000 0.00000 0.00000 0.00000 0.00000 0.00000 0.00000 0.00000 0.00000 0.00000 0.00000 0.00000 0.00000 0.00000 0.00000 0.00000 0.00000 0.00000 0.00000 0.00000 0.00000 0.00000 0.00000 0.00000 0.00000 0.00000 0.00000 0.00000 0.00000 0.00000 0.00000 0.00000 0.00000 0.00000 0.00000 0.00000 0.00000 0.00000 0.00000 0.00000 0.00000 0.00000 0.00000 0.00000 0.00000 0.00000 0.00000 0.00000 0.00000 0.00000 0.00000 0.00000 0.00000 0.00000 0.00000 0.00000 0.00000 0.00000 0.00000 0.00000 0.00000 0.00000 0.00000 0.00000 0.00000 0.00000 0.00000 0.00000 0.00000 0.00000 0.00000 0.00000 0.00000 0.00000 0.00000 0.00000 0.00000 0.00000 0.00000 0.00000 0.00000 0.00000 0.00000 0.00000 0.00000 0.00000 0.00000 0.00000 0.00000 0.00000 0.00000 0.00000 0.00000 0.00000 0.00000 0.00000 0.00000 0.00000 0.00000 0.00000 0.00000 0.00000 0.00000 0.00000 0.00000 0.00000 0.00000 0.00000 0.00000 0.00000 0.00000 0.00000 0.00000 0.00000 0.00000 0.00000 0.00000 0.00000 0.00000 0.00000 0.00000 0.00000 0.00000 0.00000 0.00000 0.00000 0.00000 0.00000 0.00000 0.00000 0.00000 0.00000 0.00000 0.00000 0.00000 0.00000 0.00000 0.00000 0.00000 0.00000 0.00000 0.00000 0.00000 0.00000 0.00000 0.00000 0.00000 0.00000 0.00000 0.00000 0.00000 0.00000 0.00000 0.00000 0.00000 0.00000 0.00000 0.00000 0.00000 0.00000 0.00000 0.00000 0.00000 0.00000 0.00000 0.00000 0.00000 0.000228859 0.000603998 -0.000138478 -0.000959151 -0.000214634 0.00109617 0.000500896 -0.00136093 -0.00109404 0.00134055 0.00151842 -0.00163479 -0.00243321 0.00161723 0.00279467 -0.00227792 0.00579228 0.0530667 0.126511 0.160640 0.0960363 -0.0447136 -0.159021 -0.156809 -0.0466119 0.0763167 0.119645 0.0656363 -0.0304322 -0.0894842 -0.0583343 0.0591016 0.197052 0.264890 0.216664 0.0964249 0.00595577 0.0160516 0.105711 0.186245 0.181166 0.0855880 -0.0392402 -0.119111 -0.120561 -0.0690276 -0.0238793 -0.0304450 -0.0854476 -0.143836 -0.160886 -0.131022 -0.0879925 -0.0694207 -0.0828884 -0.105143 -0.109157 -0.0876402 -0.0524288 -0.0188298 0.00436540 0.0139273 0.0109030 0.00384349 0.00719121 0.0289254 0.0595812 0.0785706 0.0735474 0.0513049 0.0290120 0.0181493 0.0185355 0.0234650 0.0255079 0.0189885 0.00303937 -0.0156663 -0.0270041 -0.0269987 -0.0214600 -0.0183788 -0.0192961 -0.0208044 -0.0218835 -0.0250221 -0.0304636 -0.0342129 -0.0336184 -0.0313912 -0.0312606 -0.0320163 -0.0292198 -0.0218888 -0.0142892 -0.0106369 -0.0104233 -0.0100408 -0.00716946 -0.00208754 0.00403670 0.0102247 0.0152610 0.0177524 0.0173750 0.0154864 0.0140514 0.0142026 0.0157644 0.0175093 0.0177106 0.0150612 0.00965045 0.00316204 -0.00210921 -0.00468912 -0.00479225 -0.00420403 -0.00511551 -0.00833574 -0.0123826 -0.0147817 -0.0144886 -0.0127215 -0.0113281 -0.0109619 -0.0112026 -0.0116869 -0.0121479 -0.0117474 -0.00960484 -0.00623568 -0.00348722 -0.00251887 -0.00252114 -0.00198315 -0.000597667 0.000818924 0.00178512 0.00256069 0.00318693 0.00311894 0.00219301 0.00128394 0.00143548 0.00264442 0.00392053 0.00430387 0.00343737 0.00142530 -0.00121875 -0.00345972 -0.00424717 -0.00356788 -0.00273586 -0.00324647 -0.00532714 -0.00772607 -0.00883073 -0.00795508 -0.00582450 -0.00406544 -0.00403445 -0.00573897 -0.00778763 -0.00854188 -0.00741839 -0.00514228 -0.00297118 -0.00182988 -0.00190990 -0.00260479 -0.00278136 -0.00157690 0.000740938 0.00286503 0.00364322 0.00312129 0.00228548 0.00194385 0.00208305 0.00217072 0.00174991 0.000738077 -0.000507497 -0.00127438 -0.000929635 0.000455548 0.00199902 0.00271701 0.00231237 0.00118649 -0.000150430 -0.00142778 -0.00248377 -0.00317480 -0.00356445 -0.00396117 -0.00456795 -0.00522491 -0.00566942 -0.00593342 -0.00627624 -0.00678838 -0.00727847 -0.00754268 -0.00752870 -0.00718546 -0.00636679 -0.00504011 -0.00349064 -0.00217155 -0.00136675 -0.00105922 -0.00105967 -0.00115707 -0.00118633 -0.00109379 -0.000988741 -0.00105869 -0.00138352 -0.00185187 -0.00226055 -0.00245760 -0.00240284 -0.00217740 -0.00197285 -0.00199545 -0.00230257 -0.00275824 -0.00319107 -0.00355005 -0.00384753 -0.00401649 -0.00394974 -0.00367336 -0.00334213 -0.00301826 -0.00257999 -0.00193718 -0.00123804 -0.000739355 -0.000524775 -0.000470441 -0.000442435 -0.000380312 -0.000206128 0.000159046 0.000619000 0.000893947 0.000807088 0.000497032 0.000245462 0.000163727 0.000144230 0.0000405584 -0.000226316 -0.000663814 -0.00114083 -0.00135792 -0.00108398 -0.000471640 0.00000 0.00000 0.00000 0.00000 0.00000 0.00000 0.00000 0.00000 0.00000 0.00000 0.00000 0.00000 0.00000 0.00000 0.00000 0.00000 0.00000 0.00000 0.00000 0.00000 0.00000 0.00000 0.00000 0.00000 0.00000 0.00000 0.00000 0.00000 0.00000 0.00000 0.00000 0.00000 0.00000 0.00000 0.00000 0.00000 0.00000 0.00000 0.00000 0.00000 0.00000 0.00000 0.00000 0.00000 0.00000 0.00000 0.00000 0.00000 0.00000 0.00000 0.00000 0.00000 0.00000 0.00000 0.00000 0.00000 0.00000 0.00000 0.00000 0.00000 0.00000 0.00000 0.00000 0.00000 0.00000 0.00000 0.00000 0.00000 0.00000 0.00000 0.00000 0.00000 0.00000 0.00000 0.00000 0.00000 0.00000 0.00000 0.00000 0.00000 0.00000 0.00000 0.00000 0.00000 0.00000 0.00000 0.00000 0.00000 0.00000 0.00000 0.00000 0.00000 0.00000 0.00000 0.00000 0.00000 0.00000 0.00000 0.00000 0.00000 0.00000 0.00000 0.00000 0.00000 0.00000 0.00000 0.00000 0.00000 0.00000 0.00000 0.00000 0.00000 0.00000 0.00000 0.00000 0.00000 0.00000 0.00000 0.00000 0.00000 0.00000 0.00000 0.00000 0.00000 0.00000 0.00000 0.00000 0.00000 0.00000 0.00000 0.00000 0.00000 0.00000 0.00000 0.00000 0.00000 0.00000 0.00000 0.00000 0.00000 0.00000 0.00000 0.00000 0.00000 0.00000 0.00000 0.00000 0.00000 0.00000 0.00000 0.00000 0.00000 0.00000 0.00000 0.00000 0.00000 0.00000 0.00000 0.00000 0.00000 0.00000 0.00000 0.00000 0.00000 0.00000 0.00000 0.00000 0.00000 0.00000 0.00000 0.00000 0.00000 0.00000 0.00000 0.00000 0.00000 0.00000 0.00000 0.00000 0.00000 0.00000 0.00000 0.00000 0.00000 0.00000 0.00000 0.00000 0.00000 0.00000 0.00000 0.00000 0.00000 0.00000 0.00000 0.00000 0.00000 0.00000 0.00000 0.00000 0.00000 0.00000 0.00000 0.00000 0.00000 0.00000 0.00000 0.00000 0.00000 0.00000 0.00000 0.00000 0.00000 0.00000 0.00000 0.00000 0.00000 0.00000 0.00000 0.00000 0.00000 0.00000 0.00000 0.00000 0.00000 0.00000 0.00000 0.00000 0.00000 0.00000 0.00000 0.00000 0.00000 0.00000 0.00000 0.00000 0.00000 0.00000 0.00000 0.00000 0.00000 0.00000 0.00000 0.00000 0.00000 0.00000 0.00000 0.00000 0.00000 0.00000 0.00000
-0.0000572148 -0.0000205519 0.0000184781 0.00000639054 -0.0000350372 -0.0000469433 -0.0000378533 -0.0000519884 -0.0000615115 -0.0000117107 0.0000390975 -0.00000281133 -0.0000613414 0.00000693465 0.000113838 0.0000363077 -0.000138299 -0.0000668031 0.000201878 0.000162192 -0.000260155 -0.000390610 0.0000738563 0.000352404 -0.000153150 -0.000590909 0.00000488879 0.000742114 0.000162607 -0.000825784 -0.0000743211 0.00146507 0.000804126 0.00115734 0.0143470 0.0469672 0.0835062 0.0918252 0.0530733 -0.0150360 -0.0699308 -0.0801672 -0.0486224 -0.00385104 0.0246220 0.0234271 -0.000129257 -0.0206105 -0.00632858 0.0565436 0.143564 0.201478 0.189109 0.114257 0.0290700 -0.0132856 0.000322673 0.0396571 0.0621973 0.0468543 0.00408594 -0.0387844 -0.0603216 -0.0585817 -0.0485973 -0.0482279 -0.0637272 -0.0856405 -0.0974563 -0.0893900 -0.0659338 -0.0416385 -0.0296807 -0.0328920 -0.0433145 -0.0487752 -0.0409011 -0.0200835 0.00463685 0.0211458 0.0228756 0.0142587 0.00731166 0.0112853 0.0249076 0.0385860 0.0435021 0.0380984 0.0270292 0.0161478 0.00912276 0.00683400 0.00767202 0.00829956 0.00576555 -0.00000863913 -0.00604299 -0.00904214 -0.00830529 -0.00593613 -0.00465627 -0.00577090 -0.00888545 -0.0128412 -0.0166357 -0.0197848 -0.0221994 -0.0238113 -0.0242527 -0.0229817 -0.0198437 -0.0153968 -0.0105533 -0.00598797 -0.00196400 0.00140864 0.00400632 0.00582538 0.00708428 0.00804241 0.00876274 0.00906350 0.00867426 0.00748918 0.00570313 0.00376914 0.00220995 0.00133485 0.000980728 0.000459117 -0.00114492 -0.00430871 -0.00846201 -0.0121290 -0.0139422 -0.0136748 -0.0122394 -0.0107026 -0.00944419 -0.00830687 -0.00723881 -0.00647995 -0.00619593 -0.00624398 -0.00636774 -0.00638999 -0.00608633 -0.00511749 -0.00336257 -0.00124056 0.000540258 0.00158058 0.00197811 0.00195800 0.00160972 0.00111157 0.000889288 0.00119489 0.00161398 0.00135865 0.000179685 -0.00122126 -0.00183230 -0.00126644 0.00000410338 0.00114023 0.00147355 0.000734877 -0.000873098 -0.00271079 -0.00405395 -0.00465806 -0.00496284 -0.00561053 -0.00673942 -0.00779453 -0.00802187 -0.00712022 -0.00549638 -0.00400199 -0.00339484 -0.00385311 -0.00484801 -0.00550236 -0.00521423 -0.00406290 -0.00267567 -0.00170299 -0.00135306 -0.00132419 -0.00112065 -0.000470118 0.000477705 0.00129802 0.00163009 0.00140855 0.000823222 0.000115835 -0.000568170 -0.00118382 -0.00171960 -0.00214795 -0.00241225 -0.00243597 -0.00215776 -0.00159051 -0.000873661 -0.000275281 -0.000105607 -0.000550634 -0.00152498 -0.00269277 -0.00368139 -0.00430326 -0.00457388 -0.00455866 -0.00428172 -0.00380100 -0.00327833 -0.00288328 -0.00265558 -0.00255547 -0.00264794 -0.00311684 -0.00401629 -0.00506556 -0.00578380 -0.00582904 -0.00516979 -0.00398814 -0.00254648 -0.00116540 -0.000180031 0.000229298 0.000159949 -0.000136377 -0.000502502 -0.000942406 -0.00145063 -0.00187843 -0.00203781 -0.00189841 -0.00161460 -0.00137132 -0.00126062 -0.00130210 -0.00150026 -0.00183080 -0.00221375 -0.00256015 -0.00283755 -0.00304594 -0.00313844 -0.00302041 -0.00264078 -0.00204420 -0.00132583 -0.000588188 0.0000340115 0.000380567 0.000384921 0.000176644 0.00000 0.00000 0.00000 0.00000 0.00000 0.00000 0.00000 0.00000 0.00000 0.00000 0.00000 0.00000 0.00000 0.00000 0.00000 0.00000 0.00000 0.00000 0.00000 0.00000 0.00000 0.00000 0.00000 0.00000 0.00000 0.00000 0.00000 0.00000 0.00000 0.00000 0.00000 0.00000 0.00000 0.00000 0.00000 0.00000 0.00000 0.00000 0.00000 0.00000 0.00000 0.00000 0.00000 0.00000 0.00000 0.00000 0.00000 0.00000 0.00000 0.00000 0.00000 0.00000 0.00000 0.00000 0.00000 0.00000 0.00000 0.00000 0.00000 0.00000 0.00000 0.00000 0.00000 0.00000 0.00000 0.00000 0.00000 0.00000 0.00000 0.00000 0.00000 0.00000 0.00000 0.00000 0.00000 0.00000 0.00000 0.00000 0.00000 0.00000 0.00000 0.00000 0.00000 0.00000 0.00000 0.00000 0.00000 0.00000 0.00000 0.00000 0.00000 0.00000 0.00000 0.00000 0.00000 0.00000 0.00000 0.00000 0.00000 0.00000 0.00000 0.00000 0.00000 0.00000 0.00000 0.00000 0.00000 0.00000 0.00000 0.00000 0.00000 0.00000 0.00000 0.00000 0.00000 0.00000 0.00000 0.00000 0.00000 0.00000 0.00000 0.00000 0.00000 0.00000 0.00000 0.00000 0.00000 0.00000 0.00000 0.00000 0.00000 0.00000 0.00000 0.00000 0.00000 0.00000 0.00000 0.00000 0.00000 0.00000 0.00000 0.00000 0.00000 0.00000 0.00000 0.00000 0.00000 0.00000 0.00000 0.00000 0.00000 0.00000 0.00000 0.00000 0.00000 0.00000 0.00000 0.00000 0.00000 0.00000 0.00000 0.00000 0.00000 0.00000 0.00000 0.00000 0.00000 0.00000 0.00000 0.00000 0.00000 0.00000 0.00000 0.00000 0.00000 0.00000 0.00000 0.00000 0.00000 0.00000 0.00000 0.00000 0.00000 0.00000 0.00000 0.00000 0.00000 0.00000 0.00000 0.00000 0.00000 0.00000 0.00000 0.00000 0.00000 0.00000 0.00000 0.00000 0.00000 0.00000 0.00000 0.00000 0.00000 0.00000 0.00000 0.00000 0.00000 0.00000 0.00000 0.00000 0.00000 0.00000 0.00000 0.00000 0.00000 0.00000 0.00000 0.00000 0.00000 0.00000 0.00000 0.00000 0.00000 0.00000 0.00000 0.00000 0.00000 0.00000 0.00000 0.00000 0.00000 0.00000 0.00000 0.00000 0.00000 0.00000 0.00000 0.00000 0.00000 0.00000 0.00000 0.00000 0.00000 0.00000 0.00000 0.00000 0.00000 0.00000 0.00000 0.00000 -0.0000762864 0.000118199 0.000251066 -0.0000287458 -0.000358186 -0.0000619943 0.000518095 0.000287042 -0.000611180 -0.000641407 0.000450342 0.000733812 -0.000608093 -0.00126591 0.000370474 0.00164203 -0.000199488 -0.00223145 -0.000160385 0.00273331 0.000189808 -0.000535408 0.0214172 0.0716851 0.117303 0.109961 0.0395363 -0.0464399 -0.0867300 -0.0650195 -0.0174392 0.0115434 0.00808167 -0.0128796 -0.0292736 -0.0219583 0.0231912 0.103132 0.185381 0.222901 0.193362 0.122454 0.0623649 0.0460676 0.0634516 0.0786580 0.0654921 0.0263302 -0.0171072 -0.0460358 -0.0583864 -0.0651367 -0.0767195 -0.0935498 -0.107941 -0.112920 -0.108387 -0.0998725 -0.0926545 -0.0872700 -0.0803331 -0.0695321 -0.0570598 -0.0467279 -0.0379325 -0.0253128 -0.00633893 0.0131005 0.0243692 0.0267856 0.0285891 0.0361349 0.0459122 0.0499145 0.0459587 0.0387827 0.0324040 0.0260418 0.0182080 0.0106449 0.00571042 0.00232812 -0.00252290 -0.00921803 -0.0148593 -0.0170108 -0.0160456 -0.0137297 -0.0114805 -0.0106326 -0.0125755 -0.0172170 -0.0222718 -0.0254856 -0.0271451 -0.0291745 -0.0319813 -0.0336375 -0.0324556 -0.0289787 -0.0246888 -0.0198352 -0.0137129 -0.00666333 -0.000583033 0.00286136 0.00392623 0.00443152 0.00606163 0.00912272 0.0126923 0.0157022 0.0177988 0.0191936 0.0198291 0.0190422 0.0163236 0.0122135 0.00802907 0.00473699 0.00239849 0.000620619 -0.000934124 -0.00256136 -0.00448527 -0.00646810 -0.00776371 -0.00786311 -0.00710784 -0.00629435 -0.00590039 -0.00606504 -0.00700513 -0.00877831 -0.0106172 -0.0112149 -0.0100448 -0.00799690 -0.00636799 -0.00557673 -0.00526705 -0.00525669 -0.00566729 -0.00620988 -0.00614491 -0.00524149 -0.00423842 -0.00395253 -0.00425713 -0.00429163 -0.00341318 -0.00159913 0.000789769 0.00313079 0.00455824 0.00447863 0.00326281 0.00203029 0.00147810 0.00115415 0.000115804 -0.00187319 -0.00403084 -0.00530521 -0.00521090 -0.00405163 -0.00265001 -0.00189262 -0.00223896 -0.00343630 -0.00474359 -0.00550740 -0.00554008 -0.00505398 -0.00444570 -0.00414280 -0.00435739 -0.00477692 -0.00466831 -0.00355338 -0.00175300 -0.0000799032 0.000966519 0.00149512 0.00176915 0.00177430 0.00137284 0.000647778 -0.000127093 -0.000747969 -0.00111860 -0.00111034 -0.000615255 0.000235831 0.00107175 0.00155421 0.00156665 0.00114654 0.000387228 -0.000538059 -0.00139659 -0.00205746 -0.00257804 -0.00306265 -0.00350687 -0.00385861 -0.00415439 -0.00447995 -0.00483932 -0.00519143 -0.00559765 -0.00618287 -0.00690842 -0.00750802 -0.00771729 -0.00747242 -0.00682138 -0.00577519 -0.00439730 -0.00296515 -0.00184602 -0.00118050 -0.000820752 -0.000615395 -0.000615000 -0.000914318 -0.00141034 -0.00184585 -0.00204454 -0.00199582 -0.00174521 -0.00133018 -0.000843883 -0.000462634 -0.000349940 -0.000559233 -0.00102929 -0.00162004 -0.00215213 -0.00248583 -0.00259396 -0.00251745 -0.00225150 -0.00175506 -0.00109188 -0.000466232 -0.0000600304 0.0000927331 0.0000191885 -0.000299421 -0.000838060 -0.00140456 -0.00175513 -0.00182711 -0.00174506 -0.00161144 -0.00142153 -0.00118615 -0.000979555 -0.000808858 -0.000574736 -0.000250288 0.00000 0.00000 0.00000 0.00000 0.00000 0.00000 0.00000 0.00000 0.00000 0.00000 0.00000 0.00000 0.00000 0.00000 0.00000 0.00000 0.00000 0.00000 0.00000 0.00000 0.00000 0.00000 0.00000 0.00000 0.00000 0.00000 0.00000 0.00000 0.00000 0.00000 0.00000 0.00000 0.00000 0.00000 0.00000 0.00000 0.00000 0.00000 0.00000 0.00000 0.00000 0.00000 0.00000 0.00000 0.00000 0.00000 0.00000 0.00000 0.00000 0.00000 0.00000 0.00000 0.00000 0.00000 0.00000 0.00000 0.00000 0.00000 0.00000 0.00000 0.00000 0.00000 0.00000 0.00000 0.00000 0.00000 0.00000 0.00000 0.00000 0.00000 0.00000 0.00000 0.00000 0.00000 0.00000 0.00000 0.00000 0.00000 0.00000 0.00000 0.00000 0.00000 0.00000 0.00000 0.00000 0.00000 0.00000 0.00000 0.00000 0.00000 0.00000 0.00000 0.00000 0.00000 0.00000 0.00000 0.00000 0.00000 0.00000 0.00000 0.00000 0.00000 0.00000 0.00000 0.00000 0.00000 0.00000 0.00000 0.00000 0.00000 0.00000 0.00000 0.00000 0.00000 0.00000 0.00000 0.00000 0.00000 0.00000 0.00000 0.00000 0.00000 0.00000 0.00000 0.00000 0.00000 0.00000 0.00000 0.00000 0.00000 0.00000 0.00000 0.00000 0.00000 0.00000 0.00000 0.00000 0.00000 0.00000 0.00000 0.00000 0.00000 0.00000 0.00000 0.00000 0.00000 0.00000 0.00000 0.00000 0.00000 0.00000 0.00000 0.00000 0.00000 0.00000 0.00000 0.00000 0.00000 0.00000 0.00000 0.00000 0.00000 0.00000 0.00000 0.00000 0.00000 0.00000 0.00000 0.00000 0.00000 0.00000 0.00000 0.00000 0.00000 0.00000 0.00000 0.00000 0.00000 0.00000 0.00000 0.00000 0.00000 0.00000 0.00000 0.00000 0.00000 0.00000 0.00000 0.00000 0.00000 0.00000 0.00000 0.00000 0.00000 0.00000 0.00000 0.00000 0.00000 0.00000 0.00000 0.00000 0.00000 0.00000 0.00000 0.00000 0.00000 0.00000 0.00000 0.00000 0.00000 0.00000 0.00000 0.00000 0.00000 0.00000 0.00000 0.00000 0.00000 0.00000 0.00000 0.00000 0.00000 0.00000 0.00000 0.00000 0.00000 0.00000 0.00000 0.00000 0.00000 0.00000 0.00000 0.00000 0.00000 0.00000 0.00000 0.00000 0.00000 0.00000 0.00000 0.00000 0.00000 0.00000 0.00000 0.00000 0.00000 0.00000 0.00000 0.00000 0.00000
-0.0000572148 -0.000113679 -0.0000804900 0.0000298532 0.0000622917 -0.0000356758 -0.0000841367 0.0000367515 0.000124463 -0.0000269206 -0.000181480 0.00000808472 0.000295303 0.000109936 -0.000391529 -0.000384408 0.000201598 0.000342984 -0.000334915 -0.000629956 0.000215729 0.000800046 -0.000195437 -0.00115166 0.0000722742 0.00155865 0.000260080 0.00143969 0.0187930 0.0571853 0.0964403 0.101835 0.0571138 -0.0154564 -0.0722140 -0.0844757 -0.0568460 -0.0154352 0.0139351 0.0180624 0.000703738 -0.0155175 0.00218652 0.0706725 0.165913 0.230715 0.218738 0.136379 0.0400987 -0.0100814 0.00277373 0.0463116 0.0723449 0.0554891 0.00599139 -0.0460887 -0.0761397 -0.0797736 -0.0704024 -0.0658008 -0.0748469 -0.0928666 -0.106984 -0.106265 -0.0892308 -0.0643606 -0.0442653 -0.0375649 -0.0431485 -0.0504345 -0.0465303 -0.0263432 0.00232555 0.0243600 0.0298850 0.0224051 0.0146382 0.0165465 0.0276301 0.0398158 0.0457002 0.0432541 0.0346554 0.0234533 0.0132843 0.00709838 0.00555552 0.00616232 0.00504110 0.000105339 -0.00737712 -0.0139672 -0.0165781 -0.0145663 -0.0103780 -0.00815347 -0.0106671 -0.0169257 -0.0230486 -0.0259552 -0.0260236 -0.0258752 -0.0269197 -0.0277937 -0.0262013 -0.0215143 -0.0151873 -0.00918241 -0.00465053 -0.00198463 -0.00129235 -0.00219384 -0.00331922 -0.00266393 0.000977567 0.00669446 0.0118383 0.0141484 0.0136506 0.0124202 0.0124790 0.0140188 0.0156141 0.0157726 0.0139861 0.0106267 0.00644922 0.00233323 -0.000936862 -0.00308306 -0.00448607 -0.00573396 -0.00704052 -0.00823172 -0.00915378 -0.00989774 -0.0106835 -0.0117510 -0.0133099 -0.0152627 -0.0168537 -0.0169329 -0.0149257 -0.0115287 -0.00824675 -0.00618908 -0.00537020 -0.00505184 -0.00449886 -0.00339069 -0.00184871 -0.000327754 0.000634683 0.000838568 0.000665722 0.000811176 0.00173770 0.00339438 0.00531434 0.00680157 0.00711292 0.00582858 0.00329175 0.000560043 -0.00135214 -0.00227146 -0.00284821 -0.00375754 -0.00501327 -0.00605329 -0.00633419 -0.00574022 -0.00456139 -0.00330802 -0.00257108 -0.00280665 -0.00399953 -0.00551919 -0.00649180 -0.00647534 -0.00579459 -0.00517704 -0.00505792 -0.00523558 -0.00513317 -0.00430868 -0.00275189 -0.000866078 0.000725209 0.00146058 0.00116469 0.000201464 -0.000769400 -0.00128770 -0.00134818 -0.00117194 -0.000836144 -0.000234246 0.000665482 0.00168566 0.00258498 0.00319817 0.00336971 0.00289647 0.00170707 0.0000727571 -0.00151180 -0.00270927 -0.00353100 -0.00414425 -0.00461096 -0.00489336 -0.00501611 -0.00508686 -0.00517292 -0.00528209 -0.00548442 -0.00593086 -0.00666289 -0.00745409 -0.00791649 -0.00776010 -0.00693237 -0.00557686 -0.00395662 -0.00241012 -0.00126173 -0.000669054 -0.000541737 -0.000641896 -0.000784598 -0.000934423 -0.00111144 -0.00124797 -0.00120063 -0.000911208 -0.000485977 -0.0000747940 0.000258312 0.000471370 0.000433806 0.0000267745 -0.000657023 -0.00135829 -0.00191667 -0.00235557 -0.00268402 -0.00279444 -0.00263492 -0.00231044 -0.00190393 -0.00137299 -0.000776983 -0.000423326 -0.000559210 -0.00104222 -0.00155419 -0.00200728 -0.00242801 -0.00255144 -0.00198653 -0.000872753 0.00000 0.00000 0.00000 0.00000 0.00000 0.00000 0.00000 0.00000 0.00000 0.00000 0.00000 0.00000 0.00000 0.00000 0.00000 0.00000 0.00000 0.00000 0.00000 0.00000 0.00000 0.00000 0.00000 0.00000 0.00000 0.00000 0.00000 0.00000 0.00000 0.00000 0.00000 0.00000 0.00000 0.00000 0.00000 0.00000 0.00000 0.00000 0.00000 0.00000 0.00000 0.00000 0.00000 0.00000 0.00000 0.00000 0.00000 0.00000 0.00000 0.00000 0.00000 0.00000 0.00000 0.00000 0.00000 0.00000 0.00000 0.00000 0.00000 0.00000 0.00000 0.00000 0.00000 0.00000 0.00000 0.00000 0.00000 0.00000 0.00000 0.00000 0.00000 0.00000 0.00000 0.00000 0.00000 0.00000 0.00000 0.00000 0.00000 0.00000 0.00000 0.00000 0.00000 0.00000 0.00000 0.00000 0.00000 0.00000 0.00000 0.00000 0.00000 0.00000 0.00000 0.00000 0.00000 0.00000 0.00000 0.00000 0.00000 0.00000 0.00000 0.00000 0.00000 0.00000 0.00000 0.00000 0.00000 0.00000 0.00000 0.00000 0.00000 0.00000 0.00000 0.00000 0.00000 0.00000 0.00000 0.00000 0.00000 0.00000 0.00000 0.00000 0.00000 0.00000 0.00000 0.00000 0.00000 0.00000 0.00000 0.00000 0.00000 0.00000 0.00000 0.00000 0.00000 0.00000 0.00000 0.00000 0.00000 0.00000 0.00000 0.00000 0.00000 0.00000 0.00000 0.00000 0.00000 0.00000 0.00000 0.00000 0.00000 0.00000 0.00000 0.00000 0.00000 0.00000 0.00000 0.00000 0.00000 0.00000 0.00000 0.00000 0.00000 0.00000 0.00000 0.00000 0.00000 0.00000 0.00000 0.00000 0.00000 0.00000 0.00000 0.00000 0.00000 0.00000 0.00000 0.00000 0.00000 0.00000 0.00000 0.00000 0.00000 0.00000 0.00000 0.00000 0.00000 0.00000 0.00000 0.00000 0.00000 0.00000 0.00000 0.00000 0.00000 0.00000 0.00000 0.00000 0.00000 0.00000 0.00000 0.00000 0.00000 0.00000 0.00000 0.00000 0.00000 0.00000 0.00000 0.00000 0.00000 0.00000 0.00000 0.00000 0.00000 0.00000 0.00000 0.00000 0.00000 0.00000 0.00000 0.00000 0.00000 0.00000 0.00000 0.00000 0.00000 0.00000 0.00000 0.00000 0.00000 0.00000 0.00000 0.00000 0.00000 0.00000 0.00000 0.00000 0.00000 0.00000 0.00000 0.00000 0.00000 0.00000 0.00000 0.00000 0.00000 0.00000 0.00000 0.00000 -0.0000572148 -0.000113679 -0.0000804900 0.0000298532 0.0000622917 -0.0000356758 -0.0000841367 0.0000367515 0.000124463 -0.0000269206 -0.000181480 0.00000808472 0.000295303 0.000109936 -0.000391529 -0.000384408 0.000201598 0.000342984 -0.000334915 -0.000629956 0.000215729 0.000800046 -0.000195437 -0.00115166 0.0000722742 0.00155865 0.000260080 0.00143969 0.0187930 0.0571853 0.0964403 0.101835 0.0571138 -0.0154564 -0.0722140 -0.0844757 -0.0568460 -0.0154352 0.0139351 0.0180624 0.000703738 -0.0155175 0.00218652 0.0706725 0.165913 0.230715 0.218738 0.136379 0.0400987 -0.0100814 0.00277373 0.0463116 0.0723449 0.0554891 0.00599139 -0.0460887 -0.0761397 -0.0797736 -0.0704024 -0.0658008 -0.0748469 -0.0928666 -0.106984 -0.106265 -0.0892308 -0.0643606 -0.0442653 -0.0375649 -0.0431485 -0.0504345 -0.0465303 -0.0263432 0.00232555 0.0243600 0.0298850 0.0224051 0.0146382 0.0165465 0.0276301 0.0398158 0.0457002 0.0432541 0.0346554 0.0234533 0.0132843 0.00709838 0.00555552 0.00616232 0.00504110 0.000105339 -0.00737712 -0.0139672 -0.0165781 -0.0145663 -0.0103780 -0.00815347 -0.0106671 -0.0169257 -0.0230486 -0.0259552 -0.0260236 -0.0258752 -0.0269197 -0.0277937 -0.0262013 -0.0215143 -0.0151873 -0.00918241 -0.00465053 -0.00198463 -0.00129235 -0.00219384 -0.00331922 -0.00266393 0.000977567 0.00669446 0.0118383 0.0141484 0.0136506 0.0124202 0.0124790 0.0140188 0.0156141 0.0157726 0.0139861 0.0106267 0.00644922 0.00233323 -0.000936862 -0.00308306 -0.00448607 -0.00573396 -0.00704052 -0.00823172 -0.00915378 -0.00989774 -0.0106835 -0.0117510 -0.0133099 -0.0152627 -0.0168537 -0.0169329 -0.0149257 -0.0115287 -0.00824675 -0.00618908 -0.00537020 -0.00505184 -0.00449886 -0.00339069 -0.00184871 -0.000327754 0.000634683 0.000838568 0.000665722 0.000811176 0.00173770 0.00339438 0.00531434 0.00680157 0.00711292 0.00582858 0.00329175 0.000560043 -0.00135214 -0.00227146 -0.00284821 -0.00375754 -0.00501327 -0.00605329 -0.00633419 -0.00574022 -0.00456139 -0.00330802 -0.00257108 -0.00280665 -0.00399953 -0.00551919 -0.00649180 -0.00647534 -0.00579459 -0.00517704 -0.00505792 -0.00523558 -0.00513317 -0.00430868 -0.00275189 -0.000866078 0.000725209 0.00146058 0.00116469 0.000201464 -0.000769400 -0.00128770 -0.00134818 -0.00117194 -0.000836144 -0.000234246 0.000665482 0.00168566 0.00258498 0.00319817 0.00336971 0.00289647 0.00170707 0.0000727571 -0.00151180 -0.00270927 -0.00353100 -0.00414425 -0.00461096 -0.00489336 -0.00501611 -0.00508686 -0.00517292 -0.00528209 -0.00548442 -0.00593086 -0.00666289 -0.00745409 -0.00791649 -0.00776010 -0.00693237 -0.00557686 -0.00395662 -0.00241012 -0.00126173 -0.000669054 -0.000541737 -0.000641896 -0.000784598 -0.000934423 -0.00111144 -0.00124797 -0.00120063 -0.000911208 -0.000485977 -0.0000747940 0.000258312 0.000471370 0.000433806 0.0000267745 -0.000657023 -0.00135829 -0.00191667 -0.00235557 -0.00268402 -0.00279444 -0.00263492 -0.00231044 -0.00190393 -0.00137299 -0.000776983 -0.000423326 -0.000559210 -0.00104222 -0.00155419 -0.00200728 -0.00242801 -0.00255144 -0.00198653 -0.000872753 0.00000 0.00000 0.00000 0.00000 0.00000 0.00000 0.00000 0.00000 0.00000 0.00000 0.00000 0.00000 0.00000 0.00000 0.00000 0.00000 0.00000 0.00000 0.00000 0.00000 0.00000 0.00000 0.00000 0.00000 0.00000 0.00000 0.00000 0.00000 0.00000 0.00000 0.00000 0.00000 0.00000 0.00000 0.00000 0.00000 0.00000 0.00000 0.00000 0.00000 0.00000 0.00000 0.00000 0.00000 0.00000 0.00000 0.00000 0.00000 0.00000 0.00000 0.00000 0.00000 0.00000 0.00000 0.00000 0.00000 0.00000 0.00000 0.00000 0.00000 0.00000 0.00000 0.00000 0.00000 0.00000 0.00000 0.00000 0.00000 0.00000 0.00000 0.00000 0.00000 0.00000 0.00000 0.00000 0.00000 0.00000 0.00000 0.00000 0.00000 0.00000 0.00000 0.00000 0.00000 0.00000 0.00000 0.00000 0.00000 0.00000 0.00000 0.00000 0.00000 0.00000 0.00000 0.00000 0.00000 0.00000 0.00000 0.00000 0.00000 0.00000 0.00000 0.00000 0.00000 0.00000 0.00000 0.00000 0.00000 0.00000 0.00000 0.00000 0.00000 0.00000 0.00000 0.00000 0.00000 0.00000 0.00000 0.00000 0.00000 0.00000 0.00000 0.00000 0.00000 0.00000 0.00000 0.00000 0.00000 0.00000 0.00000 0.00000 0.00000 0.00000 0.00000 0.00000 0.00000 0.00000 0.00000 0.00000 0.00000 0.00000 0.00000 0.00000 0.00000 0.00000 0.00000 0.00000 0.00000 0.00000 0.00000 0.00000 0.00000 0.00000 0.00000 0.00000 0.00000 0.00000 0.00000 0.00000 0.00000 0.00000 0.00000 0.00000 0.00000 0.00000 0.00000 0.00000 0.00000 0.00000 0.00000 0.00000 0.00000 0.00000 0.00000 0.00000 0.00000 0.00000 0.00000 0.00000 0.00000 0.00000 0.00000 0.00000 0.00000 0.00000 0.00000 0.00000 0.00000 0.00000 0.00000 0.00000 0.00000 0.00000 0.00000 0.00000 0.00000 0.00000 0.00000 0.00000 0.00000 0.00000 0.00000 0.00000 0.00000 0.00000 0.00000 0.00000 0.00000 0.00000 0.00000 0.00000 0.00000 0.00000 0.00000 0.00000 0.00000 0.00000 0.00000 0.00000 0.00000 0.00000 0.00000 0.00000 0.00000 0.00000 0.00000 0.00000 0.00000 0.00000 0.00000 0.00000 0.00000 0.00000 0.00000 0.00000 0.00000 0.00000 0.00000 0.00000 0.00000 0.00000 0.00000 0.00000 0.00000 0.00000 0.00000 0.00000 0.00000 0.00000 0.00000
-0.0000762864 0.000118199 0.000251066 -0.0000287458 -0.000358186 -0.0000619943 0.000518095 0.000287042 -0.000611180 -0.000641407 0.000450342 0.000733812 -0.000608093 -0.00126591 0.000370474 0.00164203 -0.000199488 -0.00223145 -0.000160385 0.00273331 0.000189808 -0.000535408 0.0214172 0.0716851 0.117303 0.109961 0.0395363 -0.0464399 -0.0867300 -0.0650195 -0.0174392 0.0115434 0.00808167 -0.0128796 -0.0292736 -0.0219583 0.0231912 0.103132 0.185381 0.222901 0.193362 0.122454 0.0623649 0.0460676 0.0634516 0.0786580 0.0654921 0.0263302 -0.0171072 -0.0460358 -0.0583864 -0.0651367 -0.0767195 -0.0935498 -0.107941 -0.112920 -0.108387 -0.0998725 -0.0926545 -0.0872700 -0.0803331 -0.0695321 -0.0570598 -0.0467279 -0.0379325 -0.0253128 -0.00633893 0.0131005 0.0243692 0.0267856 0.0285891 0.0361349 0.0459122 0.0499145 0.0459587 0.0387827 0.0324040 0.0260418 0.0182080 0.0106449 0.00571042 0.00232812 -0.00252290 -0.00921803 -0.0148593 -0.0170108 -0.0160456 -0.0137297 -0.0114805 -0.0106326 -0.0125755 -0.0172170 -0.0222718 -0.0254856 -0.0271451 -0.0291745 -0.0319813 -0.0336375 -0.0324556 -0.0289787 -0.0246888 -0.0198352 -0.0137129 -0.00666333 -0.000583033 0.00286136 0.00392623 0.00443152 0.00606163 0.00912272 0.0126923 0.0157022 0.0177988 0.0191936 0.0198291 0.0190422 0.0163236 0.0122135 0.00802907 0.00473699 0.00239849 0.000620619 -0.000934124 -0.00256136 -0.00448527 -0.00646810 -0.00776371 -0.00786311 -0.00710784 -0.00629435 -0.00590039 -0.00606504 -0.00700513 -0.00877831 -0.0106172 -0.0112149 -0.0100448 -0.00799690 -0.00636799 -0.00557673 -0.00526705 -0.00525669 -0.00566729 -0.00620988 -0.00614491 -0.00524149 -0.00423842 -0.00395253 -0.00425713 -0.00429163 -0.00341318 -0.00159913 0.000789769 0.00313079 0.00455824 0.00447863 0.00326281 0.00203029 0.00147810 0.00115415 0.000115804 -0.00187319 -0.00403084 -0.00530521 -0.00521090 -0.00405163 -0.00265001 -0.00189262 -0.00223896 -0.00343630 -0.00474359 -0.00550740 -0.00554008 -0.00505398 -0.00444570 -0.00414280 -0.00435739 -0.00477692 -0.00466831 -0.00355338 -0.00175300 -0.0000799032 0.000966519 0.00149512 0.00176915 0.00177430 0.00137284 0.000647778 -0.000127093 -0.000747969 -0.00111860 -0.00111034 -0.000615255 0.000235831 0.00107175 0.00155421 0.00156665 0.00114654 0.000387228 -0.000538059 -0.00139659 -0.00205746 -0.00257804 -0.00306265 -0.00350687 -0.00385861 -0.00415439 -0.00447995 -0.00483932 -0.00519143 -0.00559765 -0.00618287 -0.00690842 -0.00750802 -0.00771729 -0.00747242 -0.00682138 -0.00577519 -0.00439730 -0.00296515 -0.00184602 -0.00118050 -0.000820752 -0.000615395 -0.000615000 -0.000914318 -0.00141034 -0.00184585 -0.00204454 -0.00199582 -0.00174521 -0.00133018 -0.000843883 -0.000462634 -0.000349940 -0.000559233 -0.00102929 -0.00162004 -0.00215213 -0.00248583 -0.00259396 -0.00251745 -0.00225150 -0.00175506 -0.00109188 -0.000466232 -0.0000600304 0.0000927331 0.0000191885 -0.000299421 -0.000838060 -0.00140456 -0.00175513 -0.00182711 -0.00174506 -0.00161144 -0.00142153 -0.00118615 -0.000979555 -0.000808858 -0.000574736 -0.000250288 0.00000 0.00000 0.00000 0.00000 0.00000 0.00000 0.00000 0.00000 0.00000 0.00000 0.00000 0.00000 0.00000 0.00000 0.00000 0.00000 0.00000 0.00000 0.00000 0.00000 0.00000 0.00000 0.00000 0.00000 0.00000 0.00000 0.00000 0.00000 0.00000 0.00000 0.00000 0.00000 0.00000 0.00000 0.00000 0.00000 0.00000 0.00000 0.00000 0.00000 0.00000 0.00000 0.00000 0.00000 0.00000 0.00000 0.00000 0.00000 0.00000 0.00000 0.00000 0.00000 0.00000 0.00000 0.00000 0.00000 0.00000 0.00000 0.00000 0.00000 0.00000 0.00000 0.00000 0.00000 0.00000 0.00000 0.00000 0.00000 0.00000 0.00000 0.00000 0.00000 0.00000 0.00000 0.00000 0.00000 0.00000 0.00000 0.00000 0.00000 0.00000 0.00000 0.00000 0.00000 0.00000 0.00000 0.00000 0.00000 0.00000 0.00000 0.00000 0.00000 0.00000 0.00000 0.00000 0.00000 0.00000 0.00000 0.00000 0.00000 0.00000 0.00000 0.00000 0.00000 0.00000 0.00000 0.00000 0.00000 0.00000 0.00000 0.00000 0.00000 0.00000 0.00000 0.00000 0.00000 0.00000 0.00000 0.00000 0.00000 0.00000 0.00000 0.00000 0.00000 0.00000 0.00000 0.00000 0.00000 0.00000 0.00000 0.00000 0.00000 0.00000 0.00000 0.00000 0.00000 0.00000 0.00000 0.00000 0.00000 0.00000 0.00000 0.00000 0.00000 0.00000 0.00000 0.00000 0.00000 0.00000 0.00000 0.00000 0.00000 0.00000 0.00000 0.00000 0.00000 0.00000 0.00000 0.00000 0.00000 0.00000 0.00000 0.00000 0.00000 0.00000 0.00000 0.00000 0.00000 0.00000 0.00000 0.00000 0.00000 0.00000 0.00000 0.00000 0.00000 0.00000 0.00000 0.00000 0.00000 0.00000 0.00000 0.00000 0.00000 0.00000 0.00000 0.00000 0.00000 0.00000 0.00000 0.00000 0.00000 0.00000 0.00000 0.00000 0.00000 0.00000 0.00000 0.00000 0.00000 0.00000 0.00000 0.00000 0.00000 0.00000 0.00000 0.00000 0.00000 0.00000 0.00000 0.00000 0.00000 0.00000 0.00000 0.00000 0.00000 0.00000 0.00000 0.00000 0.00000 0.00000 0.00000 0.00000 0.00000 0.00000 0.00000 0.00000 0.00000 0.00000 0.00000 0.00000 0.00000 0.00000 0.00000 0.00000 0.00000 0.00000 0.00000 0.00000 0.00000 0.00000 0.00000 0.00000 0.00000 0.00000 0.00000 0.00000 0.00000 0.00000 0.00000 -0.0000572148 -0.0000205519 0.0000184781 0.00000639054 -0.0000350372 -0.0000469433 -0.0000378533 -0.0000519884 -0.0000615115 -0.0000117107 0.0000390975 -0.00000281133 -0.0000613414 0.00000693465 0.000113838 0.0000363077 -0.000138299 -0.0000668031 0.000201878 0.000162192 -0.000260155 -0.000390610 0.0000738563 0.000352404 -0.000153150 -0.000590909 0.00000488879 0.000742114 0.000162607 -0.000825784 -0.0000743211 0.00146507 0.000804126 0.00115734 0.0143470 0.0469672 0.0835062 0.0918252 0.0530733 -0.0150360 -0.0699308 -0.0801672 -0.0486224 -0.00385104 0.0246220 0.0234271 -0.000129257 -0.0206105 -0.00632858 0.0565436 0.143564 0.201478 0.189109 0.114257 0.0290700 -0.0132856 0.000322673 0.0396571 0.0621973 0.0468543 0.00408594 -0.0387844 -0.0603216 -0.0585817 -0.0485973 -0.0482279 -0.0637272 -0.0856405 -0.0974563 -0.0893900 -0.0659338 -0.0416385 -0.0296807 -0.0328920 -0.0433145 -0.0487752 -0.0409011 -0.0200835 0.00463685 0.0211458 0.0228756 0.0142587 0.00731166 0.0112853 0.0249076 0.0385860 0.0435021 0.0380984 0.0270292 0.0161478 0.00912276 0.00683400 0.00767202 0.00829956 0.00576555 -0.00000863913 -0.00604299 -0.00904214 -0.00830529 -0.00593613 -0.00465627 -0.00577090 -0.00888545 -0.0128412 -0.0166357 -0.0197848 -0.0221994 -0.0238113 -0.0242527 -0.0229817 -0.0198437 -0.0153968 -0.0105533 -0.00598797 -0.00196400 0.00140864 0.00400632 0.00582538 0.00708428 0.00804241 0.00876274 0.00906350 0.00867426 0.00748918 0.00570313 0.00376914 0.00220995 0.00133485 0.000980728 0.000459117 -0.00114492 -0.00430871 -0.00846201 -0.0121290 -0.0139422 -0.0136748 -0.0122394 -0.0107026 -0.00944419 -0.00830687 -0.00723881 -0.00647995 -0.00619593 -0.00624398 -0.00636774 -0.00638999 -0.00608633 -0.00511749 -0.00336257 -0.00124056 0.000540258 0.00158058 0.00197811 0.00195800 0.00160972 0.00111157 0.000889288 0.00119489 0.00161398 0.00135865 0.000179685 -0.00122126 -0.00183230 -0.00126644 0.00000410338 0.00114023 0.00147355 0.000734877 -0.000873098 -0.00271079 -0.00405395 -0.00465806 -0.00496284 -0.00561053 -0.00673942 -0.00779453 -0.00802187 -0.00712022 -0.00549638 -0.00400199 -0.00339484 -0.00385311 -0.00484801 -0.00550236 -0.00521423 -0.00406290 -0.00267567 -0.00170299 -0.00135306 -0.00132419 -0.00112065 -0.000470118 0.000477705 0.00129802 0.00163009 0.00140855 0.000823222 0.000115835 -0.000568170 -0.00118382 -0.00171960 -0.00214795 -0.00241225 -0.00243597 -0.00215776 -0.00159051 -0.000873661 -0.000275281 -0.000105607 -0.000550634 -0.00152498 -0.00269277 -0.00368139 -0.00430326 -0.00457388 -0.00455866 -0.00428172 -0.00380100 -0.00327833 -0.00288328 -0.00265558 -0.00255547 -0.00264794 -0.00311684 -0.00401629 -0.00506556 -0.00578380 -0.00582904 -0.00516979 -0.00398814 -0.00254648 -0.00116540 -0.000180031 0.000229298 0.000159949 -0.000136377 -0.000502502 -0.000942406 -0.00145063 -0.00187843 -0.00203781 -0.00189841 -0.00161460 -0.00137132 -0.00126062 -0.00130210 -0.00150026 -0.00183080 -0.00221375 -0.00256015 -0.00283755 -0.00304594 -0.00313844 -0.00302041 -0.00264078 -0.00204420 -0.00132583 -0.000588188 0.0000340115 0.000380567 0.000384921 0.000176644 0.00000 0.00000 0.00000 0.00000 0.00000 0.00000 0.00000 0.00000 0.00000 0.00000 0.00000 0.00000 0.00000 0.00000 0.00000 0.00000 0.00000 0.00000 0.00000 0.00000 0.00000 0.00000 0.00000 0.00000 0.00000 0.00000 0.00000 0.00000 0.00000 0.00000 0.00000 0.00000 0.00000 0.00000 0.00000 0.00000 0.00000 0.00000 0.00000 0.00000 0.00000 0.00000 0.00000 0.00000 0.00000 0.00000 0.00000 0.00000 0.00000 0.00000 0.00000 0.00000 0.00000 0.00000 0.00000 0.00000 0.00000 0.00000 0.00000 0.00000 0.00000 0.00000 0.00000 0.00000 0.00000 0.00000 0.00000 0.00000 0.00000 0.00000 0.00000 0.00000 0.00000 0.00000 0.00000 0.00000 0.00000 0.00000 0.00000 0.00000 0.00000 0.00000 0.00000 0.00000 0.00000 0.00000 0.00000 0.00000 0.00000 0.00000 0.00000 0.00000 0.00000 0.00000 0.00000 0.00000 0.00000 0.00000 0.00000 0.00000 0.00000 0.00000 0.00000 0.00000 0.00000 0.00000 0.00000 0.00000 0.00000 0.00000 0.00000 0.00000 0.00000 0.00000 0.00000 0.00000 0.00000 0.00000 0.00000 0.00000 0.00000 0.00000 0.00000 0.00000 0.00000 0.00000 0.00000 0.00000 0.00000 0.00000 0.00000 0.00000 0.00000 0.00000 0.00000 0.00000 0.00000 0.00000 0.00000 0.00000 0.00000 0.00000 0.00000 0.00000 0.00000 0.00000 0.00000 0.00000 0.00000 0.00000 0.00000 0.00000 0.00000 0.00000 0.00000 0.00000 0.00000 0.00000 0.00000 0.00000 0.00000 0.00000 0.00000 0.00000 0.00000 0.00000 0.00000 0.00000 0.00000 0.00000 0.00000 0.00000 0.00000 0.00000 0.00000 0.00000 0.00000 0.00000 0.00000 0.00000 0.00000 0.00000 0.00000 0.00000 0.00000 0.00000 0.00000 0.00000 0.00000 0.00000 0.00000 0.00000 0.00000 0.00000 0.00000 0.00000 0.00000 0.00000 0.00000 0.00000 0.00000 0.00000 0.00000 0.00000 0.00000 0.00000 0.00000 0.00000 0.00000 0.00000 0.00000 0.00000 0.00000 0.00000 0.00000 0.00000 0.00000 0.00000 0.00000 0.00000 0.00000 0.00000 0.00000 0.00000 0.00000 0.00000 0.00000 0.00000 0.00000 0.00000 0.00000 0.00000 0.00000 0.00000 0.00000 0.00000 0.00000 0.00000 0.00000 0.00000 0.00000 0.00000 0.00000 0.00000 0.00000 0.00000 0.00000 0.00000 0.00000 0.00000
0.000228859 0.000603998 -0.000138478 -0.000959151 -0.000214634 0.00109617 0.000500896 -0.00136093 -0.00109404 0.00134055 0.00151842 -0.00163479 -0.00243321 0.00161723 0.00279467 -0.00227792 0.00579228 0.0530667 0.126511 0.160640 0.0960363 -0.0447136 -0.159021 -0.156809 -0.0466119 0.0763167 0.119645 0.0656363 -0.0304322 -0.0894842 -0.0583343 0.0591016 0.197052 0.264890 0.216664 0.0964249 0.00595577 0.0160516 0.105711 0.186245 0.181166 0.0855880 -0.0392402 -0.119111 -0.120561 -0.0690276 -0.0238793 -0.0304450 -0.0854476 -0.143836 -0.160886 -0.131022 -0.0879925 -0.0694207 -0.0828884 -0.105143 -0.109157 -0.0876402 -0.0524288 -0.0188298 0.00436540 0.0139273 0.0109030 0.00384349 0.00719121 0.0289254 0.0595812 0.0785706 0.0735474 0.0513049 0.0290120 0.0181493 0.0185355 0.0234650 0.0255079 0.0189885 0.00303937 -0.0156663 -0.0270041 -0.0269987 -0.0214600 -0.0183788 -0.0192961 -0.0208044 -0.0218835 -0.0250221 -0.0304636 -0.0342129 -0.0336184 -0.0313912 -0.0312606 -0.0320163 -0.0292198 -0.0218888 -0.0142892 -0.0106369 -0.0104233 -0.0100408 -0.00716946 -0.00208754 0.00403670 0.0102247 0.0152610 0.0177524 0.0173750 0.0154864 0.0140514 0.0142026 0.0157644 0.0175093 0.0177106 0.0150612 0.00965045 0.00316204 -0.00210921 -0.00468912 -0.00479225 -0.00420403 -0.00511551 -0.00833574 -0.0123826 -0.0147817 -0.0144886 -0.0127215 -0.0113281 -0.0109619 -0.0112026 -0.0116869 -0.0121479 -0.0117474 -0.00960484 -0.00623568 -0.00348722 -0.00251887 -0.00252114 -0.00198315 -0.000597667 0.000818924 0.00178512 0.00256069 0.00318693 0.00311894 0.00219301 0.00128394 0.00143548 0.00264442 0.00392053 0.00430387 0.00343737 0.00142530 -0.00121875 -0.00345972 -0.00424717 -0.00356788 -0.00273586 -0.00324647 -0.00532714 -0.00772607 -0.00883073 -0.00795508 -0.00582450 -0.00406544 -0.00403445 -0.00573897 -0.00778763 -0.00854188 -0.00741839 -0.00514228 -0.00297118 -0.00182988 -0.00190990 -0.00260479 -0.00278136 -0.00157690 0.000740938 0.00286503 0.00364322 0.00312129 0.00228548 0.00194385 0.00208305 0.00217072 0.00174991 0.000738077 -0.000507497 -0.00127438 -0.000929635 0.000455548 0.00199902 0.00271701 0.00231237 0.00118649 -0.000150430 -0.00142778 -0.00248377 -0.00317480 -0.00356445 -0.00396117 -0.00456795 -0.00522491 -0.00566942 -0.00593342 -0.00627624 -0.00678838 -0.00727847 -0.00754268 -0.00752870 -0.00718546 -0.00636679 -0.00504011 -0.00349064 -0.00217155 -0.00136675 -0.00105922 -0.00105967 -0.00115707 -0.00118633 -0.00109379 -0.000988741 -0.00105869 -0.00138352 -0.00185187 -0.00226055 -0.00245760 -0.00240284 -0.00217740 -0.00197285 -0.00199545 -0.00230257 -0.00275824 -0.00319107 -0.00355005 -0.00384753 -0.00401649 -0.00394974 -0.00367336 -0.00334213 -0.00301826 -0.00257999 -0.00193718 -0.00123804 -0.000739355 -0.000524775 -0.000470441 -0.000442435 -0.000380312 -0.000206128 0.000159046 0.000619000 0.000893947 0.000807088 0.000497032 0.000245462 0.000163727 0.000144230 0.0000405584 -0.000226316 -0.000663814 -0.00114083 -0.00135792 -0.00108398 -0.000471640 0.00000 0.00000 0.00000 0.00000 0.00000 0.00000 0.00000 0.00000 0.00000 0.00000 0.00000 0.00000 0.00000 0.00000 0.00000 0.00000 0.00000 0.00000 0.00000 0.00000 0.00000 0.00000 0.00000 0.00000 0.00000 0.00000 0.00000 0.00000 0.00000 0.00000 0.00000 0.00000 0.00000 0.00000 0.00000 0.00000 0.00000 0.00000 0.00000 0.00000 0.00000 0.00000 0.00000 0.00000 0.00000 0.00000 0.00000 0.00000 0.00000 0.00000 0.00000 0.00000 0.00000 0.00000 0.00000 0.00000 0.00000 0.00000 0.00000 0.00000 0.00000 0.00000 0.00000 0.00000 0.00000 0.00000 0.00000 0.00000 0.00000 0.00000 0.00000 0.00000 0.00000 0.00000 0.00000 0.00000 0.00000 0.00000 0.00000 0.00000 0.00000 0.00000 0.00000 0.00000 0.00000 0.00000 0.00000 0.00000 0.00000 0.00000 0.00000 0.00000 0.00000 0.00000 0.00000 0.00000 0.00000 0.00000 0.00000 0.00000 0.00000 0.00000 0.00000 0.00000 0.00000 0.00000 0.00000 0.00000 0.00000 0.00000 0.00000 0.00000 0.00000 0.00000 0.00000 0.00000 0.00000 0.00000 0.00000 0.00000 0.00000 0.00000 0.00000 0.00000 0.00000 0.00000 0.00000 0.00000 0.00000 0.00000 0.00000 0.00000 0.00000 0.00000 0.00000 0.00000 0.00000 0.00000 0.00000 0.00000 0.00000 0.00000 0.00000 0.00000 0.00000 0.00000 0.00000 0.00000 0.00000 0.00000 0.00000 0.00000 0.00000 0.00000 0.00000 0.00000 0.00000 0.00000 0.00000 0.00000 0.00000 0.00000 0.00000 0.00000 0.00000 0.00000 0.00000 0.00000 0.00000 0.00000 0.00000 0.00000 0.00000 0.00000 0.00000 0.00000 0.00000 0.00000 0.00000 0.00000 0.00000 0.00000 0.00000 0.00000 0.00000 0.00000 0.00000 0.00000 0.00000 0.00000 0.00000 0.00000 0.00000 0.00000 0.00000 0.00000 0.00000 0.00000 0.00000 0.00000 0.00000 0.00000 0.00000 0.00000 0.00000 0.00000 0.00000 0.00000 0.00000 0.00000 0.00000 0.00000 0.00000 0.00000 0.00000 0.00000 0.00000 0.00000 0.00000 0.00000 0.00000 0.00000 0.00000 0.00000 0.00000 0.00000 0.00000 0.00000 0.00000 0.00000 0.00000 0.00000 0.00000 0.00000 0.00000 0.00000 0.00000 0.00000 0.00000 0.00000 0.00000 0.00000 0.00000 0.00000 0.00000 0.00000 0.00000 0.00000 0.00000 0.00000 -0.0000190716 -0.0000551386 -0.0000579903 -0.0000326517 -0.0000189345 -0.0000269676 -0.0000371200 -0.0000427071 -0.0000546796 -0.0000566441 -0.0000272607 -0.00000372373 -0.0000389521 -0.0000969095 -0.0000812894 3.87464e-7 0.0000218375 -0.0000526220 -0.0000738429 0.0000389306 0.000111599 -0.0000111038 -0.000142645 -0.0000213183 0.000182403 0.0000740567 -0.000239479 -0.000210494 0.000176457 0.000226914 -0.000256613 -0.000413879 0.000225768 0.000633299 -0.0000692121 -0.000690193 0.000211721 0.00124145 0.000555566 0.00242196 0.0164311 0.0444693 0.0699352 0.0675584 0.0287827 -0.0250320 -0.0589157 -0.0541962 -0.0216079 0.0119788 0.0255856 0.0154934 -0.00613238 -0.0182338 -0.00143624 0.0480050 0.109836 0.149249 0.141858 0.0936882 0.0370428 0.00514234 0.00785007 0.0282230 0.0399273 0.0287874 0.00125244 -0.0245308 -0.0353945 -0.0332623 -0.0312236 -0.0402715 -0.0589707 -0.0750431 -0.0767185 -0.0629792 -0.0436425 -0.0303866 -0.0278797 -0.0323687 -0.0366895 -0.0354869 -0.0270209 -0.0129214 0.00224083 0.0125863 0.0147990 0.0114173 0.00927548 0.0135229 0.0230373 0.0318142 0.0343996 0.0297984 0.0211357 0.0128531 0.00812105 0.00744441 0.00864568 0.00850957 0.00532527 0.000174251 -0.00429585 -0.00621006 -0.00555149 -0.00350319 -0.00143311 -0.000473684 -0.00127319 -0.00353719 -0.00601056 -0.00748322 -0.00799432 -0.00876902 -0.0107084 -0.0130754 -0.0140467 -0.0126462 -0.00985388 -0.00764506 -0.00713831 -0.00793233 -0.00905326 -0.00999067 -0.0106161 -0.0106119 -0.00959656 -0.00782061 -0.00623872 -0.00556544 -0.00551322 -0.00522056 -0.00426126 -0.00296471 -0.00187817 -0.00129238 -0.00134128 -0.00213422 -0.00346192 -0.00459520 -0.00475826 -0.00384098 -0.00243598 -0.00119215 -0.000341945 0.000128891 0.000193643 -0.000118495 -0.000568512 -0.000955601 -0.00142985 -0.00225636 -0.00324727 -0.00372952 -0.00325126 -0.00214650 -0.00122683 -0.00101044 -0.00141195 -0.00207776 -0.00275471 -0.00328400 -0.00350660 -0.00340986 -0.00328506 -0.00352172 -0.00417282 -0.00481390 -0.00489106 -0.00418779 -0.00297897 -0.00183145 -0.00127330 -0.00150607 -0.00226981 -0.00298088 -0.00314335 -0.00274212 -0.00224005 -0.00214272 -0.00253658 -0.00303181 -0.00313496 -0.00267433 -0.00191343 -0.00131335 -0.00119650 -0.00156773 -0.00216312 -0.00262710 -0.00269909 -0.00234957 -0.00181721 -0.00147872 -0.00157334 -0.00198364 -0.00230872 -0.00221471 -0.00174356 -0.00127757 -0.00119856 -0.00157696 -0.00216664 -0.00266403 -0.00295504 -0.00313456 -0.00333378 -0.00356378 -0.00372290 -0.00371831 -0.00355009 -0.00329320 -0.00304405 -0.00290514 -0.00297797 -0.00330163 -0.00377342 -0.00416634 -0.00426987 -0.00402334 -0.00350869 -0.00283873 -0.00208439 -0.00129221 -0.000514637 0.000191182 0.000748178 0.00102326 0.000866237 0.000246450 -0.000666465 -0.00160137 -0.00234789 -0.00279771 -0.00289607 -0.00266086 -0.00224356 -0.00186834 -0.00167385 -0.00166897 -0.00183368 -0.00215958 -0.00256989 -0.00291514 -0.00311170 -0.00320117 -0.00322266 -0.00312616 -0.00288010 -0.00256224 -0.00226193 -0.00199588 -0.00180577 -0.00180272 -0.00198095 -0.00212719 -0.00210119 -0.00206981 -0.00220379 -0.00224732 -0.00175298 -0.000774440 0.00000 0.00000 0.00000 0.00000 0.00000 0.00000 0.00000 0.00000 0.00000 0.00000 0.00000 0.00000 0.00000 0.00000 0.00000 0.00000 0.00000 0.00000 0.00000 0.00000 0.00000 0.00000 0.00000 0.00000 0.00000 0.00000 0.00000 0.00000 0.00000 0.00000 0.00000 0.00000 0.00000 0.00000 0.00000 0.00000 0.00000 0.00000 0.00000 0.00000 0.00000 0.00000 0.00000 0.00000 0.00000 0.00000 0.00000 0.00000 0.00000 0.00000 0.00000 0.00000 0.00000 0.00000 0.00000 0.00000 0.00000 0.00000 0.00000 0.00000 0.00000 0.00000 0.00000 0.00000 0.00000 0.00000 0.00000 0.00000 0.00000 0.00000 0.00000 0.00000 0.00000 0.00000 0.00000 0.00000 0.00000 0.00000 0.00000 0.00000 0.00000 0.00000 0.00000 0.00000 0.00000 0.00000 0.00000 0.00000 0.00000 0.00000 0.00000 0.00000 0.00000 0.00000 0.00000 0.00000 0.00000 0.00000 0.00000 0.00000 0.00000 0.00000 0.00000 0.00000 0.00000 0.00000 0.00000 0.00000 0.00000 0.00000 0.00000 0.00000 0.00000 0.00000 0.00000 0.00000 0.00000 0.00000 0.00000 0.00000 0.00000 0.00000 0.00000 0.00000 0.00000 0.00000 0.00000 0.00000 0.00000 0.00000 0.00000 0.00000 0.00000 0.00000 0.00000 0.00000 0.00000 0.00000 0.00000 0.00000 0.00000 0.00000 0.00000 0.00000 0.00000 0.00000 0.00000 0.00000 0.00000 0.00000 0.00000 0.00000 0.00000 0.00000 0.00000 0.00000 0.00000 0.00000 0.00000 0.00000 0.00000 0.00000 0.00000 0.00000 0.00000 0.00000 0.00000 0.00000 0.00000 0.00000 0.00000 0.00000 0.00000 0.00000 0.00000 0.00000 0.00000 0.00000 0.00000 0.00000 0.00000 0.00000 0.00000 0.00000 0.00000 0.00000 0.00000 0.00000 0.00000 0.00000 0.00000 0.00000 0.00000 0.00000 0.00000 0.00000 0.00000 0.00000 0.00000 0.00000 0.00000 0.00000 0.00000 0.00000 0.00000 0.00000 0.00000 0.00000 0.00000 0.00000 0.00000 0.00000 0.00000 0.00000 0.00000 0.00000 0.00000 0.00000 0.00000 0.00000 0.00000 0.00000 0.00000 0.00000 0.00000 0.00000 0.00000 0.00000 0.00000 0.00000 0.00000 0.00000 0.00000 0.00000 0.00000 0.00000 0.00000 0.00000 0.00000 0.00000 0.00000 0.00000 0.00000 0.00000 0.00000 0.00000 0.00000 0.00000 0.00000 0.00000
0.00101079 0.000828580 -0.00140932 -0.00181813 0.00151097 0.00306816 -0.00132278 -0.00468176 0.000644680 0.00600013 -0.00127516 -0.00436371 0.0388509 0.134437 0.209065 0.164618 -0.0102673 -0.203149 -0.270987 -0.167408 0.0254864 0.175214 0.197101 0.0987567 -0.0336630 -0.0884808 -0.00560208 0.165168 0.289031 0.258327 0.0945819 -0.0658121 -0.0926257 0.0292553 0.198977 0.289156 0.237243 0.0760052 -0.0992019 -0.195313 -0.180040 -0.0978031 -0.0297716 -0.0283846 -0.0816819 -0.135423 -0.146516 -0.116841 -0.0824889 -0.0764301 -0.100922 -0.130103 -0.134428 -0.103156 -0.0487750 0.00421502 0.0342719 0.0337428 0.0132593 -0.00366746 0.00332727 0.0350798 0.0719211 0.0906065 0.0827911 0.0583008 0.0341080 0.0220270 0.0232755 0.0293384 0.0277068 0.0114114 -0.0140275 -0.0344663 -0.0398684 -0.0328336 -0.0241801 -0.0220213 -0.0267026 -0.0342776 -0.0411335 -0.0447418 -0.0432838 -0.0372246 -0.0302258 -0.0261590 -0.0249954 -0.0231729 -0.0181817 -0.0112990 -0.00557115 -0.00252102 -0.00148864 -0.00104580 0.000134354 0.00315648 0.00820906 0.0138410 0.0177536 0.0185951 0.0169379 0.0146776 0.0136223 0.0143359 0.0157474 0.0157291 0.0126293 0.00665457 -0.000215975 -0.00553422 -0.00771043 -0.00674937 -0.00443711 -0.00365387 -0.00643124 -0.0119891 -0.0171314 -0.0191629 -0.0182267 -0.0165286 -0.0157936 -0.0160787 -0.0165741 -0.0164791 -0.0149778 -0.0114784 -0.00655783 -0.00208141 0.000320600 0.000686038 0.000229748 -0.000142722 -0.000167040 0.000525558 0.00235312 0.00476693 0.00619607 0.00563951 0.00392718 0.00292096 0.00370238 0.00584870 0.00805675 0.00893609 0.00756944 0.00417960 0.000427620 -0.00163192 -0.00141466 -0.000466979 -0.000976744 -0.00369059 -0.00735352 -0.00991499 -0.0100929 -0.00813887 -0.00564692 -0.00460372 -0.00603401 -0.00912184 -0.0117302 -0.0120460 -0.00988952 -0.00660169 -0.00388082 -0.00264828 -0.00259443 -0.00249679 -0.00118866 0.00137363 0.00392429 0.00496336 0.00409896 0.00227919 0.000828874 0.000467550 0.00112810 0.00226753 0.00317125 0.00330777 0.00275693 0.00219872 0.00219734 0.00251326 0.00233390 0.00116456 -0.000708576 -0.00259302 -0.00394918 -0.00453461 -0.00433763 -0.00364045 -0.00300567 -0.00290620 -0.00333413 -0.00391192 -0.00436922 -0.00475989 -0.00523643 -0.00582351 -0.00647153 -0.00713048 -0.00762814 -0.00761007 -0.00679117 -0.00525933 -0.00344282 -0.00182258 -0.000742529 -0.000366141 -0.000599249 -0.00105464 -0.00129490 -0.00120663 -0.00103802 -0.00101680 -0.00105437 -0.000908618 -0.000525071 -0.0000956887 0.000141790 0.0000176338 -0.000609489 -0.00180743 -0.00340261 -0.00497033 -0.00609459 -0.00661183 -0.00657679 -0.00609542 -0.00529742 -0.00440431 -0.00364988 -0.00309035 -0.00260534 -0.00214265 -0.00185979 -0.00192330 -0.00222034 -0.00237410 -0.00204359 -0.00115680 0.0000923068 0.00135352 0.00223944 0.00249991 0.00219403 0.00165572 0.00122809 0.00103320 0.000976601 0.000880240 0.000589024 0.0000821775 -0.000413104 -0.000518230 -0.0000764909 0.000588526 0.000936242 0.000755261 0.000330172 0.0000500346 0.00000 0.00000 0.00000 0.00000 0.00000 0.00000 0.00000 0.00000 0.00000 0.00000 0.00000 0.00000 0.00000 0.00000 0.00000 0.00000 0.00000 0.00000 0.00000 0.00000 0.00000 0.00000 0.00000 0.00000 0.00000 0.00000 0.00000 0.00000 0.00000 0.00000 0.00000 0.00000 0.00000 0.00000 0.00000 0.00000 0.00000 0.00000 0.00000 0.00000 0.00000 0.00000 0.00000 0.00000 0.00000 0.00000 0.00000 0.00000 0.00000 0.00000 0.00000 0.00000 0.00000 0.00000 0.00000 0.00000 0.00000 0.00000 0.00000 0.00000 0.00000 0.00000 0.00000 0.00000 0.00000 0.00000 0.00000 0.00000 0.00000 0.00000 0.00000 0.00000 0.00000 0.00000 0.00000 0.00000 0.00000 0.00000 0.00000 0.00000 0.00000 0.00000 0.00000 0.00000 0.00000 0.00000 0.00000 0.00000 0.00000 0.00000 0.00000 0.00000 0.00000 0.00000 0.00000 0.00000 0.00000 0.00000 0.00000 0.00000 0.00000 0.00000 0.00000 0.00000 0.00000 0.00000 0.00000 0.00000 0.00000 0.00000 0.00000 0.00000 0.00000 0.00000 0.00000 0.00000 0.00000 0.00000 0.00000 0.00000 0.00000 0.00000 0.00000 0.00000 0.00000 0.00000 0.00000 0.00000 0.00000 0.00000 0.00000 0.00000 0.00000 0.00000 0.00000 0.00000 0.00000 0.00000 0.00000 0.00000 0.00000 0.00000 0.00000 0.00000 0.00000 0.00000 0.00000 0.00000 0.00000 0.00000 0.00000 0.00000 0.00000 0.00000 0.00000 0.00000 0.00000 0.00000 0.00000 0.00000 0.00000 0.00000 0.00000 0.00000 0.00000 0.00000 0.00000 0.00000 0.00000 0.00000 0.00000 0.00000 0.00000 0.00000 0.00000 0.00000 0.00000 0.00000 0.00000 0.00000 0.00000 0.00000 0.00000 0.00000 0.00000 0.00000 0.00000 0.00000 0.00000 0.00000 0.00000 0.00000 0.00000 0.00000 0.00000 0.00000 0.00000 0.00000 0.00000 0.00000 0.00000 0.00000 0.00000 0.00000 0.00000 0.00000 0.00000 0.00000 0.00000 0.00000 0.00000 0.00000 0.00000 0.00000 0.00000 0.00000 0.00000 0.00000 0.00000 0.00000 0.00000 0.00000 0.00000 0.00000 0.00000 0.00000 0.00000 0.00000 0.00000 0.00000 0.00000 0.00000 0.00000 0.00000 0.00000 0.00000 0.00000 0.00000 0.00000 0.00000 0.00000 0.00000 0.00000 0.00000 0.00000 0.00000 0.00000 0.00000 0.00000 0.00000 0.0000572148 0.0000467832 0.00000202002 -0.0000226761 -0.00000274132 0.0000129869 -0.0000137039 -0.0000417162 -0.0000253225 0.00000210696 -0.0000112947 -0.0000390718 -0.0000278045 8.22344e-7 -0.00000829296 -0.0000369261 -0.0000286999 -0.00000979009 -0.0000379795 -0.0000699077 -0.0000211718 0.0000540087 0.0000291938 -0.0000605256 -0.0000532450 0.0000407846 0.0000329467 -0.0000846434 -0.0000761275 0.000107713 0.000166802 -0.0000397175 -0.000176972 0.0000137479 0.000187337 -0.0000367135 -0.000293942 -0.0000113352 0.000455382 0.000258701 -0.000323299 -0.0000748153 0.000858319 0.000819916 0.000677504 0.00623691 0.0223246 0.0430212 0.0516468 0.0353456 0.000274843 -0.0307833 -0.0379033 -0.0206619 0.00421444 0.0190080 0.0175099 0.00514393 -0.00747415 -0.00956838 0.00634570 0.0396941 0.0784445 0.103466 0.100911 0.0732123 0.0381399 0.0154660 0.0123929 0.0202219 0.0242696 0.0170097 0.00255456 -0.00998042 -0.0161252 -0.0192435 -0.0254617 -0.0365195 -0.0476626 -0.0520822 -0.0472018 -0.0368252 -0.0275346 -0.0233029 -0.0234055 -0.0245325 -0.0237707 -0.0196589 -0.0120114 -0.00222650 0.00650801 0.0108578 0.0101472 0.00727844 0.00633197 0.00915930 0.0142808 0.0187014 0.0204577 0.0196837 0.0178495 0.0163007 0.0153910 0.0147343 0.0140403 0.0134794 0.0131671 0.0125420 0.0106207 0.00698595 0.00235683 -0.00195884 -0.00515693 -0.00750437 -0.00999300 -0.0135207 -0.0182256 -0.0233453 -0.0276617 -0.0302383 -0.0308718 -0.0298785 -0.0276048 -0.0243366 -0.0205730 -0.0170070 -0.0140089 -0.0112886 -0.00832747 -0.00510358 -0.00216692 0.0000141565 0.00156834 0.00298426 0.00448860 0.00583419 0.00664293 0.00681831 0.00659658 0.00625353 0.00579508 0.00495660 0.00353325 0.00170221 -0.0000495273 -0.00136416 -0.00232174 -0.00325952 -0.00435014 -0.00546900 -0.00642614 -0.00717415 -0.00775024 -0.00813828 -0.00828555 -0.00820611 -0.00799094 -0.00773383 -0.00747907 -0.00718924 -0.00673340 -0.00599423 -0.00508317 -0.00437472 -0.00416912 -0.00431793 -0.00433458 -0.00392065 -0.00325666 -0.00271201 -0.00240138 -0.00214583 -0.00175838 -0.00118811 -0.000417186 0.000574951 0.00166276 0.00251734 0.00282308 0.00253260 0.00186555 0.00109912 0.000399321 -0.000207780 -0.000795319 -0.00145171 -0.00215253 -0.00269709 -0.00285332 -0.00261691 -0.00229850 -0.00229813 -0.00278718 -0.00361324 -0.00447496 -0.00513282 -0.00546463 -0.00542185 -0.00503570 -0.00447268 -0.00399728 -0.00379494 -0.00381404 -0.00381484 -0.00359935 -0.00319430 -0.00281120 -0.00264499 -0.00272158 -0.00292012 -0.00310673 -0.00322575 -0.00327732 -0.00324749 -0.00309363 -0.00278915 -0.00234947 -0.00181466 -0.00125007 -0.000782473 -0.000581385 -0.000745171 -0.00121057 -0.00180556 -0.00236723 -0.00277790 -0.00294270 -0.00283453 -0.00256295 -0.00230600 -0.00213423 -0.00195969 -0.00168290 -0.00133229 -0.00103310 -0.000896675 -0.000964529 -0.00119487 -0.00146261 -0.00162334 -0.00161636 -0.00147985 -0.00128079 -0.00110478 -0.00109036 -0.00133257 -0.00172333 -0.00203127 -0.00218810 -0.00233519 -0.00252465 -0.00258810 -0.00243526 -0.00225533 -0.00220894 -0.00213791 -0.00187880 -0.00166980 -0.00182365 -0.00207983 -0.00178961 -0.000844780 0.00000 0.00000 0.00000 0.00000 0.00000 0.00000 0.00000 0.00000 0.00000 0.00000 0.00000 0.00000 0.00000 0.00000 0.00000 0.00000 0.00000 0.00000 0.00000 0.00000 0.00000 0.00000 0.00000 0.00000 0.00000 0.00000 0.00000 0.00000 0.00000 0.00000 0.00000 0.00000 0.00000 0.00000 0.00000 0.00000 0.00000 0.00000 0.00000 0.00000 0.00000 0.00000 0.00000 0.00000 0.00000 0.00000 0.00000 0.00000 0.00000 0.00000 0.00000 0.00000 0.00000 0.00000 0.00000 0.00000 0.00000 0.00000 0.00000 0.00000 0.00000 0.00000 0.00000 0.00000 0.00000 0.00000 0.00000 0.00000 0.00000 0.00000 0.00000 0.00000 0.00000 0.00000 0.00000 0.00000 0.00000 0.00000 0.00000 0.00000 0.00000 0.00000 0.00000 0.00000 0.00000 0.00000 0.00000 0.00000 0.00000 0.00000 0.00000 0.00000 0.00000 0.00000 0.00000 0.00000 0.00000 0.00000 0.00000 0.00000 0.00000 0.00000 0.00000 0.00000 0.00000 0.00000 0.00000 0.00000 0.00000 0.00000 0.00000 0.00000 0.00000 0.00000 0.00000 0.00000 0.00000 0.00000 0.00000 0.00000 0.00000 0.00000 0.00000 0.00000 0.00000 0.00000 0.00000 0.00000 0.00000 0.00000 0.00000 0.00000 0.00000 0.00000 0.00000 0.00000 0.00000 0.00000 0.00000 0.00000 0.00000 0.00000 0.00000 0.00000 0.00000 0.00000 0.00000 0.00000 0.00000 0.00000 0.00000 0.00000 0.00000 0.00000 0.00000 0.00000 0.00000 0.00000 0.00000 0.00000 0.00000 0.00000 0.00000 0.00000 0.00000 0.00000 0.00000 0.00000 0.00000 0.00000 0.00000 0.00000 0.00000 0.00000 0.00000 0.00000 0.00000 0.00000 0.00000 0.00000 0.00000 0.00000 0.00000 0.00000 0.00000 0.00000 0.00000 0.00000 0.00000 0.00000 0.00000 0.00000 0.00000 0.00000 0.00000 0.00000 0.00000 0.00000 0.00000 0.00000 0.00000 0.00000 0.00000 0.00000 0.00000 0.00000 0.00000 0.00000 0.00000 0.00000 0.00000 0.00000 0.00000 0.00000 0.00000 0.00000 0.00000 0.00000 0.00000 0.00000 0.00000 0.00000 0.00000 0.00000 0.00000 0.00000 0.00000 0.00000 0.00000 0.00000 0.00000 0.00000 0.00000 0.00000 0.00000 0.00000 0.00000 0.00000 0.00000 0.00000 0.00000 0.00000 0.00000 0.00000 0.00000 0.00000 0.00000 0.00000 0.00000 0.00000
-0.000953580 0.00499666 0.00252242 -0.00610270 -0.00481891 0.00683564 0.00601863 -0.00960554 0.00996904 0.110888 0.241214 0.260601 0.0853781 -0.191340 -0.364460 -0.307993 -0.0819525 0.143877 0.238824 0.184860 0.0561274 -0.0339468 0.00422916 0.164179 0.321109 0.323495 0.139221 -0.0985673 -0.207647 -0.115593 0.0953408 0.274824 0.316229 0.207510 0.0189640 -0.143892 -0.204160 -0.163324 -0.0927992 -0.0656411 -0.0925904 -0.126097 -0.120694 -0.0801062 -0.0464858 -0.0543549 -0.100617 -0.152806 -0.176943 -0.157352 -0.0999270 -0.0266340 0.0332443 0.0569022 0.0433777 0.0163583 0.00609030 0.0244266 0.0574870 0.0818440 0.0849806 0.0706950 0.0509802 0.0371429 0.0347047 0.0394509 0.0377969 0.0174198 -0.0185090 -0.0505267 -0.0599392 -0.0458677 -0.0237400 -0.00958714 -0.00934244 -0.0208722 -0.0391187 -0.0566046 -0.0643715 -0.0582841 -0.0436676 -0.0300408 -0.0215505 -0.0154777 -0.00908188 -0.00364041 -0.00115681 -0.000833893 -0.000858761 -0.00125607 -0.00250987 -0.00290343 0.000131791 0.00641169 0.0126902 0.0159552 0.0158673 0.0140684 0.0124817 0.0125673 0.0146523 0.0169841 0.0164809 0.0114784 0.00354176 -0.00382716 -0.00792771 -0.00812805 -0.00558814 -0.00289727 -0.00318884 -0.00778113 -0.0143651 -0.0187352 -0.0188564 -0.0165385 -0.0149239 -0.0153330 -0.0170068 -0.0186201 -0.0187953 -0.0160568 -0.0100726 -0.00306823 0.00141016 0.00173577 -0.000570492 -0.00301901 -0.00442127 -0.00454836 -0.00298164 0.000279713 0.00366212 0.00505343 0.00424724 0.00335835 0.00445786 0.00746252 0.0105286 0.0117417 0.0101213 0.00589607 0.000701339 -0.00293053 -0.00336139 -0.00142423 0.000248859 -0.000338466 -0.00292944 -0.00561471 -0.00654259 -0.00515549 -0.00252270 -0.000801495 -0.00178055 -0.00529782 -0.00914934 -0.0108959 -0.00979062 -0.00696741 -0.00417256 -0.00258943 -0.00241310 -0.00285050 -0.00257849 -0.000845984 0.00160700 0.00305170 0.00240705 0.000210856 -0.00204257 -0.00318151 -0.00289639 -0.00152902 0.000207948 0.00151829 0.00204548 0.00219278 0.00263391 0.00344512 0.00394585 0.00342342 0.00177521 -0.000573131 -0.00302812 -0.00492688 -0.00563836 -0.00499392 -0.00356613 -0.00221604 -0.00136738 -0.000940368 -0.000896874 -0.00145278 -0.00267606 -0.00425684 -0.00587422 -0.00746383 -0.00883460 -0.00930877 -0.00821220 -0.00570811 -0.00280265 -0.000501420 0.000762118 0.000921255 0.0000105788 -0.00161990 -0.00317231 -0.00393367 -0.00391378 -0.00366705 -0.00349998 -0.00313749 -0.00222492 -0.000888525 0.000356524 0.00106896 0.00107155 0.000326258 -0.00111162 -0.00298311 -0.00483533 -0.00623029 -0.00691665 -0.00683233 -0.00605942 -0.00480627 -0.00333600 -0.00187062 -0.000617433 0.000138911 0.000129103 -0.000636551 -0.00179109 -0.00286248 -0.00350748 -0.00347082 -0.00255729 -0.000896612 0.000863736 0.00193722 0.00205442 0.00158851 0.00102174 0.000501391 -0.0000363624 -0.000585701 -0.00109866 -0.00158556 -0.00194581 -0.00183235 -0.000971327 0.000394219 0.00160082 0.00212038 0.00187287 0.00107343 0.0000577804 -0.000722707 -0.000877494 -0.000456918 0.00000 0.00000 0.00000 0.00000 0.00000 0.00000 0.00000 0.00000 0.00000 0.00000 0.00000 0.00000 0.00000 0.00000 0.00000 0.00000 0.00000 0.00000 0.00000 0.00000 0.00000 0.00000 0.00000 0.00000 0.00000 0.00000 0.00000 0.00000 0.00000 0.00000 0.00000 0.00000 0.00000 0.00000 0.00000 0.00000 0.00000 0.00000 0.00000 0.00000 0.00000 0.00000 0.00000 0.00000 0.00000 0.00000 0.00000 0.00000 0.00000 0.00000 0.00000 0.00000 0.00000 0.00000 0.00000 0.00000 0.00000 0.00000 0.00000 0.00000 0.00000 0.00000 0.00000 0.00000 0.00000 0.00000 0.00000 0.00000 0.00000 0.00000 0.00000 0.00000 0.00000 0.00000 0.00000 0.00000 0.00000 0.00000 0.00000 0.00000 0.00000 0.00000 0.00000 0.00000 0.00000 0.00000 0.00000 0.00000 0.00000 0.00000 0.00000 0.00000 0.00000 0.00000 0.00000 0.00000 0.00000 0.00000 0.00000 0.00000 0.00000 0.00000 0.00000 0.00000 0.00000 0.00000 0.00000 0.00000 0.00000 0.00000 0.00000 0.00000 0.00000 0.00000 0.00000 0.00000 0.00000 0.00000 0.00000 0.00000 0.00000 0.00000 0.00000 0.00000 0.00000 0.00000 0.00000 0.00000 0.00000 0.00000 0.00000 0.00000 0.00000 0.00000 0.00000 0.00000 0.00000 0.00000 0.00000 0.00000 0.00000 0.00000 0.00000 0.00000 0.00000 0.00000 0.00000 0.00000 0.00000 0.00000 0.00000 0.00000 0.00000 0.00000 0.00000 0.00000 0.00000 0.00000 0.00000 0.00000 0.00000 0.00000 0.00000 0.00000 0.00000 0.00000 0.00000 0.00000 0.00000 0.00000 0.00000 0.00000 0.00000 0.00000 0.00000 0.00000 0.00000 0.00000 0.00000 0.00000 0.00000 0.00000 0.00000 0.00000 0.00000 0.00000 0.00000 0.00000 0.00000 0.00000 0.00000 0.00000 0.00000 0.00000 0.00000 0.00000 0.00000 0.00000 0.00000 0.00000 0.00000 0.00000 0.00000 0.00000 0.00000 0.00000 0.00000 0.00000 0.00000 0.00000 0.00000 0.00000 0.00000 0.00000 0.00000 0.00000 0.00000 0.00000 0.00000 0.00000 0.00000 0.00000 0.00000 0.00000 0.00000 0.00000 0.00000 0.00000 0.00000 0.00000 0.00000 0.00000 0.00000 0.00000 0.00000 0.00000 0.00000 0.00000 0.00000 0.00000 0.00000 0.00000 0.00000 0.00000 0.00000 0.00000 0.00000 0.00000 0.00000 0.00000 0.0000190716 0.0000271005 0.0000196229 0.00000847256 0.0000169872 0.0000408673 0.0000564697 0.0000529744 0.0000403454 0.0000294084 0.0000208784 0.0000124468 0.00000288166 -0.00000813166 -0.0000176909 -0.0000174578 -0.00000524182 0.00000624127 0.00000387924 -0.00000284701 0.00000831633 0.0000311876 0.0000326769 0.00000124484 -0.0000234626 -0.00000599547 0.0000299713 0.0000355879 0.0000188962 0.0000250213 0.0000448606 0.0000279949 -0.00000346013 0.0000396460 0.000137360 0.000138866 0.00000892269 -0.0000539623 0.0000700701 0.000172736 0.0000458438 -0.0000974562 0.0000595691 0.000308526 0.000194283 -0.0000747780 0.000177838 0.000726075 0.000526434 0.000313696 0.00394006 0.0144393 0.0279535 0.0339785 0.0245308 0.00335580 -0.0156777 -0.0203567 -0.0101345 0.00510206 0.0145913 0.0143902 0.00756349 -0.000159475 -0.00371277 0.000539670 0.0142812 0.0354419 0.0570190 0.0695462 0.0670379 0.0518002 0.0331636 0.0204441 0.0162905 0.0163943 0.0150926 0.0107065 0.00563031 0.00231396 0.000182341 -0.00345743 -0.0101534 -0.0183898 -0.0247826 -0.0269605 -0.0253872 -0.0226466 -0.0210662 -0.0208754 -0.0203625 -0.0175503 -0.0117287 -0.00373634 0.00474822 0.0120532 0.0170708 0.0195884 0.0203618 0.0206683 0.0213477 0.0219689 0.0209963 0.0171235 0.0107222 0.00386982 -0.00137320 -0.00480847 -0.00803300 -0.0124546 -0.0176042 -0.0215794 -0.0229340 -0.0218749 -0.0198124 -0.0181696 -0.0175977 -0.0178217 -0.0179215 -0.0169997 -0.0149118 -0.0123659 -0.0102292 -0.00885044 -0.00808699 -0.00765738 -0.00717264 -0.00605080 -0.00389099 -0.00105029 0.00148380 0.00299571 0.00363826 0.00400262 0.00432251 0.00434251 0.00383660 0.00294025 0.00194733 0.00103696 0.000266405 -0.000376147 -0.00106906 -0.00214255 -0.00373468 -0.00549047 -0.00680030 -0.00737632 -0.00746848 -0.00749535 -0.00762575 -0.00780800 -0.00804110 -0.00840069 -0.00881044 -0.00898802 -0.00871677 -0.00808106 -0.00735091 -0.00669482 -0.00610667 -0.00558598 -0.00525899 -0.00523074 -0.00535092 -0.00520838 -0.00442283 -0.00297285 -0.00125110 0.000205307 0.00106849 0.00136548 0.00134393 0.00123279 0.00111700 0.000972735 0.000757248 0.000453651 0.0000675368 -0.000374129 -0.000810737 -0.00115451 -0.00134246 -0.00139195 -0.00140403 -0.00150180 -0.00175716 -0.00215625 -0.00261439 -0.00301862 -0.00328635 -0.00341435 -0.00347218 -0.00352716 -0.00357703 -0.00358225 -0.00356841 -0.00365194 -0.00391933 -0.00429597 -0.00458070 -0.00461472 -0.00437798 -0.00392564 -0.00331076 -0.00262473 -0.00204890 -0.00174446 -0.00166273 -0.00155330 -0.00123568 -0.000826921 -0.000628567 -0.000803217 -0.00123849 -0.00172715 -0.00217756 -0.00259395 -0.00293963 -0.00313314 -0.00315901 -0.00308923 -0.00298780 -0.00286626 -0.00273492 -0.00262167 -0.00252389 -0.00241726 -0.00233628 -0.00237723 -0.00258306 -0.00287366 -0.00311200 -0.00319580 -0.00308517 -0.00281327 -0.00248142 -0.00217076 -0.00185388 -0.00147644 -0.00111450 -0.000920261 -0.000895031 -0.000863308 -0.000712019 -0.000499459 -0.000281429 -0.0000248126 0.000219676 0.000277454 0.000121733 -0.0000346757 -0.0000929027 -0.000268834 -0.000702930 -0.00113984 -0.00134858 -0.00160247 -0.00222325 -0.00278787 -0.00244909 -0.00115579 0.00000 0.00000 0.00000 0.00000 0.00000 0.00000 0.00000 0.00000 0.00000 0.00000 0.00000 0.00000 0.00000 0.00000 0.00000 0.00000 0.00000 0.00000 0.00000 0.00000 0.00000 0.00000 0.00000 0.00000 0.00000 0.00000 0.00000 0.00000 0.00000 0.00000 0.00000 0.00000 0.00000 0.00000 0.00000 0.00000 0.00000 0.00000 0.00000 0.00000 0.00000 0.00000 0.00000 0.00000 0.00000 0.00000 0.00000 0.00000 0.00000 0.00000 0.00000 0.00000 0.00000 0.00000 0.00000 0.00000 0.00000 0.00000 0.00000 0.00000 0.00000 0.00000 0.00000 0.00000 0.00000 0.00000 0.00000 0.00000 0.00000 0.00000 0.00000 0.00000 0.00000 0.00000 0.00000 0.00000 0.00000 0.00000 0.00000 0.00000 0.00000 0.00000 0.00000 0.00000 0.00000 0.00000 0.00000 0.00000 0.00000 0.00000 0.00000 0.00000 0.00000 0.00000 0.00000 0.00000 0.00000 0.00000 0.00000 0.00000 0.00000 0.00000 0.00000 0.00000 0.00000 0.00000 0.00000 0.00000 0.00000 0.00000 0.00000 0.00000 0.00000 0.00000 0.00000 0.00000 0.00000 0.00000 0.00000 0.00000 0.00000 0.00000 0.00000 0.00000 0.00000 0.00000 0.00000 0.00000 0.00000 0.00000 0.00000 0.00000 0.00000 0.00000 0.00000 0.00000 0.00000 0.00000 0.00000 0.00000 0.00000 0.00000 0.00000 0.00000 0.00000 0.00000 0.00000 0.00000 0.00000 0.00000 0.00000 0.00000 0.00000 0.00000 0.00000 0.00000 0.00000 0.00000 0.00000 0.00000 0.00000 0.00000 0.00000 0.00000 0.00000 0.00000 0.00000 0.00000 0.00000 0.00000 0.00000 0.00000 0.00000 0.00000 0.00000 0.00000 0.00000 0.00000 0.00000 0.00000 0.00000 0.00000 0.00000 0.00000 0.00000 0.00000 0.00000 0.00000 0.00000 0.00000 0.00000 0.00000 0.00000 0.00000 0.00000 0.00000 0.00000 0.00000 0.00000 0.00000 0.00000 0.00000 0.00000 0.00000 0.00000 0.00000 0.00000 0.00000 0.00000 0.00000 0.00000 0.00000 0.00000 0.00000 0.00000 0.00000 0.00000 0.00000 0.00000 0.00000 0.00000 0.00000 0.00000 0.00000 0.00000 0.00000 0.00000 0.00000 0.00000 0.00000 0.00000 0.00000 0.00000 0.00000 0.00000 0.00000 0.00000 0.00000 0.00000 0.00000 0.00000 0.00000 0.00000 0.00000 0.00000 0.00000 0.00000 0.00000 0.00000 0.00000
0.000610291 -0.00809503 -0.00249908 0.0100783 0.00248645 -0.0125035 0.0351047 0.179047 0.317378 0.274595 0.000499048 -0.329287 -0.460371 -0.303270 -0.00322095 0.218651 0.253941 0.147923 0.0204775 -0.0165596 0.0882363 0.283922 0.422461 0.362215 0.105555 -0.178058 -0.289474 -0.165566 0.0842447 0.281649 0.309313 0.170542 -0.0336390 -0.178228 -0.198115 -0.129563 -0.0701174 -0.0850807 -0.149105 -0.181289 -0.134058 -0.0419318 0.0149765 -0.0119098 -0.0996377 -0.181226 -0.203676 -0.160672 -0.0817777 -0.00365612 0.0474751 0.0601939 0.0410093 0.0144869 0.00898701 0.0337349 0.0710190 0.0938766 0.0900299 0.0680772 0.0455880 0.0353716 0.0388215 0.0450868 0.0373974 0.00788053 -0.0309082 -0.0543470 -0.0496212 -0.0284385 -0.0131689 -0.0141495 -0.0251317 -0.0371628 -0.0483160 -0.0586450 -0.0637798 -0.0594240 -0.0485579 -0.0383510 -0.0310569 -0.0229187 -0.0117380 -0.000810552 0.00539688 0.00589586 0.00235509 -0.00322685 -0.00812266 -0.00872993 -0.00356337 0.00453570 0.0110339 0.0139040 0.0142039 0.0136069 0.0130710 0.0134524 0.0152614 0.0173055 0.0171167 0.0133409 0.00701370 0.000532318 -0.00372843 -0.00404048 -0.000462605 0.00383294 0.00409544 -0.00143326 -0.00925754 -0.0143593 -0.0155674 -0.0158501 -0.0179403 -0.0215567 -0.0249118 -0.0267580 -0.0260452 -0.0215514 -0.0136630 -0.00563006 -0.00126709 -0.00145715 -0.00396948 -0.00627994 -0.00721609 -0.00622547 -0.00304395 0.00125088 0.00433598 0.00494497 0.00439700 0.00500471 0.00750768 0.0107482 0.0131577 0.0135987 0.0113542 0.00668034 0.00149587 -0.00162815 -0.00178049 -0.000558355 -0.000318772 -0.00200512 -0.00474937 -0.00684786 -0.00674472 -0.00393499 0.000138207 0.00246374 0.000839820 -0.00387121 -0.00841816 -0.0101725 -0.00902200 -0.00651232 -0.00413509 -0.00274930 -0.00261482 -0.00304350 -0.00252258 -0.000200857 0.00275799 0.00404446 0.00255660 -0.000597047 -0.00341426 -0.00470801 -0.00445170 -0.00321550 -0.00175155 -0.000668107 0.0000713005 0.00116287 0.00304080 0.00503233 0.00580299 0.00460126 0.00179814 -0.00163059 -0.00470179 -0.00656287 -0.00668426 -0.00529807 -0.00335891 -0.00172214 -0.000516173 0.000445419 0.000909166 0.000297385 -0.00149921 -0.00391396 -0.00635223 -0.00858890 -0.0103223 -0.0107864 -0.00929032 -0.00605805 -0.00221011 0.00103715 0.00292924 0.00313331 0.00168324 -0.000831593 -0.00335424 -0.00498663 -0.00553926 -0.00538509 -0.00489094 -0.00411642 -0.00296690 -0.00147573 0.0000480376 0.00106500 0.00107155 -0.0000322099 -0.00183671 -0.00375378 -0.00539607 -0.00656415 -0.00703404 -0.00663384 -0.00552193 -0.00411393 -0.00263974 -0.00101491 0.000701213 0.00195749 0.00210264 0.00105722 -0.000611858 -0.00221360 -0.00329284 -0.00353680 -0.00271640 -0.000955112 0.00110187 0.00262794 0.00316646 0.00280803 0.00190699 0.000748544 -0.000522710 -0.00178792 -0.00287656 -0.00360072 -0.00380964 -0.00339667 -0.00234107 -0.000861417 0.000506447 0.00118246 0.00101308 0.000369253 -0.000313112 -0.000934504 -0.00152225 -0.00182870 -0.00150563 -0.000675193 0.00000 0.00000 0.00000 0.00000 0.00000 0.00000 0.00000 0.00000 0.00000 0.00000 0.00000 0.00000 0.00000 0.00000 0.00000 0.00000 0.00000 0.00000 0.00000 0.00000 0.00000 0.00000 0.00000 0.00000 0.00000 0.00000 0.00000 0.00000 0.00000 0.00000 0.00000 0.00000 0.00000 0.00000 0.00000 0.00000 0.00000 0.00000 0.00000 0.00000 0.00000 0.00000 0.00000 0.00000 0.00000 0.00000 0.00000 0.00000 0.00000 0.00000 0.00000 0.00000 0.00000 0.00000 0.00000 0.00000 0.00000 0.00000 0.00000 0.00000 0.00000 0.00000 0.00000 0.00000 0.00000 0.00000 0.00000 0.00000 0.00000 0.00000 0.00000 0.00000 0.00000 0.00000 0.00000 0.00000 0.00000 0.00000 0.00000 0.00000 0.00000 0.00000 0.00000 0.00000 0.00000 0.00000 0.00000 0.00000 0.00000 0.00000 0.00000 0.00000 0.00000 0.00000 0.00000 0.00000 0.00000 0.00000 0.00000 0.00000 0.00000 0.00000 0.00000 0.00000 0.00000 0.00000 0.00000 0.00000 0.00000 0.00000 0.00000 0.00000 0.00000 0.00000 0.00000 0.00000 0.00000 0.00000 0.00000 0.00000 0.00000 0.00000 0.00000 0.00000 0.00000 0.00000 0.00000 0.00000 0.00000 0.00000 0.00000 0.00000 0.00000 0.00000 0.00000 0.00000 0.00000 0.00000 0.00000 0.00000 0.00000 0.00000 0.00000 0.00000 0.00000 0.00000 0.00000 0.00000 0.00000 0.00000 0.00000 0.00000 0.00000 0.00000 0.00000 0.00000 0.00000 0.00000 0.00000 0.00000 0.00000 0.00000 0.00000 0.00000 0.00000 0.00000 0.00000 0.00000 0.00000 0.00000 0.00000 0.00000 0.00000 0.00000 0.00000 0.00000 0.00000 0.00000 0.00000 0.00000 0.00000 0.00000 0.00000 0.00000 0.00000 0.00000 0.00000 0.00000 0.00000 0.00000 0.00000 0.00000 0.00000 0.00000 0.00000 0.00000 0.00000 0.00000 0.00000 0.00000 0.00000 0.00000 0.00000 0.00000 0.00000 0.00000 0.00000 0.00000 0.00000 0.00000 0.00000 0.00000 0.00000 0.00000 0.00000 0.00000 0.00000 0.00000 0.00000 0.00000 0.00000 0.00000 0.00000 0.00000 0.00000 0.00000 0.00000 0.00000 0.00000 0.00000 0.00000 0.00000 0.00000 0.00000 0.00000 0.00000 0.00000 0.00000 0.00000 0.00000 0.00000 0.00000 0.00000 0.00000 0.00000 0.00000 0.00000 0.00000 0.00000 0.00000 0.0000190716 0.00000868860 -4.96656e-8 0.0000122138 0.0000363621 0.0000431675 0.0000229281 -0.00000190462 -0.00000306621 0.0000179705 0.0000364521 0.0000316868 0.00000677491 -0.0000115738 -0.00000591398 0.0000129210 0.0000208588 0.0000124568 0.00000211040 -8.66122e-7 -2.30539e-7 -1.73335e-7 -1.97437e-7 -6.50952e-7 -0.00000236186 0.00000499064 0.0000257259 0.0000422373 0.0000331117 0.0000125351 0.00000963340 0.0000233915 0.0000267534 0.0000164502 0.0000149795 0.0000193210 0.0000100616 -1.52710e-7 0.0000138025 0.0000170272 -0.0000242559 -0.0000347880 0.0000895913 0.000250707 0.000212940 -0.0000152333 -0.0000931161 0.000150935 0.000390101 0.000292841 0.000104355 0.000212839 0.000335262 0.0000623816 0.000483563 0.00407719 0.0115895 0.0192460 0.0207406 0.0131942 0.000817831 -0.00818498 -0.00855732 -0.00182058 0.00614083 0.0104007 0.0100712 0.00744473 0.00529492 0.00513769 0.00753511 0.0134006 0.0241346 0.0394947 0.0551297 0.0634909 0.0590258 0.0432686 0.0242113 0.00992779 0.00274889 -0.000351141 -0.00254910 -0.00346565 -0.000630429 0.00653875 0.0152043 0.0214449 0.0234985 0.0226367 0.0214396 0.0215894 0.0228742 0.0234894 0.0210837 0.0142277 0.00374294 -0.00726773 -0.0153034 -0.0190369 -0.0202958 -0.0224839 -0.0278127 -0.0355673 -0.0425322 -0.0451493 -0.0420323 -0.0351047 -0.0282363 -0.0242391 -0.0229091 -0.0219710 -0.0196578 -0.0159898 -0.0118029 -0.00743098 -0.00281716 0.00165444 0.00524646 0.00776365 0.00976086 0.0116863 0.0132591 0.0139512 0.0137460 0.0130528 0.0120439 0.0104665 0.00811696 0.00519100 0.00206824 -0.000994815 -0.00379547 -0.00601431 -0.00737821 -0.00799020 -0.00833132 -0.00887193 -0.00973122 -0.0107003 -0.0114967 -0.0119642 -0.0121167 -0.0120755 -0.0119800 -0.0119128 -0.0118694 -0.0117352 -0.0112812 -0.0102861 -0.00878094 -0.00715646 -0.00590564 -0.00520205 -0.00478744 -0.00428525 -0.00353473 -0.00258698 -0.00153385 -0.000490003 0.000346707 0.000827431 0.00106319 0.00132944 0.00168620 0.00183218 0.00145162 0.000606807 -0.000338995 -0.00111415 -0.00170767 -0.00219015 -0.00257658 -0.00293155 -0.00343722 -0.00418286 -0.00495385 -0.00538076 -0.00532690 -0.00502362 -0.00479591 -0.00473680 -0.00470231 -0.00454091 -0.00423597 -0.00384736 -0.00341358 -0.00295517 -0.00253193 -0.00223953 -0.00212459 -0.00211523 -0.00206641 -0.00190273 -0.00170017 -0.00158430 -0.00154380 -0.00140550 -0.00103904 -0.000552550 -0.000225243 -0.000245326 -0.000554368 -0.000937854 -0.00120684 -0.00128400 -0.00120267 -0.00110292 -0.00119045 -0.00159482 -0.00222866 -0.00283419 -0.00320289 -0.00332917 -0.00333781 -0.00331320 -0.00324818 -0.00313500 -0.00303542 -0.00303550 -0.00315723 -0.00333826 -0.00348512 -0.00352923 -0.00343723 -0.00319466 -0.00280780 -0.00233398 -0.00189260 -0.00161112 -0.00153852 -0.00161420 -0.00172343 -0.00177511 -0.00173886 -0.00164821 -0.00159084 -0.00166537 -0.00190458 -0.00223417 -0.00252062 -0.00266232 -0.00263682 -0.00247970 -0.00223374 -0.00191730 -0.00154449 -0.00117891 -0.000932080 -0.000861143 -0.000891089 -0.000909661 -0.000926734 -0.00103544 -0.00120429 -0.00125486 -0.00112811 -0.00102376 -0.00111306 -0.00121732 -0.000998723 -0.000452774 0.00000 0.00000 0.00000 0.00000 0.00000 0.00000 0.00000 0.00000 0.00000 0.00000 0.00000 0.00000 0.00000 0.00000 0.00000 0.00000 0.00000 0.00000 0.00000 0.00000 0.00000 0.00000 0.00000 0.00000 0.00000 0.00000 0.00000 0.00000 0.00000 0.00000 0.00000 0.00000 0.00000 0.00000 0.00000 0.00000 0.00000 0.00000 0.00000 0.00000 0.00000 0.00000 0.00000 0.00000 0.00000 0.00000 0.00000 0.00000 0.00000 0.00000 0.00000 0.00000 0.00000 0.00000 0.00000 0.00000 0.00000 0.00000 0.00000 0.00000 0.00000 0.00000 0.00000 0.00000 0.00000 0.00000 0.00000 0.00000 0.00000 0.00000 0.00000 0.00000 0.00000 0.00000 0.00000 0.00000 0.00000 0.00000 0.00000 0.00000 0.00000 0.00000 0.00000 0.00000 0.00000 0.00000 0.00000 0.00000 0.00000 0.00000 0.00000 0.00000 0.00000 0.00000 0.00000 0.00000 0.00000 0.00000 0.00000 0.00000 0.00000 0.00000 0.00000 0.00000 0.00000 0.00000 0.00000 0.00000 0.00000 0.00000 0.00000 0.00000 0.00000 0.00000 0.00000 0.00000 0.00000 0.00000 0.00000 0.00000 0.00000 0.00000 0.00000 0.00000 0.00000 0.00000 0.00000 0.00000 0.00000 0.00000 0.00000 0.00000 0.00000 0.00000 0.00000 0.00000 0.00000 0.00000 0.00000 0.00000 0.00000 0.00000 0.00000 0.00000 0.00000 0.00000 0.00000 0.00000 0.00000 0.00000 0.00000 0.00000 0.00000 0.00000 0.00000 0.00000 0.00000 0.00000 0.00000 0.00000 0.00000 0.00000 0.00000 0.00000 0.00000 0.00000 0.00000 0.00000 0.00000 0.00000 0.00000 0.00000 0.00000 0.00000 0.00000 0.00000 0.00000 0.00000 0.00000 0.00000 0.00000 0.00000 0.00000 0.00000 0.00000 0.00000 0.00000 0.00000 0.00000 0.00000 0.00000 0.00000 0.00000 0.00000 0.00000 0.00000 0.00000 0.00000 0.00000 0.00000 0.00000 0.00000 0.00000 0.00000 0.00000 0.00000 0.00000 0.00000 0.00000 0.00000 0.00000 0.00000 0.00000 0.00000 0.00000 0.00000 0.00000 0.00000 0.00000 0.00000 0.00000 0.00000 0.00000 0.00000 0.00000 0.00000 0.00000 0.00000 0.00000 0.00000 0.00000 0.00000 0.00000 0.00000 0.00000 0.00000 0.00000 0.00000 0.00000 0.00000 0.00000 0.00000 0.00000 0.00000 0.00000 0.00000 0.00000 0.00000 0.00000 0.00000
-0.00638899 0.000531907 0.0100254 0.000751247 -0.0133855 0.0356893 0.185163 0.336939 0.306977 0.0284634 -0.327122 -0.489549 -0.349843 -0.0464907 0.195043 0.257609 0.171690 0.0394652 -0.0280218 0.0506816 0.263467 0.466583 0.474655 0.236226 -0.0940857 -0.285375 -0.230767 -0.0162221 0.181704 0.238855 0.145793 -0.0181758 -0.148816 -0.182891 -0.137987 -0.0920146 -0.107009 -0.167469 -0.201001 -0.159121 -0.0673685 0.00501788 0.0114908 -0.0414029 -0.113993 -0.164806 -0.165760 -0.109915 -0.0205704 0.0541755 0.0737013 0.0401257 -0.00260449 -0.00942054 0.0268985 0.0768729 0.107175 0.106294 0.0831676 0.0535007 0.0319754 0.0280136 0.0382184 0.0448394 0.0309902 -0.000531811 -0.0293131 -0.0395595 -0.0345438 -0.0274039 -0.0252851 -0.0280796 -0.0364769 -0.0517212 -0.0683682 -0.0760855 -0.0715076 -0.0625688 -0.0577057 -0.0551591 -0.0470045 -0.0309056 -0.0130081 0.0000437852 0.00700545 0.00924636 0.00693550 0.000965251 -0.00412941 -0.00303815 0.00471032 0.0142924 0.0207197 0.0226056 0.0214815 0.0198333 0.0199949 0.0228054 0.0261621 0.0260204 0.0201106 0.0103526 0.00121066 -0.00364292 -0.00309693 0.00124457 0.00549811 0.00529958 -0.000902464 -0.0101136 -0.0174120 -0.0205292 -0.0211717 -0.0221888 -0.0247785 -0.0284156 -0.0317410 -0.0326208 -0.0287939 -0.0202334 -0.0104751 -0.00413837 -0.00293474 -0.00484078 -0.00688795 -0.00757372 -0.00653271 -0.00351218 0.00109869 0.00552058 0.00777777 0.00779924 0.00758103 0.00907966 0.0123859 0.0159052 0.0176495 0.0162825 0.0118263 0.00599387 0.00135857 -0.000587986 -0.000659844 -0.00101840 -0.00301663 -0.00606292 -0.00826723 -0.00795306 -0.00495568 -0.00105889 0.000934315 -0.000762876 -0.00539333 -0.0102123 -0.0126484 -0.0119594 -0.00918077 -0.00607658 -0.00415079 -0.00388601 -0.00431029 -0.00359607 -0.000780591 0.00297684 0.00523461 0.00452343 0.00160259 -0.00145743 -0.00305840 -0.00291208 -0.00167239 -0.000222636 0.000864201 0.00162941 0.00257844 0.00400601 0.00544086 0.00591105 0.00474180 0.00198658 -0.00172721 -0.00543030 -0.00799931 -0.00865463 -0.00756504 -0.00572460 -0.00402867 -0.00264601 -0.00142035 -0.000536265 -0.000423579 -0.00120399 -0.00266982 -0.00474158 -0.00743608 -0.0102165 -0.0118167 -0.0111236 -0.00815018 -0.00396727 0.000124807 0.00310990 0.00426618 0.00334232 0.000956089 -0.00160079 -0.00335294 -0.00433391 -0.00507717 -0.00561094 -0.00534308 -0.00392292 -0.00182717 0.0000587219 0.00116410 0.00136674 0.000693081 -0.000758174 -0.00265005 -0.00446925 -0.00583536 -0.00661982 -0.00677867 -0.00625453 -0.00508500 -0.00347285 -0.00171014 -0.000137673 0.000849936 0.000955958 0.000211498 -0.00105349 -0.00246118 -0.00364740 -0.00411999 -0.00339864 -0.00150912 0.000826490 0.00268889 0.00359064 0.00357222 0.00291073 0.00192157 0.000867935 -0.000180378 -0.00132200 -0.00249239 -0.00327359 -0.00322124 -0.00228973 -0.000811757 0.000740853 0.00180538 0.00186336 0.000928363 -0.000290799 -0.00113973 -0.00175866 -0.00257402 -0.00323916 -0.00285254 -0.00135284 0.00000 0.00000 0.00000 0.00000 0.00000 0.00000 0.00000 0.00000 0.00000 0.00000 0.00000 0.00000 0.00000 0.00000 0.00000 0.00000 0.00000 0.00000 0.00000 0.00000 0.00000 0.00000 0.00000 0.00000 0.00000 0.00000 0.00000 0.00000 0.00000 0.00000 0.00000 0.00000 0.00000 0.00000 0.00000 0.00000 0.00000 0.00000 0.00000 0.00000 0.00000 0.00000 0.00000 0.00000 0.00000 0.00000 0.00000 0.00000 0.00000 0.00000 0.00000 0.00000 0.00000 0.00000 0.00000 0.00000 0.00000 0.00000 0.00000 0.00000 0.00000 0.00000 0.00000 0.00000 0.00000 0.00000 0.00000 0.00000 0.00000 0.00000 0.00000 0.00000 0.00000 0.00000 0.00000 0.00000 0.00000 0.00000 0.00000 0.00000 0.00000 0.00000 0.00000 0.00000 0.00000 0.00000 0.00000 0.00000 0.00000 0.00000 0.00000 0.00000 0.00000 0.00000 0.00000 0.00000 0.00000 0.00000 0.00000 0.00000 0.00000 0.00000 0.00000 0.00000 0.00000 0.00000 0.00000 0.00000 0.00000 0.00000 0.00000 0.00000 0.00000 0.00000 0.00000 0.00000 0.00000 0.00000 0.00000 0.00000 0.00000 0.00000 0.00000 0.00000 0.00000 0.00000 0.00000 0.00000 0.00000 0.00000 0.00000 0.00000 0.00000 0.00000 0.00000 0.00000 0.00000 0.00000 0.00000 0.00000 0.00000 0.00000 0.00000 0.00000 0.00000 0.00000 0.00000 0.00000 0.00000 0.00000 0.00000 0.00000 0.00000 0.00000 0.00000 0.00000 0.00000 0.00000 0.00000 0.00000 0.00000 0.00000 0.00000 0.00000 0.00000 0.00000 0.00000 0.00000 0.00000 0.00000 0.00000 0.00000 0.00000 0.00000 0.00000 0.00000 0.00000 0.00000 0.00000 0.00000 0.00000 0.00000 0.00000 0.00000 0.00000 0.00000 0.00000 0.00000 0.00000 0.00000 0.00000 0.00000 0.00000 0.00000 0.00000 0.00000 0.00000 0.00000 0.00000 0.00000 0.00000 0.00000 0.00000 0.00000 0.00000 0.00000 0.00000 0.00000 0.00000 0.00000 0.00000 0.00000 0.00000 0.00000 0.00000 0.00000 0.00000 0.00000 0.00000 0.00000 0.00000 0.00000 0.00000 0.00000 0.00000 0.00000 0.00000 0.00000 0.00000 0.00000 0.00000 0.00000 0.00000 0.00000 0.00000 0.00000 0.00000 0.00000 0.00000 0.00000 0.00000 0.00000 0.00000 0.00000 0.00000 0.00000 0.00000 0.00000 0.00000 0.00000 -1.70062e-20 -0.00000875852 -0.0000187475 -0.0000226356 -0.0000195286 -0.0000164413 -0.0000185170 -0.0000221315 -0.0000201210 -0.0000154530 -0.0000175602 -0.0000243480 -0.0000222679 -0.00000825621 8.17006e-7 -0.00000745472 -0.0000191305 -0.0000121004 0.0000105495 0.0000229845 0.00000964123 -0.0000119908 -0.0000228627 -0.0000114547 0.00000968262 0.0000225306 0.0000138017 -0.00000977257 -0.0000236093 -0.0000129063 0.00000348757 -0.00000633433 -0.0000383539 -0.0000596834 -0.0000504420 -0.0000361396 -0.0000375451 -0.0000355512 0.00000570764 0.0000628783 0.0000725707 0.0000133488 -0.0000520733 -0.0000563049 0.00000297726 0.0000935566 0.000207885 0.000319274 0.000329450 0.000175836 -0.0000108875 -0.00000450007 0.000193247 0.000286086 0.0000708409 -0.000262563 -0.000421455 -0.000379197 0.0000112578 0.00165042 0.00551917 0.0107277 0.0139863 0.0125198 0.00789986 0.00565022 0.00967087 0.0173825 0.0218336 0.0190878 0.0124990 0.00888226 0.0111675 0.0159413 0.0179093 0.0153829 0.0109227 0.00783773 0.00731697 0.00876602 0.0118474 0.0178057 0.0290861 0.0473395 0.0706144 0.0919227 0.101680 0.0936106 0.0697160 0.0397048 0.0149443 0.00165085 -0.00183654 -0.00254651 -0.00750713 -0.0191025 -0.0339746 -0.0461302 -0.0518969 -0.0525941 -0.0525849 -0.0547481 -0.0579068 -0.0585024 -0.0543200 -0.0463722 -0.0375963 -0.0303735 -0.0253251 -0.0217354 -0.0183981 -0.0141629 -0.00843236 -0.00167775 0.00468975 0.00939238 0.0123741 0.0146857 0.0172775 0.0200608 0.0221453 0.0227119 0.0215164 0.0188547 0.0154746 0.0124723 0.0107427 0.0101255 0.00923974 0.00656776 0.00186564 -0.00360345 -0.00824732 -0.0113882 -0.0133509 -0.0146997 -0.0157764 -0.0168847 -0.0183957 -0.0203171 -0.0219682 -0.0224757 -0.0216397 -0.0200543 -0.0183077 -0.0163261 -0.0137103 -0.0105287 -0.00743830 -0.00499004 -0.00309502 -0.00132828 0.000430454 0.00190334 0.00287922 0.00349843 0.00397076 0.00422846 0.00406877 0.00354413 0.00297787 0.00254629 0.00205273 0.00125727 0.000283849 -0.000521077 -0.00108884 -0.00173365 -0.00267239 -0.00365104 -0.00426248 -0.00451687 -0.00483997 -0.00548537 -0.00620170 -0.00658758 -0.00659677 -0.00650547 -0.00650254 -0.00653848 -0.00655832 -0.00662604 -0.00671285 -0.00654336 -0.00584701 -0.00471516 -0.00355069 -0.00266224 -0.00203016 -0.00148819 -0.000989450 -0.000604895 -0.000345010 -0.000113634 0.000165937 0.000465669 0.000708394 0.000837586 0.000802492 0.000538039 0.0000302102 -0.000604907 -0.00116448 -0.00150742 -0.00165172 -0.00172552 -0.00184273 -0.00203431 -0.00227833 -0.00256525 -0.00291016 -0.00329313 -0.00360015 -0.00367069 -0.00344685 -0.00307564 -0.00281579 -0.00281376 -0.00298217 -0.00311159 -0.00307248 -0.00287880 -0.00258996 -0.00222894 -0.00181953 -0.00144008 -0.00117753 -0.00104150 -0.000976671 -0.000965013 -0.00106596 -0.00131968 -0.00163773 -0.00184662 -0.00186224 -0.00178678 -0.00179212 -0.00192350 -0.00207352 -0.00215353 -0.00221225 -0.00233256 -0.00247779 -0.00254121 -0.00252612 -0.00256076 -0.00270981 -0.00288311 -0.00299428 -0.00311017 -0.00333610 -0.00360970 -0.00372766 -0.00356251 -0.00315536 -0.00260859 -0.00200360 -0.00143586 -0.00100608 -0.000716381 -0.000462847 -0.000192052 0.00000 0.00000 0.00000 0.00000 0.00000 0.00000 0.00000 0.00000 0.00000 0.00000 0.00000 0.00000 0.00000 0.00000 0.00000 0.00000 0.00000 0.00000 0.00000 0.00000 0.00000 0.00000 0.00000 0.00000 0.00000 0.00000 0.00000 0.00000 0.00000 0.00000 0.00000 0.00000 0.00000 0.00000 0.00000 0.00000 0.00000 0.00000 0.00000 0.00000 0.00000 0.00000 0.00000 0.00000 0.00000 0.00000 0.00000 0.00000 0.00000 0.00000 0.00000 0.00000 0.00000 0.00000 0.00000 0.00000 0.00000 0.00000 0.00000 0.00000 0.00000 0.00000 0.00000 0.00000 0.00000 0.00000 0.00000 0.00000 0.00000 0.00000 0.00000 0.00000 0.00000 0.00000 0.00000 0.00000 0.00000 0.00000 0.00000 0.00000 0.00000 0.00000 0.00000 0.00000 0.00000 0.00000 0.00000 0.00000 0.00000 0.00000 0.00000 0.00000 0.00000 0.00000 0.00000 0.00000 0.00000 0.00000 0.00000 0.00000 0.00000 0.00000 0.00000 0.00000 0.00000 0.00000 0.00000 0.00000 0.00000 0.00000 0.00000 0.00000 0.00000 0.00000 0.00000 0.00000 0.00000 0.00000 0.00000 0.00000 0.00000 0.00000 0.00000 0.00000 0.00000 0.00000 0.00000 0.00000 0.00000 0.00000 0.00000 0.00000 0.00000 0.00000 0.00000 0.00000 0.00000 0.00000 0.00000 0.00000 0.00000 0.00000 0.00000 0.00000 0.00000 0.00000 0.00000 0.00000 0.00000 0.00000 0.00000 0.00000 0.00000 0.00000 0.00000 0.00000 0.00000 0.00000 0.00000 0.00000 0.00000 0.00000 0.00000 0.00000 0.00000 0.00000 0.00000 0.00000 0.00000 0.00000 0.00000 0.00000 0.00000 0.00000 0.00000 0.00000 0.00000 0.00000 0.00000 0.00000 0.00000 0.00000 0.00000 0.00000 0.00000 0.00000 0.00000 0.00000 0.00000 0.00000 0.00000 0.00000 0.00000 0.00000 0.00000 0.00000 0.00000 0.00000 0.00000 0.00000 0.00000 0.00000 0.00000 0.00000 0.00000 0.00000 0.00000 0.00000 0.00000 0.00000 0.00000 0.00000 0.00000 0.00000 0.00000 0.00000 0.00000 0.00000 0.00000 0.00000 0.00000 0.00000 0.00000 0.00000 0.00000 0.00000 0.00000 0.00000 0.00000 0.00000 0.00000 0.00000 0.00000 0.00000 0.00000 0.00000 0.00000 0.00000 0.00000 0.00000 0.00000 0.00000 0.00000 0.00000 0.00000 0.00000 0.00000 0.00000 0.00000 0.00000
-0.00335660 -0.00334620 0.00479608 0.00514328 -0.00759270 0.0118353 0.119941 0.279668 0.338023 0.169350 -0.159012 -0.414374 -0.414616 -0.192150 0.0661690 0.203428 0.191745 0.0944541 0.000479705 -0.00334038 0.131387 0.351363 0.500000 0.437532 0.181451 -0.0944271 -0.213812 -0.143298 0.00935327 0.111448 0.104681 0.0166564 -0.0854830 -0.146032 -0.152479 -0.137128 -0.142301 -0.174336 -0.196321 -0.172339 -0.110919 -0.0541930 -0.0303596 -0.0323032 -0.0422388 -0.0574960 -0.0798619 -0.0928605 -0.0709773 -0.0140221 0.0427397 0.0620692 0.0424474 0.0157776 0.0125931 0.0370824 0.0722891 0.0982037 0.102376 0.0834944 0.0534876 0.0323075 0.0321009 0.0454804 0.0536658 0.0458217 0.0260614 0.00278975 -0.0210885 -0.0444825 -0.0617548 -0.0673705 -0.0649875 -0.0654318 -0.0745553 -0.0872794 -0.0948503 -0.0940980 -0.0873286 -0.0764037 -0.0608678 -0.0413357 -0.0211873 -0.00373048 0.0100199 0.0196780 0.0237638 0.0215626 0.0157647 0.0112973 0.0114069 0.0158401 0.0223436 0.0283141 0.0313282 0.0301351 0.0261969 0.0232009 0.0235480 0.0254141 0.0243600 0.0179729 0.00829316 -0.000204220 -0.00429016 -0.00381124 -0.00125115 -0.000258669 -0.00362736 -0.0112094 -0.0196442 -0.0250280 -0.0262554 -0.0255502 -0.0258769 -0.0282687 -0.0314362 -0.0330887 -0.0313719 -0.0258393 -0.0178386 -0.00994876 -0.00452207 -0.00237205 -0.00261247 -0.00344220 -0.00304084 -0.000350883 0.00418704 0.00861033 0.0107838 0.0102831 0.00885685 0.00882238 0.0110734 0.0145950 0.0174106 0.0177004 0.0145859 0.00878082 0.00264446 -0.00119941 -0.00199793 -0.00158664 -0.00257459 -0.00570494 -0.00912206 -0.0102398 -0.00818402 -0.00448512 -0.00171061 -0.00158370 -0.00410070 -0.00787787 -0.0110730 -0.0122842 -0.0111936 -0.00873027 -0.00647223 -0.00545564 -0.00529828 -0.00456417 -0.00219021 0.00139491 0.00458830 0.00596988 0.00529198 0.00333452 0.00116216 -0.000396842 -0.000929032 -0.000518976 0.000354294 0.00126553 0.00225010 0.00360064 0.00522123 0.00636461 0.00613061 0.00415745 0.000820360 -0.00304421 -0.00647635 -0.00865422 -0.00919382 -0.00835709 -0.00687920 -0.00546670 -0.00442446 -0.00369965 -0.00317246 -0.00287471 -0.00302712 -0.00392305 -0.00567347 -0.00793403 -0.00989193 -0.0106308 -0.00960053 -0.00684696 -0.00298292 0.000937764 0.00370294 0.00451003 0.00350069 0.00164410 -0.0000758824 -0.00135213 -0.00240088 -0.00329041 -0.00368384 -0.00325655 -0.00212700 -0.000755472 0.000416899 0.00108435 0.000998089 0.0000446865 -0.00157228 -0.00340952 -0.00509486 -0.00645089 -0.00731730 -0.00745129 -0.00672877 -0.00534714 -0.00370756 -0.00214034 -0.000818942 0.000115895 0.000463528 0.0000377209 -0.00114117 -0.00266866 -0.00379112 -0.00378308 -0.00245461 -0.000317684 0.00176749 0.00311882 0.00352088 0.00320946 0.00265027 0.00217769 0.00171900 0.000943844 -0.000248971 -0.00149051 -0.00223000 -0.00213027 -0.00117528 0.000320479 0.00166485 0.00208691 0.00142590 0.000338403 -0.000494041 -0.00113349 -0.00194165 -0.00261449 -0.00236371 -0.00113192 0.00000 0.00000 0.00000 0.00000 0.00000 0.00000 0.00000 0.00000 0.00000 0.00000 0.00000 0.00000 0.00000 0.00000 0.00000 0.00000 0.00000 0.00000 0.00000 0.00000 0.00000 0.00000 0.00000 0.00000 0.00000 0.00000 0.00000 0.00000 0.00000 0.00000 0.00000 0.00000 0.00000 0.00000 0.00000 0.00000 0.00000 0.00000 0.00000 0.00000 0.00000 0.00000 0.00000 0.00000 0.00000 0.00000 0.00000 0.00000 0.00000 0.00000 0.00000 0.00000 0.00000 0.00000 0.00000 0.00000 0.00000 0.00000 0.00000 0.00000 0.00000 0.00000 0.00000 0.00000 0.00000 0.00000 0.00000 0.00000 0.00000 0.00000 0.00000 0.00000 0.00000 0.00000 0.00000 0.00000 0.00000 0.00000 0.00000 0.00000 0.00000 0.00000 0.00000 0.00000 0.00000 0.00000 0.00000 0.00000 0.00000 0.00000 0.00000 0.00000 0.00000 0.00000 0.00000 0.00000 0.00000 0.00000 0.00000 0.00000 0.00000 0.00000 0.00000 0.00000 0.00000 0.00000 0.00000 0.00000 0.00000 0.00000 0.00000 0.00000 0.00000 0.00000 0.00000 0.00000 0.00000 0.00000 0.00000 0.00000 0.00000 0.00000 0.00000 0.00000 0.00000 0.00000 0.00000 0.00000 0.00000 0.00000 0.00000 0.00000 0.00000 0.00000 0.00000 0.00000 0.00000 0.00000 0.00000 0.00000 0.00000 0.00000 0.00000 0.00000 0.00000 0.00000 0.00000 0.00000 0.00000 0.00000 0.00000 0.00000 0.00000 0.00000 0.00000 0.00000 0.00000 0.00000 0.00000 0.00000 0.00000 0.00000 0.00000 0.00000 0.00000 0.00000 0.00000 0.00000 0.00000 0.00000 0.00000 0.00000 0.00000 0.00000 0.00000 0.00000 0.00000 0.00000 0.00000 0.00000 0.00000 0.00000 0.00000 0.00000 0.00000 0.00000 0.00000 0.00000 0.00000 0.00000 0.00000 0.00000 0.00000 0.00000 0.00000 0.00000 0.00000 0.00000 0.00000 0.00000 0.00000 0.00000 0.00000 0.00000 0.00000 0.00000 0.00000 0.00000 0.00000 0.00000 0.00000 0.00000 0.00000 0.00000 0.00000 0.00000 0.00000 0.00000 0.00000 0.00000 0.00000 0.00000 0.00000 0.00000 0.00000 0.00000 0.00000 0.00000 0.00000 0.00000 0.00000 0.00000 0.00000 0.00000 0.00000 0.00000 0.00000 0.00000 0.00000 0.00000 0.00000 0.00000 0.00000 0.00000 0.00000 0.00000 0.00000 0.00000 0.00000 0.00000 -5.24556e-20 0.00000214469 2.46926e-7 -0.00000790801 -0.0000182396 -0.0000239495 -0.0000203091 -0.0000100973 -0.00000104508 6.58248e-7 -6.02535e-7 0.00000447952 0.0000159085 0.0000217709 0.0000188476 0.0000220667 0.0000339650 0.0000399796 0.0000274629 0.00000781124 -9.31866e-7 0.00000210306 0.00000231790 -0.00000211275 -0.00000200893 0.00000171110 0.00000201695 -0.00000115363 -0.00000127987 8.68095e-7 0.00000173300 -0.00000101830 -0.00000806862 -0.0000231049 -0.0000261856 0.0000116809 0.0000654171 0.0000461571 -0.0000621675 -0.000110313 0.0000507601 0.000300674 0.000326736 0.0000474034 -0.000208838 -0.000119068 0.000192596 0.000360705 0.000310297 0.000250825 0.000196039 -0.0000436974 -0.000310623 -0.000148001 0.000303241 0.000310664 0.000402395 0.00344854 0.0117852 0.0225291 0.0278046 0.0221405 0.00948363 0.000508013 0.00179409 0.00902802 0.0122747 0.00704373 -0.00154754 -0.00510365 -0.000321185 0.00938546 0.0184971 0.0240386 0.0269073 0.0308392 0.0399334 0.0548098 0.0698112 0.0754434 0.0660169 0.0457420 0.0263739 0.0177371 0.0199516 0.0244033 0.0218160 0.00975482 -0.00630643 -0.0180307 -0.0206831 -0.0162806 -0.0116002 -0.0128104 -0.0208260 -0.0309485 -0.0369005 -0.0356895 -0.0292990 -0.0223731 -0.0185196 -0.0183207 -0.0199084 -0.0208533 -0.0198201 -0.0172171 -0.0146834 -0.0136976 -0.0142216 -0.0145658 -0.0127876 -0.00844841 -0.00307324 0.00110674 0.00288886 0.00275391 0.00212836 0.00221895 0.00342384 0.00543868 0.00760023 0.00918713 0.00970359 0.00907788 0.00756829 0.00543481 0.00277543 -0.000282232 -0.00338004 -0.00610670 -0.00834769 -0.0102754 -0.0119628 -0.0131914 -0.0137712 -0.0139176 -0.0140730 -0.0143413 -0.0143130 -0.0135611 -0.0121521 -0.0105267 -0.00899902 -0.00757682 -0.00623222 -0.00509223 -0.00425956 -0.00360916 -0.00293161 -0.00220190 -0.00157869 -0.00116057 -0.000868718 -0.000589121 -0.000321207 -0.000138195 -0.0000925576 -0.000225223 -0.000593945 -0.00119862 -0.00188133 -0.00237894 -0.00253159 -0.00243876 -0.00239410 -0.00264955 -0.00321298 -0.00385557 -0.00433167 -0.00459271 -0.00478122 -0.00502646 -0.00529010 -0.00541895 -0.00530512 -0.00495522 -0.00445088 -0.00390411 -0.00344219 -0.00315535 -0.00302035 -0.00289924 -0.00265244 -0.00225747 -0.00181963 -0.00148722 -0.00135529 -0.00141220 -0.00155052 -0.00164802 -0.00166370 -0.00165072 -0.00166635 -0.00170047 -0.00172351 -0.00177459 -0.00193350 -0.00218954 -0.00240023 -0.00243433 -0.00233453 -0.00227958 -0.00237839 -0.00254750 -0.00261698 -0.00252510 -0.00237202 -0.00229694 -0.00234350 -0.00245590 -0.00257064 -0.00267524 -0.00277321 -0.00282572 -0.00276325 -0.00255622 -0.00224178 -0.00186930 -0.00145591 -0.00102818 -0.000671589 -0.000476355 -0.000436455 -0.000456892 -0.000467407 -0.000475313 -0.000497605 -0.000513851 -0.000530446 -0.000632269 -0.000897986 -0.00128324 -0.00165075 -0.00192138 -0.00215072 -0.00244242 -0.00281614 -0.00318561 -0.00346005 -0.00363949 -0.00377933 -0.00387069 -0.00382438 -0.00361736 -0.00337934 -0.00323134 -0.00309165 -0.00279581 -0.00240056 -0.00217192 -0.00220664 -0.00226298 -0.00209716 -0.00178459 -0.00152171 -0.00127943 -0.000925194 -0.000583296 -0.000530972 -0.000720664 -0.000744466 -0.000395106 0.00000 0.00000 0.00000 0.00000 0.00000 0.00000 0.00000 0.00000 0.00000 0.00000 0.00000 0.00000 0.00000 0.00000 0.00000 0.00000 0.00000 0.00000 0.00000 0.00000 0.00000 0.00000 0.00000 0.00000 0.00000 0.00000 0.00000 0.00000 0.00000 0.00000 0.00000 0.00000 0.00000 0.00000 0.00000 0.00000 0.00000 0.00000 0.00000 0.00000 0.00000 0.00000 0.00000 0.00000 0.00000 0.00000 0.00000 0.00000 0.00000 0.00000 0.00000 0.00000 0.00000 0.00000 0.00000 0.00000 0.00000 0.00000 0.00000 0.00000 0.00000 0.00000 0.00000 0.00000 0.00000 0.00000 0.00000 0.00000 0.00000 0.00000 0.00000 0.00000 0.00000 0.00000 0.00000 0.00000 0.00000 0.00000 0.00000 0.00000 0.00000 0.00000 0.00000 0.00000 0.00000 0.00000 0.00000 0.00000 0.00000 0.00000 0.00000 0.00000 0.00000 0.00000 0.00000 0.00000 0.00000 0.00000 0.00000 0.00000 0.00000 0.00000 0.00000 0.00000 0.00000 0.00000 0.00000 0.00000 0.00000 0.00000 0.00000 0.00000 0.00000 0.00000 0.00000 0.00000 0.00000 0.00000 0.00000 0.00000 0.00000 0.00000 0.00000 0.00000 0.00000 0.00000 0.00000 0.00000 0.00000 0.00000 0.00000 0.00000 0.00000 0.00000 0.00000 0.00000 0.00000 0.00000 0.00000 0.00000 0.00000 0.00000 0.00000 0.00000 0.00000 0.00000 0.00000 0.00000 0.00000 0.00000 0.00000 0.00000 0.00000 0.00000 0.00000 0.00000 0.00000 0.00000 0.00000 0.00000 0.00000 0.00000 0.00000 0.00000 0.00000 0.00000 0.00000 0.00000 0.00000 0.00000 0.00000 0.00000 0.00000 0.00000 0.00000 0.00000 0.00000 0.00000 0.00000 0.00000 0.00000 0.00000 0.00000 0.00000 0.00000 0.00000 0.00000 0.00000 0.00000 0.00000 0.00000 0.00000 0.00000 0.00000 0.00000 0.00000 0.00000 0.00000 0.00000 0.00000 0.00000 0.00000 0.00000 0.00000 0.00000 0.00000 0.00000 0.00000 0.00000 0.00000 0.00000 0.00000 0.00000 0.00000 0.00000 0.00000 0.00000 0.00000 0.00000 0.00000 0.00000 0.00000 0.00000 0.00000 0.00000 0.00000 0.00000 0.00000 0.00000 0.00000 0.00000 0.00000 0.00000 0.00000 0.00000 0.00000 0.00000 0.00000 0.00000 0.00000 0.00000 0.00000 0.00000 0.00000 0.00000 0.00000 0.00000 0.00000 0.00000 0.00000
0.00291796 -0.00118445 -0.00466585 -0.0000945410 0.00611324 0.000127152 -0.00460429 0.0411004 0.161074 0.283872 0.277020 0.0848872 -0.184274 -0.344415 -0.305667 -0.139268 0.0233192 0.113573 0.136148 0.108870 0.0513240 0.0220099 0.0993405 0.285965 0.459959 0.468472 0.279231 0.0192063 -0.143043 -0.141204 -0.0418565 0.0394650 0.0351513 -0.0417677 -0.128694 -0.169447 -0.157045 -0.133730 -0.144395 -0.186183 -0.211474 -0.184383 -0.122847 -0.0743153 -0.0591109 -0.0554194 -0.0387771 -0.0156104 -0.00678503 -0.0122024 -0.00999198 0.0117337 0.0384773 0.0492516 0.0420428 0.0326577 0.0353499 0.0521280 0.0762736 0.0970775 0.102232 0.0851694 0.0538808 0.0269469 0.0166342 0.0188154 0.0218719 0.0207610 0.0173426 0.0106968 -0.00456137 -0.0291586 -0.0548834 -0.0730147 -0.0830458 -0.0893468 -0.0925654 -0.0897149 -0.0817598 -0.0752910 -0.0745041 -0.0749911 -0.0682298 -0.0508475 -0.0274766 -0.00556171 0.0101805 0.0187013 0.0212306 0.0204667 0.0195911 0.0202575 0.0217285 0.0227601 0.0237135 0.0257057 0.0283526 0.0297387 0.0287713 0.0265773 0.0249500 0.0239856 0.0219819 0.0174679 0.0107695 0.00371605 -0.00171028 -0.00448958 -0.00507695 -0.00525258 -0.00703513 -0.0110078 -0.0156781 -0.0190123 -0.0206927 -0.0224222 -0.0258364 -0.0304890 -0.0341122 -0.0345397 -0.0311251 -0.0247182 -0.0169870 -0.00988616 -0.00504457 -0.00285806 -0.00212720 -0.00107751 0.00105265 0.00364874 0.00589658 0.00779776 0.00967213 0.0111690 0.0115470 0.0109288 0.0105602 0.0114148 0.0128773 0.0132165 0.0112484 0.00728901 0.00267651 -0.00124728 -0.00375490 -0.00493543 -0.00559505 -0.00663915 -0.00811312 -0.00894552 -0.00802479 -0.00559798 -0.00331532 -0.00277480 -0.00419133 -0.00649516 -0.00840258 -0.00918740 -0.00875098 -0.00747082 -0.00606426 -0.00519429 -0.00487300 -0.00431976 -0.00266433 0.000110906 0.00298914 0.00471585 0.00476493 0.00356412 0.00193048 0.000430843 -0.000719682 -0.00133733 -0.00109398 0.000230885 0.00239758 0.00472350 0.00647242 0.00718023 0.00664769 0.00481125 0.00180205 -0.00187869 -0.00540865 -0.00799885 -0.00926421 -0.00931560 -0.00858560 -0.00755638 -0.00653232 -0.00556069 -0.00458295 -0.00371482 -0.00334492 -0.00387101 -0.00530905 -0.00718055 -0.00875765 -0.00937393 -0.00858500 -0.00628063 -0.00284872 0.000804704 0.00360776 0.00487635 0.00460957 0.00331804 0.00162855 0.00000604175 -0.00131483 -0.00227082 -0.00285071 -0.00297687 -0.00252116 -0.00151005 -0.000317864 0.000438724 0.000299630 -0.000714619 -0.00217955 -0.00364833 -0.00493041 -0.00602318 -0.00686040 -0.00721067 -0.00683654 -0.00572476 -0.00414534 -0.00250529 -0.00115200 -0.000277083 0.0000656204 -0.0000914244 -0.000644855 -0.00139187 -0.00200354 -0.00207871 -0.00133535 0.000143756 0.00184823 0.00312434 0.00362631 0.00350142 0.00310597 0.00257666 0.00175670 0.000529635 -0.000896996 -0.00211105 -0.00281718 -0.00294134 -0.00248518 -0.00147062 -0.000106003 0.00112950 0.00174603 0.00162470 0.00107861 0.000532797 0.000199229 0.0000515774 0.00000 0.00000 0.00000 0.00000 0.00000 0.00000 0.00000 0.00000 0.00000 0.00000 0.00000 0.00000 0.00000 0.00000 0.00000 0.00000 0.00000 0.00000 0.00000 0.00000 0.00000 0.00000 0.00000 0.00000 0.00000 0.00000 0.00000 0.00000 0.00000 0.00000 0.00000 0.00000 0.00000 0.00000 0.00000 0.00000 0.00000 0.00000 0.00000 0.00000 0.00000 0.00000 0.00000 0.00000 0.00000 0.00000 0.00000 0.00000 0.00000 0.00000 0.00000 0.00000 0.00000 0.00000 0.00000 0.00000 0.00000 0.00000 0.00000 0.00000 0.00000 0.00000 0.00000 0.00000 0.00000 0.00000 0.00000 0.00000 0.00000 0.00000 0.00000 0.00000 0.00000 0.00000 0.00000 0.00000 0.00000 0.00000 0.00000 0.00000 0.00000 0.00000 0.00000 0.00000 0.00000 0.00000 0.00000 0.00000 0.00000 0.00000 0.00000 0.00000 0.00000 0.00000 0.00000 0.00000 0.00000 0.00000 0.00000 0.00000 0.00000 0.00000 0.00000 0.00000 0.00000 0.00000 0.00000 0.00000 0.00000 0.00000 0.00000 0.00000 0.00000 0.00000 0.00000 0.00000 0.00000 0.00000 0.00000 0.00000 0.00000 0.00000 0.00000 0.00000 0.00000 0.00000 0.00000 0.00000 0.00000 0.00000 0.00000 0.00000 0.00000 0.00000 0.00000 0.00000 0.00000 0.00000 0.00000 0.00000 0.00000 0.00000 0.00000 0.00000 0.00000 0.00000 0.00000 0.00000 0.00000 0.00000 0.00000 0.00000 0.00000 0.00000 0.00000 0.00000 0.00000 0.00000 0.00000 0.00000 0.00000 0.00000 0.00000 0.00000 0.00000 0.00000 0.00000 0.00000 0.00000 0.00000 0.00000 0.00000 0.00000 0.00000 0.00000 0.00000 0.00000 0.00000 0.00000 0.00000 0.00000 0.00000 0.00000 0.00000 0.00000 0.00000 0.00000 0.00000 0.00000 0.00000 0.00000 0.00000 0.00000 0.00000 0.00000 0.00000 0.00000 0.00000 0.00000 0.00000 0.00000 0.00000 0.00000 0.00000 0.00000 0.00000 0.00000 0.00000 0.00000 0.00000 0.00000 0.00000 0.00000 0.00000 0.00000 0.00000 0.00000 0.00000 0.00000 0.00000 0.00000 0.00000 0.00000 0.00000 0.00000 0.00000 0.00000 0.00000 0.00000 0.00000 0.00000 0.00000 0.00000 0.00000 0.00000 0.00000 0.00000 0.00000 0.00000 0.00000 0.00000 0.00000 0.00000 0.00000 0.00000 0.00000 0.00000 0.00000 0.00000 0.00000 -0.0000190716 -0.00000604092 2.67280e-8 -0.00000425215 -0.00000106363 0.0000100032 0.0000182470 0.0000192300 0.0000186923 0.0000211918 0.0000204366 0.0000116373 0.00000178088 -0.00000472610 -0.0000147143 -0.0000277529 -0.0000362907 -0.0000388462 -0.0000383988 -0.0000359124 -0.0000254874 -0.0000124555 -0.0000122732 -0.0000257324 -0.0000269985 -0.0000114123 -0.00000799571 -0.0000283209 -0.0000347495 -0.00000820685 -0.00000334428 -0.0000594255 -0.0000993477 -0.0000289120 0.0000815049 0.0000845733 0.0000113987 0.0000318104 0.000111407 0.0000132170 -0.000220833 -0.000170057 0.000271203 0.000533335 0.000231813 -0.0000940528 0.0000653678 0.000112244 -0.0000345825 0.00263204 0.0120491 0.0260184 0.0337565 0.0254751 0.00546293 -0.00882740 -0.00462954 0.0110094 0.0182297 0.00673304 -0.0125971 -0.0200327 -0.00792450 0.0133385 0.0280331 0.0299486 0.0252025 0.0247728 0.0360325 0.0579058 0.0800162 0.0874709 0.0715119 0.0387723 0.00876709 -0.00105083 0.0101837 0.0264213 0.0286946 0.0103493 -0.0190927 -0.0427268 -0.0491723 -0.0398678 -0.0264864 -0.0212111 -0.0274073 -0.0379125 -0.0420371 -0.0348023 -0.0202097 -0.00649349 0.00107991 0.00317322 0.00387090 0.00659593 0.0121040 0.0188004 0.0238992 0.0248138 0.0208046 0.0139571 0.00808879 0.00588074 0.00668498 0.00716300 0.00422573 -0.00237401 -0.00989909 -0.0147956 -0.0153324 -0.0127755 -0.0103102 -0.0105545 -0.0136296 -0.0173358 -0.0191309 -0.0180491 -0.0150542 -0.0120180 -0.0105342 -0.0112976 -0.0139373 -0.0171365 -0.0191992 -0.0189878 -0.0166027 -0.0131983 -0.0100670 -0.00781240 -0.00626720 -0.00498463 -0.00364302 -0.00209026 -0.000283758 0.00165361 0.00341107 0.00469047 0.00543919 0.00579298 0.00579261 0.00529535 0.00418932 0.00259560 0.000785972 -0.00101677 -0.00265606 -0.00395729 -0.00483401 -0.00548791 -0.00631066 -0.00746658 -0.00863172 -0.00926293 -0.00912613 -0.00850261 -0.00790519 -0.00765786 -0.00770828 -0.00773459 -0.00740607 -0.00662623 -0.00562048 -0.00477773 -0.00433297 -0.00416423 -0.00391588 -0.00333469 -0.00248527 -0.00165205 -0.00107236 -0.000787897 -0.000701795 -0.000688133 -0.000620329 -0.000376291 0.0000681214 0.000528514 0.000688496 0.000385881 -0.000188338 -0.000646065 -0.000782690 -0.000751608 -0.000840622 -0.00114723 -0.00155395 -0.00196874 -0.00245032 -0.00304584 -0.00362072 -0.00397908 -0.00413106 -0.00430677 -0.00465196 -0.00499356 -0.00500435 -0.00458193 -0.00398165 -0.00355890 -0.00343931 -0.00346826 -0.00342279 -0.00320887 -0.00287546 -0.00252302 -0.00223966 -0.00207845 -0.00202179 -0.00195364 -0.00172430 -0.00129940 -0.000840186 -0.000585460 -0.000625315 -0.000806507 -0.000881426 -0.000741653 -0.000492195 -0.000319509 -0.000326256 -0.000496806 -0.000767812 -0.00107451 -0.00133217 -0.00144750 -0.00141440 -0.00138398 -0.00156060 -0.00198724 -0.00247517 -0.00279873 -0.00293229 -0.00303162 -0.00319449 -0.00332782 -0.00328702 -0.00308052 -0.00287035 -0.00279378 -0.00284100 -0.00290629 -0.00291251 -0.00286134 -0.00277520 -0.00262064 -0.00232842 -0.00190522 -0.00147725 -0.00116220 -0.000930690 -0.000685068 -0.000452079 -0.000358248 -0.000394275 -0.000383917 -0.000285866 -0.000339635 -0.000708184 -0.00110293 -0.00104777 -0.000506520 0.00000 0.00000 0.00000 0.00000 0.00000 0.00000 0.00000 0.00000 0.00000 0.00000 0.00000 0.00000 0.00000 0.00000 0.00000 0.00000 0.00000 0.00000 0.00000 0.00000 0.00000 0.00000 0.00000 0.00000 0.00000 0.00000 0.00000 0.00000 0.00000 0.00000 0.00000 0.00000 0.00000 0.00000 0.00000 0.00000 0.00000 0.00000 0.00000 0.00000 0.00000 0.00000 0.00000 0.00000 0.00000 0.00000 0.00000 0.00000 0.00000 0.00000 0.00000 0.00000 0.00000 0.00000 0.00000 0.00000 0.00000 0.00000 0.00000 0.00000 0.00000 0.00000 0.00000 0.00000 0.00000 0.00000 0.00000 0.00000 0.00000 0.00000 0.00000 0.00000 0.00000 0.00000 0.00000 0.00000 0.00000 0.00000 0.00000 0.00000 0.00000 0.00000 0.00000 0.00000 0.00000 0.00000 0.00000 0.00000 0.00000 0.00000 0.00000 0.00000 0.00000 0.00000 0.00000 0.00000 0.00000 0.00000 0.00000 0.00000 0.00000 0.00000 0.00000 0.00000 0.00000 0.00000 0.00000 0.00000 0.00000 0.00000 0.00000 0.00000 0.00000 0.00000 0.00000 0.00000 0.00000 0.00000 0.00000 0.00000 0.00000 0.00000 0.00000 0.00000 0.00000 0.00000 0.00000 0.00000 0.00000 0.00000 0.00000 0.00000 0.00000 0.00000 0.00000 0.00000 0.00000 0.00000 0.00000 0.00000 0.00000 0.00000 0.00000 0.00000 0.00000 0.00000 0.00000 0.00000 0.00000 0.00000 0.00000 0.00000 0.00000 0.00000 0.00000 0.00000 0.00000 0.00000 0.00000 0.00000 0.00000 0.00000 0.00000 0.00000 0.00000 0.00000 0.00000 0.00000 0.00000 0.00000 0.00000 0.00000 0.00000 0.00000 0.00000 0.00000 0.00000 0.00000 0.00000 0.00000 0.00000 0.00000 0.00000 0.00000 0.00000 0.00000 0.00000 0.00000 0.00000 0.00000 0.00000 0.00000 0.00000 0.00000 0.00000 0.00000 0.00000 0.00000 0.00000 0.00000 0.00000 0.00000 0.00000 0.00000 0.00000 0.00000 0.00000 0.00000 0.00000 0.00000 0.00000 0.00000 0.00000 0.00000 0.00000 0.00000 0.00000 0.00000 0.00000 0.00000 0.00000 0.00000 0.00000 0.00000 0.00000 0.00000 0.00000 0.00000 0.00000 0.00000 0.00000 0.00000 0.00000 0.00000 0.00000 0.00000 0.00000 0.00000 0.00000 0.00000 0.00000 0.00000 0.00000 0.00000 0.00000 0.00000 0.00000 0.00000 0.00000 0.00000
-0.00152573 -0.00170600 0.00169574 0.00320544 -0.00142691 -0.00485937 0.000879279 0.00632743 -0.00168294 -0.00311112 0.0502328 0.165651 0.261081 0.227056 0.0498677 -0.154985 -0.253394 -0.219249 -0.129307 -0.0521899 0.0141741 0.0896465 0.145046 0.132540 0.0712937 0.0559848 0.156537 0.326791 0.435361 0.386197 0.200557 -0.0100728 -0.134995 -0.135734 -0.0583355 0.00677123 -0.00823185 -0.0967495 -0.187729 -0.216843 -0.188607 -0.160040 -0.167637 -0.188983 -0.181838 -0.141007 -0.0976118 -0.0721099 -0.0529154 -0.0251357 0.00183105 0.0107612 0.00849597 0.0216094 0.0601685 0.100821 0.111794 0.0861669 0.0452997 0.0166649 0.0145479 0.0357462 0.0635948 0.0768201 0.0638565 0.0329266 0.00461907 -0.00747748 -0.00619453 -0.00132708 0.00299943 0.00798989 0.0123400 0.0116528 0.00522343 -0.00234107 -0.00839099 -0.0175081 -0.0362319 -0.0635682 -0.0893856 -0.102809 -0.101152 -0.0903872 -0.0781927 -0.0680242 -0.0593693 -0.0510956 -0.0426042 -0.0326413 -0.0197335 -0.00490500 0.00772296 0.0147492 0.0173069 0.0195686 0.0238738 0.0290012 0.0330818 0.0359239 0.0378487 0.0382544 0.0367623 0.0345519 0.0327899 0.0303154 0.0247220 0.0158281 0.00656159 0.0000103636 -0.00331292 -0.00482512 -0.00569124 -0.00634961 -0.00751917 -0.0101470 -0.0139759 -0.0172039 -0.0183574 -0.0181516 -0.0188607 -0.0218747 -0.0261638 -0.0290158 -0.0280882 -0.0231017 -0.0160939 -0.0100706 -0.00702052 -0.00682930 -0.00781731 -0.00810562 -0.00659666 -0.00328803 0.000801164 0.00424187 0.00631384 0.00761041 0.00924367 0.0114874 0.0135584 0.0146361 0.0145054 0.0130901 0.0101046 0.00576244 0.00138055 -0.00154537 -0.00286806 -0.00376739 -0.00508615 -0.00631029 -0.00647741 -0.00555766 -0.00443717 -0.00385982 -0.00396641 -0.00474534 -0.00626212 -0.00819201 -0.00958328 -0.00954029 -0.00812037 -0.00633720 -0.00526192 -0.00515804 -0.00536492 -0.00489441 -0.00325401 -0.000892186 0.00113947 0.00203727 0.00177557 0.000845229 -0.000286361 -0.00128717 -0.00175599 -0.00130894 0.0000536877 0.00190240 0.00378235 0.00546609 0.00672687 0.00711682 0.00622330 0.00408904 0.00122348 -0.00173569 -0.00423889 -0.00584080 -0.00634465 -0.00605698 -0.00568335 -0.00573015 -0.00602877 -0.00599252 -0.00536308 -0.00460583 -0.00452498 -0.00552695 -0.00725497 -0.00885305 -0.00952468 -0.00890420 -0.00705843 -0.00430896 -0.00114155 0.00178164 0.00373587 0.00427841 0.00354711 0.00214344 0.000659851 -0.000653346 -0.00177721 -0.00263667 -0.00306601 -0.00300821 -0.00259660 -0.00203042 -0.00150371 -0.00127791 -0.00163223 -0.00258345 -0.00373433 -0.00456710 -0.00488453 -0.00484658 -0.00459766 -0.00403840 -0.00304049 -0.00175860 -0.000597370 0.0000985757 0.000245312 -0.0000475165 -0.000638371 -0.00141340 -0.00222099 -0.00280029 -0.00285128 -0.00225484 -0.00121975 -0.000133203 0.000748726 0.00139566 0.00181771 0.00194673 0.00176265 0.00138752 0.000939928 0.000412533 -0.000185718 -0.000685579 -0.000903650 -0.000822659 -0.000468993 0.000226384 0.00117310 0.00184850 0.00168273 0.000787960 0.00000 0.00000 0.00000 0.00000 0.00000 0.00000 0.00000 0.00000 0.00000 0.00000 0.00000 0.00000 0.00000 0.00000 0.00000 0.00000 0.00000 0.00000 0.00000 0.00000 0.00000 0.00000 0.00000 0.00000 0.00000 0.00000 0.00000 0.00000 0.00000 0.00000 0.00000 0.00000 0.00000 0.00000 0.00000 0.00000 0.00000 0.00000 0.00000 0.00000 0.00000 0.00000 0.00000 0.00000 0.00000 0.00000 0.00000 0.00000 0.00000 0.00000 0.00000 0.00000 0.00000 0.00000 0.00000 0.00000 0.00000 0.00000 0.00000 0.00000 0.00000 0.00000 0.00000 0.00000 0.00000 0.00000 0.00000 0.00000 0.00000 0.00000 0.00000 0.00000 0.00000 0.00000 0.00000 0.00000 0.00000 0.00000 0.00000 0.00000 0.00000 0.00000 0.00000 0.00000 0.00000 0.00000 0.00000 0.00000 0.00000 0.00000 0.00000 0.00000 0.00000 0.00000 0.00000 0.00000 0.00000 0.00000 0.00000 0.00000 0.00000 0.00000 0.00000 0.00000 0.00000 0.00000 0.00000 0.00000 0.00000 0.00000 0.00000 0.00000 0.00000 0.00000 0.00000 0.00000 0.00000 0.00000 0.00000 0.00000 0.00000 0.00000 0.00000 0.00000 0.00000 0.00000 0.00000 0.00000 0.00000 0.00000 0.00000 0.00000 0.00000 0.00000 0.00000 0.00000 0.00000 0.00000 0.00000 0.00000 0.00000 0.00000 0.00000 0.00000 0.00000 0.00000 0.00000 0.00000 0.00000 0.00000 0.00000 0.00000 0.00000 0.00000 0.00000 0.00000 0.00000 0.00000 0.00000 0.00000 0.00000 0.00000 0.00000 0.00000 0.00000 0.00000 0.00000 0.00000 0.00000 0.00000 0.00000 0.00000 0.00000 0.00000 0.00000 0.00000 0.00000 0.00000 0.00000 0.00000 0.00000 0.00000 0.00000 0.00000 0.00000 0.00000 0.00000 0.00000 0.00000 0.00000 0.00000 0.00000 0.00000 0.00000 0.00000 0.00000 0.00000 0.00000 0.00000 0.00000 0.00000 0.00000 0.00000 0.00000 0.00000 0.00000 0.00000 0.00000 0.00000 0.00000 0.00000 0.00000 0.00000 0.00000 0.00000 0.00000 0.00000 0.00000 0.00000 0.00000 0.00000 0.00000 0.00000 0.00000 0.00000 0.00000 0.00000 0.00000 0.00000 0.00000 0.00000 0.00000 0.00000 0.00000 0.00000 0.00000 0.00000 0.00000 0.00000 0.00000 0.00000 0.00000 0.00000 0.00000 0.00000 0.00000 0.00000 0.00000 0.00000 0.00000 0.0000572148 0.0000292373 7.93382e-7 -0.00000481975 -3.16807e-7 3.36942e-7 3.15968e-8 -0.00000331036 -0.0000165488 -0.0000181673 0.0000107679 0.0000397816 0.0000290878 -0.0000103326 -0.0000362361 -0.0000302251 0.00000282117 0.0000482684 0.0000688300 0.0000200291 -0.0000517416 -0.0000265966 0.0000928233 0.000131405 0.0000200308 -0.0000465824 0.0000638127 0.000136716 -0.0000302395 -0.000167698 0.0000628197 0.000362677 0.000162656 -0.000309384 -0.000225442 0.000395792 0.000529634 -0.0000437312 -0.000154399 0.000516412 0.000535716 0.000611944 0.00661687 0.0232886 0.0431727 0.0476829 0.0260261 -0.00807546 -0.0260166 -0.0141701 0.0104103 0.0189008 0.00287276 -0.0178748 -0.0190251 0.00270329 0.0296661 0.0435530 0.0410170 0.0325790 0.0323878 0.0487185 0.0775917 0.101788 0.100512 0.0670180 0.0184039 -0.0155691 -0.0169511 0.00558522 0.0252990 0.0201308 -0.0108208 -0.0488138 -0.0708441 -0.0663093 -0.0437387 -0.0234991 -0.0217758 -0.0381402 -0.0570122 -0.0615814 -0.0474711 -0.0243501 -0.00594480 0.000843894 -0.00126158 -0.00469226 -0.00309069 0.00554372 0.0185421 0.0301631 0.0350291 0.0320696 0.0256120 0.0218336 0.0234757 0.0278696 0.0299144 0.0266791 0.0193638 0.0116454 0.00665381 0.00508487 0.00528166 0.00469302 0.00161231 -0.00383652 -0.00999852 -0.0149433 -0.0176988 -0.0186383 -0.0189784 -0.0199758 -0.0223623 -0.0261218 -0.0304793 -0.0341328 -0.0358682 -0.0352877 -0.0329938 -0.0299746 -0.0267460 -0.0230901 -0.0186215 -0.0135384 -0.00868245 -0.00481996 -0.00194558 0.000628503 0.00352126 0.00670478 0.00964694 0.0118507 0.0130972 0.0132945 0.0123749 0.0105146 0.00831684 0.00648791 0.00524343 0.00416731 0.00269703 0.000635836 -0.00180396 -0.00425583 -0.00633080 -0.00768501 -0.00828129 -0.00859096 -0.00923898 -0.0103202 -0.0112447 -0.0114152 -0.0109211 -0.0103541 -0.0100377 -0.00971132 -0.00898260 -0.00780021 -0.00635583 -0.00477130 -0.00314984 -0.00180189 -0.00107583 -0.000902093 -0.000752882 -0.000199148 0.000628231 0.00125976 0.00145493 0.00138014 0.00128947 0.00124168 0.00117707 0.00109992 0.00104781 0.000942718 0.000603691 -0.0000688889 -0.000980780 -0.00192046 -0.00270709 -0.00326361 -0.00361688 -0.00387337 -0.00416243 -0.00452488 -0.00483718 -0.00488542 -0.00457251 -0.00405654 -0.00365306 -0.00357135 -0.00373920 -0.00387598 -0.00372549 -0.00324392 -0.00261765 -0.00212523 -0.00193628 -0.00198198 -0.00201092 -0.00180534 -0.00136287 -0.000878981 -0.000586585 -0.000623043 -0.000978120 -0.00147094 -0.00179541 -0.00171597 -0.00129453 -0.000872478 -0.000766881 -0.00100028 -0.00134607 -0.00157803 -0.00162048 -0.00151856 -0.00137548 -0.00133526 -0.00152942 -0.00196206 -0.00246096 -0.00280399 -0.00291637 -0.00291713 -0.00295157 -0.00302276 -0.00304752 -0.00304326 -0.00313168 -0.00331526 -0.00338483 -0.00316930 -0.00277991 -0.00244483 -0.00216699 -0.00175371 -0.00117530 -0.000658074 -0.000362211 -0.000193876 -0.0000425247 0.0000180396 -0.0000744555 -0.000175322 -0.000146626 -0.000117970 -0.000307724 -0.000694891 -0.00108510 -0.00139001 -0.00161170 -0.00168466 -0.00162845 -0.00172843 -0.00216833 -0.00252881 -0.00212976 -0.000981538 0.00000 0.00000 0.00000 0.00000 0.00000 0.00000 0.00000 0.00000 0.00000 0.00000 0.00000 0.00000 0.00000 0.00000 0.00000 0.00000 0.00000 0.00000 0.00000 0.00000 0.00000 0.00000 0.00000 0.00000 0.00000 0.00000 0.00000 0.00000 0.00000 0.00000 0.00000 0.00000 0.00000 0.00000 0.00000 0.00000 0.00000 0.00000 0.00000 0.00000 0.00000 0.00000 0.00000 0.00000 0.00000 0.00000 0.00000 0.00000 0.00000 0.00000 0.00000 0.00000 0.00000 0.00000 0.00000 0.00000 0.00000 0.00000 0.00000 0.00000 0.00000 0.00000 0.00000 0.00000 0.00000 0.00000 0.00000 0.00000 0.00000 0.00000 0.00000 0.00000 0.00000 0.00000 0.00000 0.00000 0.00000 0.00000 0.00000 0.00000 0.00000 0.00000 0.00000 0.00000 0.00000 0.00000 0.00000 0.00000 0.00000 0.00000 0.00000 0.00000 0.00000 0.00000 0.00000 0.00000 0.00000 0.00000 0.00000 0.00000 0.00000 0.00000 0.00000 0.00000 0.00000 0.00000 0.00000 0.00000 0.00000 0.00000 0.00000 0.00000 0.00000 0.00000 0.00000 0.00000 0.00000 0.00000 0.00000 0.00000 0.00000 0.00000 0.00000 0.00000 0.00000 0.00000 0.00000 0.00000 0.00000 0.00000 0.00000 0.00000 0.00000 0.00000 0.00000 0.00000 0.00000 0.00000 0.00000 0.00000 0.00000 0.00000 0.00000 0.00000 0.00000 0.00000 0.00000 0.00000 0.00000 0.00000 0.00000 0.00000 0.00000 0.00000 0.00000 0.00000 0.00000 0.00000 0.00000 0.00000 0.00000 0.00000 0.00000 0.00000 0.00000 0.00000 0.00000 0.00000 0.00000 0.00000 0.00000 0.00000 0.00000 0.00000 0.00000 0.00000 0.00000 0.00000 0.00000 0.00000 0.00000 0.00000 0.00000 0.00000 0.00000 0.00000 0.00000 0.00000 0.00000 0.00000 0.00000 0.00000 0.00000 0.00000 0.00000 0.00000 0.00000 0.00000 0.00000 0.00000 0.00000 0.00000 0.00000 0.00000 0.00000 0.00000 0.00000 0.00000 0.00000 0.00000 0.00000 0.00000 0.00000 0.00000 0.00000 0.00000 0.00000 0.00000 0.00000 0.00000 0.00000 0.00000 0.00000 0.00000 0.00000 0.00000 0.00000 0.00000 0.00000 0.00000 0.00000 0.00000 0.00000 0.00000 0.00000 0.00000 0.00000 0.00000 0.00000 0.00000 0.00000 0.00000 0.00000 0.00000 0.00000 0.00000 0.00000 0.00000 0.00000 0.00000
-0.00123965 -0.000603812 0.00154503 0.00141943 -0.00192975 -0.00302551 0.00120108 0.00401993 -0.000636981 -0.00523954 -0.0000251980 0.00624593 -0.000419724 0.0000298750 0.0559971 0.169930 0.250154 0.187018 -0.0100212 -0.192150 -0.221363 -0.119373 -0.0279801 -0.0304378 -0.0618806 -0.0152803 0.107013 0.194382 0.170244 0.0874156 0.0652718 0.158087 0.305010 0.392389 0.343847 0.165564 -0.0591511 -0.212946 -0.217920 -0.100759 0.0181579 0.0244363 -0.0904922 -0.231536 -0.296913 -0.262326 -0.176073 -0.0982353 -0.0602335 -0.0651083 -0.0958791 -0.118031 -0.0969235 -0.0311336 0.0378821 0.0632641 0.0396454 0.00479152 -0.00275999 0.0225486 0.0602748 0.0896296 0.100631 0.0909792 0.0661358 0.0413508 0.0321779 0.0387663 0.0449167 0.0356171 0.0120233 -0.0119978 -0.0233043 -0.0173099 0.00183041 0.0231450 0.0333313 0.0255400 0.00542762 -0.0138275 -0.0232162 -0.0236686 -0.0217210 -0.0228305 -0.0293955 -0.0420805 -0.0602745 -0.0812526 -0.0998346 -0.109678 -0.106226 -0.0899006 -0.0667258 -0.0446200 -0.0280941 -0.0165843 -0.00753277 0.000388404 0.00753474 0.0147242 0.0225746 0.0302063 0.0362641 0.0407945 0.0446670 0.0472638 0.0464312 0.0413225 0.0339472 0.0271571 0.0220668 0.0181028 0.0145978 0.0112389 0.00745314 0.00278814 -0.00190388 -0.00488718 -0.00571517 -0.00621192 -0.00858381 -0.0129256 -0.0171556 -0.0191965 -0.0188076 -0.0176008 -0.0176966 -0.0199368 -0.0228432 -0.0236367 -0.0209214 -0.0162571 -0.0126091 -0.0114247 -0.0117596 -0.0119017 -0.0109294 -0.00872689 -0.00559996 -0.00240151 -0.000267550 0.000517518 0.00106314 0.00271542 0.00562453 0.00890559 0.0117695 0.0137595 0.0141546 0.0122137 0.00835488 0.00432567 0.00166786 0.000430789 -0.000222795 -0.000699597 -0.000903690 -0.00106066 -0.00167681 -0.00264156 -0.00320198 -0.00316882 -0.00353898 -0.00537564 -0.00837929 -0.0110365 -0.0120494 -0.0112868 -0.00954921 -0.00786312 -0.00692899 -0.00674197 -0.00656834 -0.00558489 -0.00370923 -0.00168804 -0.000383492 -0.000190913 -0.00103723 -0.00245369 -0.00346627 -0.00291482 -0.000422480 0.00301327 0.00576143 0.00693092 0.00683666 0.00624283 0.00552681 0.00462999 0.00342586 0.00187915 0.0000683166 -0.00166682 -0.00274654 -0.00285286 -0.00242477 -0.00237505 -0.00318744 -0.00444260 -0.00535166 -0.00565091 -0.00584556 -0.00662351 -0.00812155 -0.00972657 -0.0105115 -0.00989917 -0.00801466 -0.00547660 -0.00290325 -0.000657836 0.00102128 0.00188411 0.00181865 0.00104473 0.00000309660 -0.000938873 -0.00161057 -0.00197622 -0.00212525 -0.00227037 -0.00253525 -0.00270894 -0.00242643 -0.00170766 -0.00113676 -0.00130680 -0.00215247 -0.00300654 -0.00328960 -0.00297971 -0.00241427 -0.00185628 -0.00137371 -0.000980913 -0.000686937 -0.000437140 -0.000185005 -0.0000543663 -0.000288998 -0.000968282 -0.00186173 -0.00262850 -0.00307631 -0.00315812 -0.00283218 -0.00207864 -0.00101917 0.000117950 0.00114724 0.00193070 0.00228259 0.00207652 0.00149037 0.000934687 0.000610202 0.000302640 -0.000215078 -0.000733390 -0.000818293 -0.000418539 0.00000 0.00000 0.00000 0.00000 0.00000 0.00000 0.00000 0.00000 0.00000 0.00000 0.00000 0.00000 0.00000 0.00000 0.00000 0.00000 0.00000 0.00000 0.00000 0.00000 0.00000 0.00000 0.00000 0.00000 0.00000 0.00000 0.00000 0.00000 0.00000 0.00000 0.00000 0.00000 0.00000 0.00000 0.00000 0.00000 0.00000 0.00000 0.00000 0.00000 0.00000 0.00000 0.00000 0.00000 0.00000 0.00000 0.00000 0.00000 0.00000 0.00000 0.00000 0.00000 0.00000 0.00000 0.00000 0.00000 0.00000 0.00000 0.00000 0.00000 0.00000 0.00000 0.00000 0.00000 0.00000 0.00000 0.00000 0.00000 0.00000 0.00000 0.00000 0.00000 0.00000 0.00000 0.00000 0.00000 0.00000 0.00000 0.00000 0.00000 0.00000 0.00000 0.00000 0.00000 0.00000 0.00000 0.00000 0.00000 0.00000 0.00000 0.00000 0.00000 0.00000 0.00000 0.00000 0.00000 0.00000 0.00000 0.00000 0.00000 0.00000 0.00000 0.00000 0.00000 0.00000 0.00000 0.00000 0.00000 0.00000 0.00000 0.00000 0.00000 0.00000 0.00000 0.00000 0.00000 0.00000 0.00000 0.00000 0.00000 0.00000 0.00000 0.00000 0.00000 0.00000 0.00000 0.00000 0.00000 0.00000 0.00000 0.00000 0.00000 0.00000 0.00000 0.00000 0.00000 0.00000 0.00000 0.00000 0.00000 0.00000 0.00000 0.00000 0.00000 0.00000 0.00000 0.00000 0.00000 0.00000 0.00000 0.00000 0.00000 0.00000 0.00000 0.00000 0.00000 0.00000 0.00000 0.00000 0.00000 0.00000 0.00000 0.00000 0.00000 0.00000 0.00000 0.00000 0.00000 0.00000 0.00000 0.00000 0.00000 0.00000 0.00000 0.00000 0.00000 0.00000 0.00000 0.00000 0.00000 0.00000 0.00000 0.00000 0.00000 0.00000 0.00000 0.00000 0.00000 0.00000 0.00000 0.00000 0.00000 0.00000 0.00000 0.00000 0.00000 0.00000 0.00000 0.00000 0.00000 0.00000 0.00000 0.00000 0.00000 0.00000 0.00000 0.00000 0.00000 0.00000 0.00000 0.00000 0.00000 0.00000 0.00000 0.00000 0.00000 0.00000 0.00000 0.00000 0.00000 0.00000 0.00000 0.00000 0.00000 0.00000 0.00000 0.00000 0.00000 0.00000 0.00000 0.00000 0.00000 0.00000 0.00000 0.00000 0.00000 0.00000 0.00000 0.00000 0.00000 0.00000 0.00000 0.00000 0.00000 0.00000 0.00000 0.00000 0.00000 0.00000 0.00000 -0.0000190716 -0.0000436748 -0.0000391143 -0.00000481681 0.0000188141 0.00000732719 -0.0000166105 -0.0000269712 -0.0000356234 -0.0000417313 -0.0000120267 0.0000384610 0.0000342121 -0.0000274754 -0.0000265461 0.0000728144 0.0000974458 -0.0000487876 -0.000128583 0.0000654185 0.000242719 0.0000163493 -0.000320898 -0.000125405 0.000403858 0.000322564 -0.000418626 -0.000597903 0.000220526 0.000657969 -0.0000875134 -0.000435471 0.000659588 0.000986808 0.0000164117 0.00571471 0.0279419 0.0597690 0.0729322 0.0445424 -0.0106384 -0.0468111 -0.0344975 0.00509319 0.0233897 0.000272549 -0.0342100 -0.0364765 0.00207798 0.0500513 0.0727118 0.0639490 0.0443952 0.0392333 0.0606722 0.101537 0.136524 0.134664 0.0835870 0.00694116 -0.0483516 -0.0502716 -0.00995375 0.0284136 0.0259153 -0.0206574 -0.0803375 -0.114746 -0.106057 -0.0670361 -0.0290683 -0.0180468 -0.0358832 -0.0617752 -0.0714217 -0.0566148 -0.0284943 -0.00473439 0.00482809 0.00227060 -0.00373469 -0.00488466 0.00263399 0.0167393 0.0306412 0.0372654 0.0347448 0.0280405 0.0245033 0.0273631 0.0332693 0.0356836 0.0305037 0.0192424 0.00786762 0.00249257 0.00487387 0.0110222 0.0143486 0.0109409 0.00229548 -0.00674256 -0.0122738 -0.0136917 -0.0128650 -0.0121712 -0.0132847 -0.0167440 -0.0217972 -0.0267717 -0.0301042 -0.0312453 -0.0306797 -0.0292457 -0.0274565 -0.0252959 -0.0225010 -0.0190221 -0.0152472 -0.0117818 -0.00896995 -0.00667758 -0.00459994 -0.00268186 -0.00112013 -0.0000265401 0.000736655 0.00135168 0.00177668 0.00181602 0.00143343 0.000938425 0.000860442 0.00153781 0.00270368 0.00353009 0.00325245 0.00185227 0.000131368 -0.000969427 -0.00116201 -0.00100335 -0.00140040 -0.00287960 -0.00513776 -0.00722311 -0.00826671 -0.00819769 -0.00777747 -0.00785477 -0.00854178 -0.00912426 -0.00875188 -0.00718959 -0.00497655 -0.00298381 -0.00184128 -0.00162906 -0.00192924 -0.00214621 -0.00190387 -0.00125585 -0.000563120 -0.000176150 -0.000194227 -0.000438370 -0.000579833 -0.000337756 0.000307401 0.00102740 0.00134254 0.000980466 0.0000455304 -0.00114261 -0.00228337 -0.00313568 -0.00349179 -0.00332398 -0.00296280 -0.00292392 -0.00342172 -0.00411185 -0.00442804 -0.00415215 -0.00359220 -0.00323599 -0.00332546 -0.00374115 -0.00416435 -0.00428721 -0.00396837 -0.00331797 -0.00264294 -0.00222626 -0.00209789 -0.00201838 -0.00169862 -0.00105889 -0.000318630 0.000135685 0.0000154609 -0.000641409 -0.00145713 -0.00196445 -0.00193604 -0.00151520 -0.00106035 -0.000875897 -0.00104169 -0.00140305 -0.00168975 -0.00171772 -0.00155414 -0.00147257 -0.00169055 -0.00214981 -0.00258824 -0.00281575 -0.00286925 -0.00290175 -0.00298399 -0.00305155 -0.00300755 -0.00283203 -0.00259947 -0.00243015 -0.00242586 -0.00260006 -0.00282438 -0.00286875 -0.00256943 -0.00199360 -0.00139949 -0.00100247 -0.000818513 -0.000760966 -0.000805268 -0.000960236 -0.00113091 -0.00115483 -0.000995428 -0.000790407 -0.000683362 -0.000707051 -0.000843974 -0.00106931 -0.00129331 -0.00140613 -0.00145282 -0.00162582 -0.00199961 -0.00241837 -0.00274075 -0.00301317 -0.00325909 -0.00331382 -0.00310919 -0.00292052 -0.00297614 -0.00294319 -0.00225507 -0.000985786 0.00000 0.00000 0.00000 0.00000 0.00000 0.00000 0.00000 0.00000 0.00000 0.00000 0.00000 0.00000 0.00000 0.00000 0.00000 0.00000 0.00000 0.00000 0.00000 0.00000 0.00000 0.00000 0.00000 0.00000 0.00000 0.00000 0.00000 0.00000 0.00000 0.00000 0.00000 0.00000 0.00000 0.00000 0.00000 0.00000 0.00000 0.00000 0.00000 0.00000 0.00000 0.00000 0.00000 0.00000 0.00000 0.00000 0.00000 0.00000 0.00000 0.00000 0.00000 0.00000 0.00000 0.00000 0.00000 0.00000 0.00000 0.00000 0.00000 0.00000 0.00000 0.00000 0.00000 0.00000 0.00000 0.00000 0.00000 0.00000 0.00000 0.00000 0.00000 0.00000 0.00000 0.00000 0.00000 0.00000 0.00000 0.00000 0.00000 0.00000 0.00000 0.00000 0.00000 0.00000 0.00000 0.00000 0.00000 0.00000 0.00000 0.00000 0.00000 0.00000 0.00000 0.00000 0.00000 0.00000 0.00000 0.00000 0.00000 0.00000 0.00000 0.00000 0.00000 0.00000 0.00000 0.00000 0.00000 0.00000 0.00000 0.00000 0.00000 0.00000 0.00000 0.00000 0.00000 0.00000 0.00000 0.00000 0.00000 0.00000 0.00000 0.00000 0.00000 0.00000 0.00000 0.00000 0.00000 0.00000 0.00000 0.00000 0.00000 0.00000 0.00000 0.00000 0.00000 0.00000 0.00000 0.00000 0.00000 0.00000 0.00000 0.00000 0.00000 0.00000 0.00000 0.00000 0.00000 0.00000 0.00000 0.00000 0.00000 0.00000 0.00000 0.00000 0.00000 0.00000 0.00000 0.00000 0.00000 0.00000 0.00000 0.00000 0.00000 0.00000 0.00000 0.00000 0.00000 0.00000 0.00000 0.00000 0.00000 0.00000 0.00000 0.00000 0.00000 0.00000 0.00000 0.00000 0.00000 0.00000 0.00000 0.00000 0.00000 0.00000 0.00000 0.00000 0.00000 0.00000 0.00000 0.00000 0.00000 0.00000 0.00000 0.00000 0.00000 0.00000 0.00000 0.00000 0.00000 0.00000 0.00000 0.00000 0.00000 0.00000 0.00000 0.00000 0.00000 0.00000 0.00000 0.00000 0.00000 0.00000 0.00000 0.00000 0.00000 0.00000 0.00000 0.00000 0.00000 0.00000 0.00000 0.00000 0.00000 0.00000 0.00000 0.00000 0.00000 0.00000 0.00000 0.00000 0.00000 0.00000 0.00000 0.00000 0.00000 0.00000 0.00000 0.00000 0.00000 0.00000 0.00000 0.00000 0.00000 0.00000 0.00000 0.00000 0.00000 0.00000 0.00000 0.00000
-0.000171644 -0.000609442 0.000394451 0.00113606 -0.000330014 -0.00187343 -0.000258160 0.00237141 0.00101149 -0.00289625 -0.00233606 0.00281039 0.00350783 -0.00270549 -0.00475394 0.00263820 0.00549887 -0.00225774 0.0125429 0.0884233 0.190655 0.207833 0.0733498 -0.123962 -0.208010 -0.113311 0.0304974 0.0509444 -0.0587451 -0.136967 -0.0570065 0.122087 0.233737 0.195046 0.0805681 0.0236031 0.0865543 0.226276 0.341998 0.338549 0.181710 -0.0624074 -0.247858 -0.253003 -0.0928934 0.0805476 0.109250 -0.0333602 -0.230920 -0.336927 -0.292604 -0.151855 -0.0203802 0.0224199 -0.0321234 -0.124392 -0.170915 -0.127737 -0.0254910 0.0598507 0.0762922 0.0361973 -0.00833142 -0.0182892 0.00861999 0.0526554 0.0919140 0.108840 0.0953372 0.0624013 0.0372113 0.0396721 0.0617428 0.0751584 0.0591112 0.0175191 -0.0273358 -0.0519163 -0.0445865 -0.0118653 0.0234941 0.0364109 0.0190164 -0.0127231 -0.0344355 -0.0354085 -0.0244770 -0.0169472 -0.0200934 -0.0309768 -0.0429932 -0.0512307 -0.0540246 -0.0534399 -0.0543259 -0.0600886 -0.0684666 -0.0726729 -0.0671589 -0.0519238 -0.0319189 -0.0133763 -0.000286771 0.00711655 0.0113927 0.0152916 0.0198462 0.0248710 0.0304639 0.0366871 0.0419472 0.0433782 0.0396738 0.0328043 0.0261483 0.0214012 0.0180436 0.0150348 0.0117226 0.00761587 0.00281123 -0.00128658 -0.00297684 -0.00260569 -0.00294128 -0.00632943 -0.0119255 -0.0164650 -0.0175428 -0.0157400 -0.0138088 -0.0141825 -0.0170539 -0.0202947 -0.0211767 -0.0187016 -0.0146215 -0.0120253 -0.0126624 -0.0154789 -0.0176503 -0.0169366 -0.0131968 -0.00809694 -0.00371849 -0.00122736 -0.000357009 0.0000956771 0.00123418 0.00337701 0.00619543 0.00919039 0.0117659 0.0130779 0.0123979 0.00984227 0.00648639 0.00359923 0.00189542 0.00144016 0.00177527 0.00191443 0.000780756 -0.00169314 -0.00407795 -0.00472801 -0.00368605 -0.00281112 -0.00378732 -0.00636568 -0.00881830 -0.00973824 -0.00905819 -0.00767152 -0.00663261 -0.00661705 -0.00751869 -0.00832834 -0.00779780 -0.00558433 -0.00267102 -0.000559872 -0.000144067 -0.00129715 -0.00310663 -0.00425138 -0.00357759 -0.000944837 0.00242332 0.00482027 0.00546617 0.00491773 0.00415862 0.00363055 0.00319708 0.00260819 0.00169444 0.000391427 -0.00104338 -0.00197555 -0.00197048 -0.00145809 -0.00146561 -0.00252287 -0.00405682 -0.00504815 -0.00513204 -0.00486858 -0.00503257 -0.00584902 -0.00689818 -0.00754442 -0.00735879 -0.00627610 -0.00454315 -0.00258516 -0.000863843 0.000244990 0.000551440 0.000116884 -0.000755629 -0.00162401 -0.00207282 -0.00190721 -0.00132508 -0.000888189 -0.00112084 -0.00195614 -0.00265935 -0.00252350 -0.00167833 -0.00102330 -0.00127068 -0.00220961 -0.00302735 -0.00318993 -0.00280648 -0.00225384 -0.00175147 -0.00134308 -0.00101841 -0.000690455 -0.000212512 0.000399277 0.000835818 0.000755731 0.000171383 -0.000533338 -0.000967969 -0.00104494 -0.000961039 -0.000974235 -0.00119226 -0.00148209 -0.00157684 -0.00136033 -0.00104959 -0.000981284 -0.00118591 -0.00130283 -0.00100808 -0.000425123 0.00000 0.00000 0.00000 0.00000 0.00000 0.00000 0.00000 0.00000 0.00000 0.00000 0.00000 0.00000 0.00000 0.00000 0.00000 0.00000 0.00000 0.00000 0.00000 0.00000 0.00000 0.00000 0.00000 0.00000 0.00000 0.00000 0.00000 0.00000 0.00000 0.00000 0.00000 0.00000 0.00000 0.00000 0.00000 0.00000 0.00000 0.00000 0.00000 0.00000 0.00000 0.00000 0.00000 0.00000 0.00000 0.00000 0.00000 0.00000 0.00000 0.00000 0.00000 0.00000 0.00000 0.00000 0.00000 0.00000 0.00000 0.00000 0.00000 0.00000 0.00000 0.00000 0.00000 0.00000 0.00000 0.00000 0.00000 0.00000 0.00000 0.00000 0.00000 0.00000 0.00000 0.00000 0.00000 0.00000 0.00000 0.00000 0.00000 0.00000 0.00000 0.00000 0.00000 0.00000 0.00000 0.00000 0.00000 0.00000 0.00000 0.00000 0.00000 0.00000 0.00000 0.00000 0.00000 0.00000 0.00000 0.00000 0.00000 0.00000 0.00000 0.00000 0.00000 0.00000 0.00000 0.00000 0.00000 0.00000 0.00000 0.00000 0.00000 0.00000 0.00000 0.00000 0.00000 0.00000 0.00000 0.00000 0.00000 0.00000 0.00000 0.00000 0.00000 0.00000 0.00000 0.00000 0.00000 0.00000 0.00000 0.00000 0.00000 0.00000 0.00000 0.00000 0.00000 0.00000 0.00000 0.00000 0.00000 0.00000 0.00000 0.00000 0.00000 0.00000 0.00000 0.00000 0.00000 0.00000 0.00000 0.00000 0.00000 0.00000 0.00000 0.00000 0.00000 0.00000 0.00000 0.00000 0.00000 0.00000 0.00000 0.00000 0.00000 0.00000 0.00000 0.00000 0.00000 0.00000 0.00000 0.00000 0.00000 0.00000 0.00000 0.00000 0.00000 0.00000 0.00000 0.00000 0.00000 0.00000 0.00000 0.00000 0.00000 0.00000 0.00000 0.00000 0.00000 0.00000 0.00000 0.00000 0.00000 0.00000 0.00000 0.00000 0.00000 0.00000 0.00000 0.00000 0.00000 0.00000 0.00000 0.00000 0.00000 0.00000 0.00000 0.00000 0.00000 0.00000 0.00000 0.00000 0.00000 0.00000 0.00000 0.00000 0.00000 0.00000 0.00000 0.00000 0.00000 0.00000 0.00000 0.00000 0.00000 0.00000 0.00000 0.00000 0.00000 0.00000 0.00000 0.00000 0.00000 0.00000 0.00000 0.00000 0.00000 0.00000 0.00000 0.00000 0.00000 0.00000 0.00000 0.00000 0.00000 0.00000 0.00000 0.00000 0.00000 0.00000 0.00000 0.00000 1.47486e-18 -0.0000191667 -0.0000741063 -0.0000696715 0.0000449839 0.000125579 0.0000239974 -0.000115084 -0.0000235208 0.000197872 0.000143187 -0.000181149 -0.000208417 0.000230319 0.000402935 -0.000162095 -0.000623156 -0.0000576155 0.000720911 0.000242016 -0.000890267 -0.000607142 0.000862954 0.000819769 -0.000996747 -0.00109411 0.00129829 0.00155338 0.000404353 0.0127375 0.0511492 0.0965441 0.101541 0.0411532 -0.0449344 -0.0823814 -0.0428697 0.0202996 0.0316908 -0.0192742 -0.0680439 -0.0511355 0.0246127 0.0960172 0.113155 0.0824405 0.0486900 0.0511989 0.0971607 0.160217 0.194427 0.161471 0.0634355 -0.0470945 -0.101770 -0.0735882 -0.00215164 0.0402848 0.0101985 -0.0746990 -0.155468 -0.180084 -0.139250 -0.0678630 -0.0166130 -0.0151450 -0.0523859 -0.0886128 -0.0894130 -0.0523358 -0.00405070 0.0256186 0.0265473 0.0102725 -0.00393187 -0.00317589 0.0133144 0.0359146 0.0510800 0.0504300 0.0372116 0.0238724 0.0215026 0.0305765 0.0414523 0.0431531 0.0318674 0.0129971 -0.00304151 -0.00776331 -0.000403734 0.0113034 0.0169218 0.0115934 -0.000697613 -0.0118403 -0.0169959 -0.0173765 -0.0172295 -0.0196627 -0.0250694 -0.0318161 -0.0374549 -0.0399826 -0.0389602 -0.0356424 -0.0318992 -0.0289038 -0.0265345 -0.0236672 -0.0191038 -0.0126381 -0.00544991 0.000672737 0.00467016 0.00670049 0.00738088 0.00702835 0.00591182 0.00476431 0.00440870 0.00488194 0.00536859 0.00517342 0.00440945 0.00358219 0.00288921 0.00216481 0.00125603 0.000167591 -0.00108345 -0.00247767 -0.00375636 -0.00446066 -0.00443977 -0.00429993 -0.00512639 -0.00749716 -0.0106644 -0.0129219 -0.0130448 -0.0114355 -0.00974278 -0.00926927 -0.00979911 -0.0100091 -0.00888391 -0.00661019 -0.00423306 -0.00269291 -0.00223037 -0.00244438 -0.00265943 -0.00230153 -0.00120627 0.000284952 0.00157564 0.00224366 0.00228018 0.00198846 0.00174046 0.00179609 0.00218119 0.00263437 0.00273539 0.00217332 0.000926925 -0.000749443 -0.00241629 -0.00356550 -0.00388813 -0.00360134 -0.00339882 -0.00383993 -0.00475418 -0.00537610 -0.00511474 -0.00410049 -0.00299732 -0.00242894 -0.00261307 -0.00331667 -0.00397905 -0.00401177 -0.00325981 -0.00222924 -0.00168704 -0.00193770 -0.00256881 -0.00293707 -0.00277879 -0.00229557 -0.00183556 -0.00168369 -0.00203086 -0.00282398 -0.00356553 -0.00353014 -0.00242731 -0.000796597 0.000426035 0.000739541 0.000386314 -0.0000953637 -0.000425063 -0.000657432 -0.000931503 -0.00133062 -0.00190204 -0.00260421 -0.00320794 -0.00341974 -0.00320353 -0.00289114 -0.00285430 -0.00308934 -0.00322682 -0.00297168 -0.00245045 -0.00206825 -0.00206876 -0.00230867 -0.00245605 -0.00231971 -0.00192722 -0.00135520 -0.000628416 0.000166765 0.000782572 0.000957250 0.000661089 0.000113115 -0.000447008 -0.000919112 -0.00127835 -0.00148935 -0.00157764 -0.00170193 -0.00202013 -0.00248603 -0.00288204 -0.00308669 -0.00323679 -0.00356327 -0.00408449 -0.00451409 -0.00450570 -0.00399560 -0.00328104 -0.00273439 -0.00246551 -0.00231471 -0.00213059 -0.00192153 -0.00171833 -0.00146745 -0.00118266 -0.00105046 -0.00117844 -0.00131835 -0.00109012 -0.000495509 0.00000 0.00000 0.00000 0.00000 0.00000 0.00000 0.00000 0.00000 0.00000 0.00000 0.00000 0.00000 0.00000 0.00000 0.00000 0.00000 0.00000 0.00000 0.00000 0.00000 0.00000 0.00000 0.00000 0.00000 0.00000 0.00000 0.00000 0.00000 0.00000 0.00000 0.00000 0.00000 0.00000 0.00000 0.00000 0.00000 0.00000 0.00000 0.00000 0.00000 0.00000 0.00000 0.00000 0.00000 0.00000 0.00000 0.00000 0.00000 0.00000 0.00000 0.00000 0.00000 0.00000 0.00000 0.00000 0.00000 0.00000 0.00000 0.00000 0.00000 0.00000 0.00000 0.00000 0.00000 0.00000 0.00000 0.00000 0.00000 0.00000 0.00000 0.00000 0.00000 0.00000 0.00000 0.00000 0.00000 0.00000 0.00000 0.00000 0.00000 0.00000 0.00000 0.00000 0.00000 0.00000 0.00000 0.00000 0.00000 0.00000 0.00000 0.00000 0.00000 0.00000 0.00000 0.00000 0.00000 0.00000 0.00000 0.00000 0.00000 0.00000 0.00000 0.00000 0.00000 0.00000 0.00000 0.00000 0.00000 0.00000 0.00000 0.00000 0.00000 0.00000 0.00000 0.00000 0.00000 0.00000 0.00000 0.00000 0.00000 0.00000 0.00000 0.00000 0.00000 0.00000 0.00000 0.00000 0.00000 0.00000 0.00000 0.00000 0.00000 0.00000 0.00000 0.00000 0.00000 0.00000 0.00000 0.00000 0.00000 0.00000 0.00000 0.00000 0.00000 0.00000 0.00000 0.00000 0.00000 0.00000 0.00000 0.00000 0.00000 0.00000 0.00000 0.00000 0.00000 0.00000 0.00000 0.00000 0.00000 0.00000 0.00000 0.00000 0.00000 0.00000 0.00000 0.00000 0.00000 0.00000 0.00000 0.00000 0.00000 0.00000 0.00000 0.00000 0.00000 0.00000 0.00000 0.00000 0.00000 0.00000 0.00000 0.00000 0.00000 0.00000 0.00000 0.00000 0.00000 0.00000 0.00000 0.00000 0.00000 0.00000 0.00000 0.00000 0.00000 0.00000 0.00000 0.00000 0.00000 0.00000 0.00000 0.00000 0.00000 0.00000 0.00000 0.00000 0.00000 0.00000 0.00000 0.00000 0.00000 0.00000 0.00000 0.00000 0.00000 0.00000 0.00000 0.00000 0.00000 0.00000 0.00000 0.00000 0.00000 0.00000 0.00000 0.00000 0.00000 0.00000 0.00000 0.00000 0.00000 0.00000 0.00000 0.00000 0.00000 0.00000 0.00000 0.00000 0.00000 0.00000 0.00000 0.00000 0.00000 0.00000 0.00000 0.00000 0.00000 0.00000 0.00000
